date,SYN01,SYN02,SYN03,SYN04,SYN05,SYN06,SYN07,SYN08,SYN09,SYN10,SYN11,SYN12
2010-01-04,100.0000000000,100.0000000000,100.0000000000,100.0000000000,100.0000000000,100.0000000000,100.0000000000,100.0000000000,100.0000000000,100.0000000000,100.0000000000,100.0000000000
2010-01-05,99.1690731856,101.4523508915,98.3112514381,100.6615672071,100.8308972727,97.9751924037,100.5354241819,100.1188334014,100.8263249846,100.6658958537,101.9745914550,98.7124293959
2010-01-06,97.0039652700,102.1072100034,96.1227668272,99.8588483418,103.8169993125,98.3791141515,99.0219042015,98.2542876246,101.6671958089,100.6883436142,102.9728732389,98.8620060257
2010-01-07,97.4852859698,103.1579547160,98.2003356309,101.4987639156,101.7603266219,97.4720178038,99.6119542414,97.9970053112,102.5410521204,100.2553409416,100.3231393933,102.7901692230
2010-01-08,98.1648296466,105.7868700871,95.6961413711,102.7619511599,99.3572765828,98.1796043527,98.4284360725,100.2057846424,103.1539262894,98.1286960189,99.5461886736,101.5726910632
2010-01-11,97.1246116225,105.9620157833,96.4134436015,99.8678808110,102.0888188509,100.7971550048,98.1645893520,99.7832422826,100.8706907173,99.9677270962,101.9833680397,100.0017062658
2010-01-12,96.8676565815,105.7970596138,96.4512951338,96.9231087030,97.9817290449,99.3357714397,97.7953652888,100.4102561199,100.9550608848,98.1031480996,101.0433530403,102.6637034614
2010-01-13,95.7141231073,107.7675058636,96.3011815373,95.1478701785,99.3434805876,99.2904289942,98.8986685395,101.9021625223,100.0844050400,97.3461351604,99.6734892550,104.8159587108
2010-01-14,95.9949156781,107.7650904489,95.2709097682,90.2069353343,96.7032294497,98.0790756549,98.5115086045,104.2812989905,98.6874842232,98.8508145427,99.3381048776,107.3477629824
2010-01-15,96.4372765127,105.1754712152,94.3285746049,90.3416664911,98.7838426938,94.6555123860,99.5941404866,103.5336871875,99.5394322662,97.9215566748,100.0282107797,107.6336062153
2010-01-18,98.3427740211,105.9161144207,96.3841256240,91.9983950060,96.9473488243,93.7082725788,99.8340849998,101.7350474058,100.6252344686,97.5523325457,98.6339552515,107.0011085180
2010-01-19,97.6874945370,104.7915948057,95.4047986745,90.0423334622,95.4907629289,93.3704060405,97.7982438877,100.0567832835,99.3936419549,98.3546832917,99.3802936437,107.4927335284
2010-01-20,96.8897204926,104.2124455439,96.1991157186,89.6088246668,95.1196034525,92.2036503290,99.5098814827,100.5077108077,97.8528391026,97.3139137576,97.9339172284,109.5257066566
2010-01-21,96.2292626156,103.8529807451,95.1969454188,89.7439944833,95.2080928057,89.5393612650,98.6962971717,102.8993385132,98.1110341216,98.0949942901,97.6364485278,108.0354707046
2010-01-22,95.9164546712,101.8120910003,92.9379051260,88.2200602984,96.8671913562,88.3214196808,97.1758369836,103.4219577430,97.6884225634,97.8383145228,99.7634381208,109.0088468017
2010-01-25,95.9081221790,101.7247312041,92.2545776423,87.7679923008,96.7402344209,88.6594935273,93.6061695342,104.1989990861,98.2732436750,99.7765684485,100.5402395631,109.8554296047
2010-01-26,96.8924417046,104.0189377988,91.1608070894,89.0320666301,99.7471681498,87.1794027156,95.4402846746,103.2891404229,96.6502010738,100.1963128847,99.9173029085,106.7894489053
2010-01-27,94.9383337865,100.9440292861,90.7463223396,90.2884896916,99.2635080499,88.9846853891,93.5102951397,101.8379365798,97.3538881696,99.2138748606,97.0591857107,106.6164937935
2010-01-28,93.1775454752,99.9498112654,90.1209802154,89.4296029546,99.9242661790,85.7368669393,91.1994359372,99.7502755507,93.8464339313,98.3141369281,95.8171124025,111.9142569110
2010-01-29,93.8238570217,99.9648415246,90.7277147750,87.7922181685,98.5086500445,87.0124282172,92.3653959148,99.4498808405,94.9730299471,97.6692388409,95.2028609318,109.2543301163
2010-02-01,93.7577030341,99.5006941640,91.6474796646,84.9581256416,101.3987356314,86.5052081001,92.4650868074,98.6301908780,92.6251949359,97.2489954391,92.6796631025,107.2961078407
2010-02-02,94.3180401645,103.6575641013,89.3570733973,84.2319377356,101.5585830975,88.4751159705,92.1778771311,98.0404105589,92.9376119912,98.7830656975,93.8831938914,110.2529233481
2010-02-03,95.2523353940,102.4859864900,89.1096454009,82.6859731327,103.8161648641,89.6486498004,92.8753465268,98.4924199427,94.5579037502,100.1377023546,95.3122719922,108.0395994087
2010-02-04,96.1795544410,104.5630607503,88.6429548262,85.3864461752,106.5304206322,88.3343280440,93.3483872462,98.8519433727,95.0227023272,98.7304300102,94.7986750222,108.3410247283
2010-02-05,96.9845254460,104.8416075822,88.9623998581,85.9287986573,107.0814786905,89.3069895253,95.1269533795,95.4676710321,96.6636798057,98.4234807482,96.2106948494,110.4023864695
2010-02-08,99.3128850863,105.9516204797,89.5434635319,85.2958526126,107.6876040507,90.9349848044,92.5061188109,94.3962706612,96.6222972516,98.9851093108,96.6073165756,109.6853123132
2010-02-09,100.9378735495,107.0863998925,87.5899191200,85.8534649008,107.2232922386,90.0275363815,94.1233687999,98.2307458640,95.6004417879,98.6081653308,96.5709771938,110.7246808438
2010-02-10,100.1234797054,104.5483490923,88.4739371638,84.5191321852,107.2270952059,89.5233929630,93.5483198049,95.1309779847,93.7576475355,98.3825023074,91.9954020616,113.0504374716
2010-02-11,100.7077878064,107.0724668729,88.3049800885,82.2608443016,109.4164891844,88.2512416999,91.5865493408,96.2884153120,93.4347630913,97.9202996779,92.2771682941,114.3340125576
2010-02-12,99.6809401956,105.5943508163,89.2909330420,80.9258765836,110.4845090901,91.1169861909,92.1771518020,95.3724428621,94.2957106852,96.7792282660,94.3069382416,116.4540773382
2010-02-15,100.6031859964,105.0010484620,89.8754209009,80.0644264622,108.8082585852,91.2471223373,91.4908934203,91.3723956610,93.4978748876,96.7446116766,93.3674613084,117.9273787147
2010-02-16,101.1113133828,105.6976608602,90.2860630822,79.5881078295,109.7515901158,90.1743767534,90.5791909747,90.6697016179,94.4833938880,97.0111496038,94.1972831041,119.0110426614
2010-02-17,102.2788180282,105.7338686089,88.9874415101,82.5938520913,108.9876552704,91.2716547959,87.2373405058,91.8824466394,95.1715365967,98.1197002869,93.6099185770,121.8759351409
2010-02-18,102.8476174865,106.3642961520,88.4248872030,82.8872335408,105.0769955823,90.3431570667,86.1218179287,90.9122625067,98.8146163985,97.2819421497,94.3765085391,121.2573703258
2010-02-19,102.0998525978,107.1456108897,89.3137053558,83.5646915211,105.5464253738,86.8895418691,86.4230949279,90.5279254068,101.0540071441,98.3309878311,94.1931991925,114.4029034307
2010-02-22,97.9429753550,106.7257710077,88.0134399623,82.1237801874,103.5464121994,86.7081865697,85.0483338874,89.9157702461,104.0875425861,97.9036596744,96.0397461716,118.0272339979
2010-02-23,96.2661210991,108.3813502863,87.9558038420,79.7295012671,103.0406703028,88.4907450991,84.8049587088,88.2169754049,103.1203306971,99.4210416820,95.4237373589,115.9729024430
2010-02-24,97.8431223095,109.2478742152,87.1885684266,76.7666274108,103.1154011995,87.3330782456,85.8855844694,89.2002735144,103.8602104747,98.7849189719,95.2308810089,117.4900995801
2010-02-25,99.7699386909,110.7325564347,88.5927694008,76.9206907746,104.7906204680,86.1101577918,85.4008520852,91.0254783712,105.2924907678,98.2276389317,95.2931115923,119.8895613501
2010-02-26,100.5688037964,111.8541982584,88.1787188013,75.5764914338,103.8509443731,86.4033035749,85.4641298325,91.0752554268,103.6749981695,97.4706139934,96.1936318714,116.3499997284
2010-03-01,100.9886285229,111.6336778944,87.7274525175,74.9288790099,102.5589641915,84.7502136926,85.2065108215,88.3713951923,103.4720950430,97.3574296023,96.0170372265,114.3052107916
2010-03-02,102.1643088635,115.2095102167,88.4554434367,74.6426958174,101.6952400258,86.9308418278,85.3193750577,89.4509800653,101.5533023963,97.2781218578,95.9740691698,110.6232256159
2010-03-03,101.6648101141,114.9753393822,89.1027520419,76.0004560410,102.5473346699,87.9207087042,84.2005436325,87.3514980550,100.4062344091,97.3554651748,98.3188282116,112.0300296244
2010-03-04,101.8892722188,111.9234433159,89.0677215661,75.7543004766,102.5559306192,87.2113207551,84.0708898163,88.6148479291,99.7273934725,97.1432307258,99.1139901816,111.3292826499
2010-03-05,101.4733673108,111.7315200025,89.5446786609,77.4756289689,103.4868961781,86.3804958905,84.1699479846,87.5160386622,98.6675007930,97.1050739511,99.4170574862,108.8990128964
2010-03-08,100.4593229827,114.6615032030,87.8286803497,77.9174155266,104.4098574751,87.7101166000,85.8771027117,87.6492428391,98.2551188797,98.5803683888,99.7977298135,111.6765864058
2010-03-09,100.0923363039,116.8874209781,89.1340271547,74.4086614979,105.4571811514,88.6513974904,87.4750194219,87.9480828467,98.7909167344,96.9982474494,100.7680980674,111.5179288795
2010-03-10,99.0931473048,117.7866645529,89.5174293560,74.0842911497,104.6418252436,93.2575528575,88.3851884073,88.9230710916,98.2306744678,95.9019758879,99.0990880391,109.1403384064
2010-03-11,99.4750713319,121.0463548969,91.3439913426,74.7140986928,104.6991218189,95.3012027696,88.9811868456,89.9776022617,99.4298769494,94.3431441800,101.0057586396,106.0617589492
2010-03-12,99.5780393582,120.1990733582,92.0721335165,75.9574348173,105.6946659578,95.0886441933,88.4140100063,90.1737463718,101.2944919502,93.5400649449,100.2117775457,107.8663840519
2010-03-15,99.6976037297,117.9903565255,92.2772436589,75.3394833203,105.1441732648,95.9223681995,86.1914612507,89.1599087657,100.4745342881,92.2408603408,98.1390858838,108.4679470310
2010-03-16,98.6755171965,114.7296991158,91.0561690605,73.3012748001,108.2296219870,99.9243660714,85.2193913932,90.0656472176,103.2294747765,91.3974966937,98.2217793572,106.4005577818
2010-03-17,100.6427117212,116.2218911337,91.2167529647,74.0633013058,109.1408597382,97.9360895974,83.9006107046,92.1053826743,102.7714808952,92.1577810989,97.3262133449,108.8856119918
2010-03-18,98.6741559715,116.8089349152,90.2004078293,72.8078097846,110.0033839694,99.4747902619,83.3568814226,91.7896853326,101.7935037444,92.3985699608,98.1503247607,108.9774669286
2010-03-19,100.3536554160,115.7259013442,93.2293204051,75.7189438333,111.4199720110,98.7303919792,84.4488737864,91.7304282081,101.2749856629,92.9960030464,98.0944223286,111.2359114272
2010-03-22,98.3413911703,113.7603360352,93.3053451030,72.9639120608,112.2989581266,97.3435824598,83.3160673726,90.3241891607,100.1567669143,93.7795561684,98.5383234761,107.4842352620
2010-03-23,99.9485289175,112.5865721187,91.6727895277,73.5603167191,109.8974719774,96.2260090417,83.5997779311,91.6653340564,98.9332564905,96.2893431585,96.4942805280,110.4046800622
2010-03-24,101.2283922974,113.5894669453,91.4055461963,75.8495540900,111.1074495426,93.9015439816,81.8287531769,93.3162306746,97.8492178686,96.5972050745,98.0152957199,115.0634348412
2010-03-25,101.9777585450,112.3269969007,91.5356141120,74.9024899979,108.2778307224,92.8507661329,82.7023423139,93.5611070746,96.8205736047,96.9025562577,99.3725109948,113.7484368071
2010-03-26,102.0576607380,110.5144279781,93.0885146595,76.5396989707,107.4840063050,92.9015074926,80.5245596002,94.3642774398,96.7723050479,96.7833267079,100.3509320771,113.4859156201
2010-03-29,101.3216823546,111.0467975300,93.8742627747,73.4399359718,107.6277056539,92.8190315121,81.9976074463,92.5261813788,95.9177697656,98.5561228860,103.7838181984,115.3507007003
2010-03-30,101.9299914318,110.6796284075,93.3295115093,72.7991273288,106.4556380040,94.1540372816,80.6727492061,92.3273901025,96.8336967862,97.9641568844,103.5893011332,113.3505790164
2010-03-31,103.6929241646,110.4039488338,91.9874739109,72.0873432390,106.8814473879,93.1681941589,79.6440107464,93.4907158784,97.6869028769,97.9859728440,105.4774240454,110.7496085469
2010-04-01,103.3926555440,111.4735743390,89.9740936973,70.9846822229,110.4911499475,93.8992068914,82.4378664951,91.9063506398,99.2018185752,96.4961649395,106.5743337623,107.9202093354
2010-04-02,101.5129497250,111.5677586673,89.0076047009,72.7827274375,110.1218467826,93.9851471327,81.8802601923,91.1190490632,97.0604164651,96.7017226924,107.1510380538,106.8715644300
2010-04-05,102.0338768506,111.7799281121,88.6079515851,74.0306587435,109.5443495202,96.0909004926,82.3901293816,92.5093886547,97.6817755520,96.8248404164,105.3496798704,100.6729041802
2010-04-06,103.1060688631,110.9717476211,88.4201446368,76.6489217357,110.0855416645,96.1836701548,80.0364843793,93.2093270889,98.8562716659,97.4306310436,105.8542341677,101.2823002417
2010-04-07,103.7874082032,110.3876582264,87.6663791495,78.4936243379,108.1233773608,98.3541368590,80.4615381532,93.9755588638,99.4740628751,97.1441853022,106.0508147323,103.8983232614
2010-04-08,103.0111456063,113.3301789224,88.9148103504,78.1831740043,109.8896537907,97.8799781751,80.1302831625,92.8958347193,101.2040181922,94.3295495299,106.8826838999,107.2703954592
2010-04-09,103.4078345940,113.7813735846,89.7632379867,77.2766770661,109.8310927160,97.0329965064,80.0191227733,93.4429554658,101.5459241769,95.1807246066,107.9923510740,105.7769128214
2010-04-12,103.6102483611,115.5086932667,89.6924322056,81.0143309483,110.5121305632,96.6764459134,80.3556864091,92.1825504933,104.4107957460,93.1377281460,110.0108663561,104.7621719962
2010-04-13,102.8079284444,114.8740027493,89.7486377843,81.4047875694,110.6648868235,95.4351178276,81.7943155892,93.0716091666,103.4939366977,92.8757694628,105.8725157741,104.6744161400
2010-04-14,99.6421419319,112.7761104217,88.4378671385,80.4169892326,106.9287939536,94.0137885584,81.4682483804,92.2465284156,101.3879482126,93.0202269186,107.3588321065,104.8011099091
2010-04-15,98.8098246659,112.5256231479,91.6728316768,81.9882630790,107.2560858011,93.7857666956,78.3202471256,90.0047681653,101.9658898639,93.4444018895,104.9662091690,101.7051781497
2010-04-16,99.1179131714,113.3908608932,91.6831294715,79.9015393533,107.2839792257,93.1280680241,78.6165058062,88.1144721522,102.5610543454,95.0285964225,102.8161021540,100.1790657299
2010-04-19,100.4222783536,113.9296958920,92.0368352236,80.5028988383,108.4861970096,92.2162130281,75.1080732481,90.4583391886,103.0908495836,96.4022967479,100.7966478001,98.5192532317
2010-04-20,98.5229557488,113.3240270506,92.0545907901,81.4749586538,106.3961906253,92.5103267442,74.8982744983,89.7558584654,103.3408736435,96.9665009603,101.3720269596,97.6541311101
2010-04-21,97.2243726921,111.8531959182,91.5856734697,82.0228731326,107.9033313015,93.2544983062,76.3818536410,89.3246064677,102.0490201138,96.7297611192,99.8175208293,97.6845100081
2010-04-22,98.2402515421,112.9611683855,91.4640221554,82.6186001987,110.6441574431,91.6716635247,76.2851366183,88.6578433607,103.6186424726,96.8356298846,97.8640785629,96.2547211792
2010-04-23,99.2227905616,111.9993609289,92.7396949435,84.8542103815,109.7929045472,92.5301383249,74.1322831073,86.6477038750,101.2881127538,96.8224708717,98.0581150269,96.7005088450
2010-04-26,98.4188187013,111.1423216913,92.1657375094,85.1184373903,109.9639585825,91.2925563358,74.6507469335,88.3796535387,100.1143923121,96.7974696610,98.1581585542,96.9807576382
2010-04-27,98.8674232735,109.7321024849,94.2880777980,84.5180980442,109.8535694808,90.6562734697,74.5423580701,89.8028320838,98.5084292421,97.7989412941,101.4220975006,101.0831120347
2010-04-28,98.0414829938,108.5531909483,93.7164453501,84.9161759873,110.9837314250,89.4226569175,73.4917887048,90.2220897623,98.6278081413,98.4734468924,100.3244768555,98.7192672496
2010-04-29,98.8329915401,109.1277943841,91.5880340051,84.7186462625,112.3408365292,88.0357180122,72.4150964273,90.7425152099,98.9663550981,98.5532058081,99.6088810610,98.2840181816
2010-04-30,97.3122729203,111.3205479001,91.4906324251,82.4922320141,113.2157768120,88.1162178946,74.3374455507,90.1034387394,99.5041479327,99.7703614570,98.7440885521,101.1379103589
2010-05-03,99.0928175484,111.8503691063,92.9391949245,78.6297599159,111.7964128335,87.9920844809,74.9455622659,89.4882584452,98.6651000840,99.0468976198,100.1090767751,101.0637911380
2010-05-04,99.5199706901,113.0752975873,91.2156381766,78.2853020158,113.5022108543,88.9350368530,74.3920582198,90.7277695758,97.6474001416,99.5831641996,101.7674506579,101.0261318894
2010-05-05,101.4227649913,113.0796949132,90.7249842493,76.0417200223,113.2269700709,89.0807092021,75.1738523741,90.4579187395,96.5185499650,102.3524174963,99.7741839294,97.8092359999
2010-05-06,101.2721074036,113.6568538482,91.4780123361,74.9737501415,112.0463317095,87.7308001642,75.4845389361,91.4857291170,96.2490918775,100.1232866725,98.1006597376,98.2397961393
2010-05-07,101.0319402180,114.6339137900,90.3436791551,74.9633391991,112.8097312149,86.4901557978,76.9303960518,91.4067352269,97.4744590594,99.7832991394,101.9916605734,94.1342894742
2010-05-10,102.3776836947,116.7652900582,90.2114600298,76.3802451199,114.9452019570,87.3180824332,77.3905605549,91.0488624093,99.1140643094,98.3088321179,100.8579918032,94.0916157460
2010-05-11,100.3889332609,117.1062735607,89.8939230806,77.0033175673,116.3396102740,87.9932311889,77.1385728522,89.2975469426,98.6191709136,95.5838409681,100.5711723562,95.3569006303
2010-05-12,99.5419142907,116.3895632412,89.5462393341,79.5191444702,113.5891063709,88.7130143889,75.1787202848,90.0145234362,98.7353074594,95.0208068978,102.1381672200,95.6257530966
2010-05-13,99.1677374272,116.2895619417,88.5095218991,80.3437087266,116.9098088403,86.7275887043,74.0877744361,90.1429383420,97.9594309832,94.2673090128,102.8486160878,97.1049244140
2010-05-14,100.6478901195,119.5197819280,89.5481862626,80.9416086644,115.4927847306,85.5702267044,72.6512704766,87.3816802007,96.5890402853,95.8493575270,99.8772498695,97.2382406869
2010-05-17,102.2550227408,118.9729240796,88.0451228665,80.7069012718,117.7896038199,87.6987105891,72.7922444819,86.6889739725,96.3717120987,94.7313753936,99.1060176067,96.3738761490
2010-05-18,101.6789820108,115.8237480796,89.5139922682,81.1660036308,113.5789150676,90.7412996734,72.9147833795,88.3404474544,95.9815428753,93.6749134587,101.9232920259,97.8977940332
2010-05-19,103.0772791716,115.9500256835,90.3877647443,79.0885352533,116.3727996438,89.4313209743,72.9650047991,89.2064841614,97.9226314439,94.1248915424,98.6624441763,97.9888311034
2010-05-20,104.3123079044,114.3613482812,91.6279948845,78.7076978984,113.6033968282,88.2135047171,74.3820821059,90.8070444915,97.2193985312,95.2683357461,100.6239172869,99.2245266842
2010-05-21,104.0880329406,115.1362471924,89.9579856244,79.8653256324,112.8057903439,88.1258889195,74.3798995798,89.5909979543,95.6202663963,94.2430846507,98.8962982457,96.5356039310
2010-05-24,102.1695685789,113.5692341692,91.6964714709,78.6496083799,112.6369849210,88.2466970460,74.7645396567,90.9533848809,97.6528382686,94.6501554190,97.5642939364,97.6775464579
2010-05-25,103.4063782840,114.8245646164,90.6476563757,80.3222807182,111.0316321963,86.0533123664,76.3020556410,90.6636884878,96.8788881015,94.1920321791,98.3707169690,101.6793334278
2010-05-26,105.4180770577,116.6856045967,89.8016801622,79.5629861701,111.8943061689,87.2450569051,77.3281146885,90.6451927233,97.5653562956,92.6548904700,99.2285862039,100.2841723419
2010-05-27,105.7793026242,118.3637737784,88.5452387829,80.0814703350,114.3399931432,85.0612899355,79.4216099716,90.0664472662,97.1728440253,93.1441074986,99.5013617665,101.0010442897
2010-05-28,106.9213356256,118.1643659831,88.3808563188,79.7597629246,114.3524064837,84.8251005557,78.0752257023,90.9721201310,97.9532932404,93.8703825934,99.1182669067,96.5027072864
2010-05-31,107.7907957555,122.4121301022,90.8839560038,82.1649543965,112.5955520034,83.6549643725,76.4203095992,91.9831161463,96.4497908480,92.6906132555,101.9357458579,95.4937580205
2010-06-01,106.2405778352,120.8685351694,91.5271974129,82.8120521699,111.7635475732,85.1238012316,76.4439481214,92.6870508354,96.9495723302,93.7173347861,103.5616231763,93.2923461601
2010-06-02,108.0568440294,122.3445120467,92.0729888979,83.7925859989,110.1740212845,84.4216179927,76.5958945196,91.8309870272,96.3076133638,94.1695280027,105.1187581297,94.6157665132
2010-06-03,110.4234674698,119.8405851120,94.1598247121,82.6205665716,112.7426257674,83.8783116034,76.2667062615,92.2360473646,98.6263706873,94.2082267168,108.8495074934,92.2936075606
2010-06-04,110.1155088582,124.4478370436,92.5020564432,80.6399373819,113.9546292369,84.1465693230,76.4119310950,93.7197654419,98.1798735670,92.8171908677,110.0929164683,91.8318327096
2010-06-07,109.0928480557,125.7924076207,91.5087649183,82.0295339113,113.5765622336,82.4473711178,76.5988733251,94.3856343487,97.6345065947,94.3211105718,110.0881336360,89.1450528138
2010-06-08,108.0243705283,126.3393281131,89.9436753216,83.4136770108,117.2497054928,83.0620453839,76.8230802537,97.0817556635,97.5573991802,93.6606154415,108.7141871689,88.6382076753
2010-06-09,107.4127664821,130.4927000717,89.8184688775,81.5535602147,116.6851342346,81.7751420386,79.0403664472,99.0180614288,96.2866945386,94.4545832448,107.2377686270,88.5771690055
2010-06-10,107.1187614938,129.7738567812,88.7582109716,80.4271768059,112.3993952622,81.5636965247,79.5609409185,100.7862120443,96.7056624851,94.3736041635,109.3661476192,87.7683655004
2010-06-11,108.6334459055,129.3659113762,88.2484012808,81.8645019293,113.8566707640,79.8122357752,79.3406595168,100.6728590753,97.0857016570,92.7231150320,109.1195758151,88.6888359166
2010-06-14,107.8052104262,133.4100505512,87.6893083579,83.3184537782,116.6992035059,79.6595360027,76.2755710527,102.8411807975,96.2810310440,91.7549985511,109.3347713005,88.3565625036
2010-06-15,111.5043182485,137.0991266993,86.4566147768,83.5202486642,113.7555421632,81.7925400896,77.8407697581,102.4155418053,98.8320259113,90.6195729223,111.6955637273,89.5385657638
2010-06-16,112.7077535870,137.6331248733,86.2225539889,85.7643976831,112.2083652726,82.8488771067,77.9719492441,103.9807983033,96.3200035733,90.2985268995,112.1538467446,88.9262204564
2010-06-17,110.5610368165,137.5230370618,86.2701200068,85.5797873987,113.0168744788,82.7279582098,77.2755871303,104.7407769464,99.0533473335,90.0432910712,111.2863994768,88.5595749828
2010-06-18,111.6754313364,140.6520327094,86.1435116148,86.4911309606,110.6475829384,81.0674270374,74.5646461615,102.3987708802,98.9951375359,90.0555477974,110.4303595834,84.7591001275
2010-06-21,109.3988733897,143.8209129132,86.0808521202,84.2248367031,109.6398595365,79.8948029669,73.4751018078,101.1196476443,96.9569375712,88.7102473713,108.2328212607,86.8927590641
2010-06-22,111.0331892250,143.8687010391,84.8019690312,86.7915833644,110.4790795376,82.8524576196,75.3366393248,99.3820381283,96.6872234925,88.5290557139,106.9159502318,89.4925208588
2010-06-23,111.2141139006,145.9271677727,84.5974790274,85.5816534652,110.2970397178,80.0948839777,74.6369985510,97.9793335437,96.3810377763,88.7329366869,105.6745264873,92.6348411013
2010-06-24,110.7434369940,147.0450851495,83.3893365679,83.5000779983,113.7295905953,80.5773131587,75.7772656620,97.5199059526,96.7284043504,88.5499301523,108.7642637025,92.1401226406
2010-06-25,109.8954406277,148.7161558310,82.1935272358,84.3602088486,116.1624424509,78.8738077086,73.2804373339,96.9515288668,97.5302642322,88.4481364261,105.1575002561,89.3125076947
2010-06-28,112.8106560819,148.8852400199,82.4364584127,88.9772730289,115.9742855274,79.2251522049,70.6752413985,98.2041969670,97.4623316276,89.1277881226,106.2990532184,91.7204266599
2010-06-29,112.9763765632,151.8502788768,79.4826237673,88.5959331470,110.3771480464,80.1485939881,73.2349246553,99.7247217741,97.9157961217,89.0199371089,105.4406519218,92.3450848615
2010-06-30,113.4741183097,155.8018168953,80.5276152152,87.8957277250,108.5415504619,79.8513945324,76.0572964764,98.6607347419,96.3094823695,88.1705129748,104.1467357991,92.8444288333
2010-07-01,112.1794193019,159.7223098613,80.3933449830,88.3525424607,106.1105796439,81.8087494947,75.1822261003,96.5695639671,95.4514415585,88.2879646737,101.4919695803,92.9169170770
2010-07-02,111.6187373510,161.8545525111,80.8393660564,90.1445280973,106.0485478881,81.3829957042,74.8289410943,97.0159223149,97.4265334796,87.4882183067,99.3960838989,92.6996103368
2010-07-05,112.7016781538,164.4409891798,80.9345608423,89.4114898129,104.4812526894,82.5141962547,73.7378538677,94.9978053831,99.0549881274,87.7637419004,97.0273114171,91.6713611972
2010-07-06,110.9688760345,164.9954186370,81.5016309906,87.1583561701,103.8816288369,80.9332976100,72.5806342600,95.2197277013,98.4375663857,88.2284763202,95.4503223995,88.6454423955
2010-07-07,110.0335178723,164.5052275372,81.8065571514,88.8356738493,102.7781384050,79.1378610398,72.6214549221,94.8705038790,98.5251734725,86.9681338410,96.1424143964,89.4643196626
2010-07-08,110.2153668461,168.6165344311,81.9028760589,86.5534104723,102.8496220422,79.4627632988,72.1643748939,94.4936648623,97.0527516997,85.1326322519,97.4748508903,89.9534435969
2010-07-09,110.7686007493,170.6629950696,80.4457934099,86.5752011847,104.7720144397,78.6622254262,75.6332320992,94.6832460924,97.1582294397,83.1023202337,96.7977559408,92.1354611048
2010-07-12,111.7986967117,170.9908999116,79.4765955209,87.3860102169,105.2267461236,76.6182325107,75.8998759604,94.9597389193,96.4205983967,82.2808857048,97.0884331513,93.0546443467
2010-07-13,109.4190101542,172.8290245057,78.2910591128,85.9649229151,105.1785237808,78.3029808441,79.4824177964,93.7848658074,96.8550523653,82.9075714954,93.0418589537,96.9631207815
2010-07-14,111.0127854444,171.8466296197,77.3815625282,86.6727567473,105.1205153795,78.6203794934,80.3472021427,94.4418748620,96.8228385472,83.0570573632,94.0139572691,92.6279505179
2010-07-15,110.7635353245,164.5787901164,76.5969183113,88.1164261132,102.9160395339,79.3753241366,78.4327301068,96.0888450654,97.4210802041,83.1848459142,93.4466942781,92.0253298817
2010-07-16,110.8496859989,163.4889268922,75.4740134811,84.5564688514,99.4976907406,79.4177132568,78.0482174775,94.6445314995,95.2522229117,84.0273179813,93.9632425972,90.4879075473
2010-07-19,108.4306474828,158.7316107912,74.0425871983,85.8908562670,102.6758977249,81.3492436379,77.8164497645,92.7070676370,95.5464911284,84.8285943800,98.0863816521,90.7457051547
2010-07-20,112.2105322537,155.5639791950,75.0355692205,87.8024268677,105.2136420657,79.4540681514,79.7142944930,91.0132138213,96.0590998247,85.0040228006,98.4680165595,93.8264531816
2010-07-21,113.2259137730,148.8833875820,73.3836361962,87.5459524609,105.0840920283,79.3885086611,81.6276356505,89.7319970676,96.6362098622,85.5373748617,96.3042636738,95.5684708476
2010-07-22,113.5316938016,145.9962593126,72.5881611436,88.2123427423,103.5849337406,77.9079475327,80.8891984035,90.1891291581,97.7992870656,85.3694753775,98.9855309396,96.0427475703
2010-07-23,112.7932900923,143.5784338447,71.1361543988,86.4610592555,104.1821254772,78.2997241077,81.5187843661,89.0607273811,96.2253480758,86.2433484666,97.9896121183,96.6313755043
2010-07-26,112.8259796496,143.4206915388,73.3568272634,86.0068049683,102.0710628549,78.1332589113,81.5049182215,90.6572943344,96.3212177904,85.1435642553,96.4775188724,96.1155740747
2010-07-27,113.5046947824,144.5199669315,72.8664350955,84.3217194761,103.9475071551,79.1171215976,83.6042877505,92.5562195635,95.4883536084,84.8228106875,99.0175108992,97.6330901848
2010-07-28,114.3646238838,143.1621343068,74.2952079717,82.2875362783,106.5647162973,78.8901866895,82.1739408035,93.2682594191,96.6018700907,85.5208376170,97.3574016390,96.4306602652
2010-07-29,112.7839380447,143.4803582464,75.5926197261,79.3427119852,106.0785634593,79.0945452118,81.9059772552,93.7157367323,96.7607723495,85.2425051267,99.0202945504,94.4581279087
2010-07-30,111.2261807607,141.4350689691,75.1754662626,78.7922132715,109.2747403093,79.0397317222,83.0308209655,93.7334474845,94.7669887791,84.7724015437,98.3651043092,93.2415743441
2010-08-02,112.3644286320,140.7566076775,75.4592772435,76.6056632180,106.9171030841,77.6660019004,83.7564786630,93.4739285551,96.8280284044,86.4025388197,97.6001911963,90.8602240382
2010-08-03,112.9717867856,138.5123253400,76.5815022552,76.9013804568,108.2342667257,78.8689745592,83.4160835848,91.9029540949,97.2339301333,87.2785891781,98.1361148559,90.0777177761
2010-08-04,112.0202515496,135.2709538969,75.5191213457,77.3819725048,106.4216560360,79.3722608497,85.2582886017,91.3226072979,97.7939763741,87.3609523213,96.0228038469,93.0969218311
2010-08-05,110.8973152728,137.9573081710,74.5819001574,77.3146379008,102.2993191452,79.4790483972,85.4026202227,89.9306896332,96.9808056600,88.5815373084,98.7778499695,93.7635360373
2010-08-06,109.2751555109,135.0616141857,73.8805519483,75.7752180926,100.0148997470,79.3708809808,88.1866759475,87.8990374275,98.3456924290,88.7936402187,98.7663598903,95.4558358085
2010-08-09,109.0148013760,133.8947055699,74.4722716204,75.8237344170,98.1331873500,79.7563229683,86.8967761930,89.5702673550,97.3299431339,87.5523313406,97.6044360951,98.0413326052
2010-08-10,110.8076772346,134.3647142796,75.8448475419,74.6260093612,97.9971203592,82.1573355679,90.1031395976,90.5554784737,96.7213513312,87.7624306404,98.5758485987,98.7100432790
2010-08-11,110.1701457447,132.7883908754,75.5112872128,74.0236787773,98.7134986636,84.1553605347,89.4665844434,89.0621468793,96.5027961264,86.1927479745,95.5868596446,99.5335975013
2010-08-12,109.4246054461,130.5763486663,75.5423309945,73.4057940368,99.5628559116,84.6127943780,87.4510516653,90.6079223317,96.9741089190,86.2445846496,93.7315358077,99.4650358847
2010-08-13,109.9935723423,131.0574091619,76.2680938323,73.8744069469,101.1296580328,84.3199331370,88.7703684736,90.4697011440,95.3198317773,86.2119671269,91.6970498167,103.1864871507
2010-08-16,110.2666183335,130.0278688268,77.2190797099,71.8944445327,103.6134546116,81.7419238481,91.6957263273,90.2112527173,95.2924577289,86.7295427854,91.3953374730,103.9574449843
2010-08-17,109.8136468362,131.1833422227,77.7442243096,73.6242497010,105.0984554066,80.8208119889,92.2234301316,90.8853129231,95.8136448332,86.6441299737,90.6985949110,103.5398332995
2010-08-18,106.9670240547,130.8228908262,77.6786292562,72.6624968419,108.4897893515,82.5132524325,95.1812557411,90.2871072242,96.1663858360,89.6999047353,90.7975519526,103.1527603016
2010-08-19,105.4789825284,135.5824421392,78.5570501521,72.6168229874,108.4346189830,80.3813957461,94.1623976005,90.9505238883,96.2511864928,88.1021572440,89.9488635019,103.9682614897
2010-08-20,107.1664734177,136.5570775548,79.1689230600,72.5784080198,110.3951083200,80.0673709020,94.9654531767,90.3422605334,96.5080359944,87.1827246061,91.9144343478,101.0862118528
2010-08-23,109.8105359838,135.4433741374,79.5390053357,73.7091645367,109.7128438062,78.7152066665,93.1026025356,89.2507219926,94.7533307506,85.8906778386,90.9924717916,100.2828809391
2010-08-24,109.7345058120,134.8419046439,79.6324156726,73.5145076384,110.4223376094,78.7501724982,94.6508955472,90.9882535134,94.2620866876,85.8080784833,91.6105022251,98.2301767514
2010-08-25,107.3647270960,132.2063208038,80.4588168211,71.7523026973,108.9921263463,76.6286616636,96.2570166585,92.6034854265,94.3654939898,87.3491072998,92.6787742121,98.0127090864
2010-08-26,106.0421970952,129.9100266907,79.0763982701,68.9204981129,109.3358822465,77.1928346495,95.9759856526,92.8000381681,94.2987583682,88.1610371175,92.9289801478,96.5897506726
2010-08-27,105.4074061525,128.2096022443,80.5578455629,66.5328070942,108.9591711726,77.5629024429,94.6089535640,92.9627662162,90.7755958536,88.9690092266,89.0470328355,94.2975483640
2010-08-30,105.6130913037,126.7664116788,78.9666692717,65.6061233795,107.7425055267,78.3324597755,94.3536750555,92.7542433240,90.8524060237,89.9514495574,90.9263120469,92.6351692403
2010-08-31,106.4629318303,124.7894325536,79.1270581711,65.9530920418,108.6007575247,78.4858232770,95.0880569455,90.9665472438,90.6840978677,91.0263749773,91.5708121302,93.8790134478
2010-09-01,104.8846470663,126.0237682830,78.8891121865,66.2286979587,108.2384644524,78.2843036970,93.7481917882,91.2333349857,90.2315798496,92.3710564399,93.1280599070,93.5902331706
2010-09-02,103.3987137721,127.7069583872,79.3287450726,67.6119038030,108.9011148174,78.1072758010,95.9581411432,91.0600230585,90.9975245484,91.4040286611,96.7116104104,93.9716565589
2010-09-03,105.3835134428,126.5976861718,80.6973084751,66.8072124119,109.8389804599,78.3144079721,94.5930430875,89.6569976279,93.5646619687,90.2509027793,99.1999714169,95.9272748316
2010-09-06,103.0758838525,125.2033512281,80.5479345749,65.7976284782,108.6023893389,78.5487278289,95.2417143662,91.5930137684,93.0356377468,90.1263228758,99.1691954152,94.5695598458
2010-09-07,102.9778914066,129.4922546687,82.3616730355,65.0991720380,107.0521485183,79.5404416704,95.9176511393,88.9196582638,94.4831819777,91.2604836462,98.8100830460,95.6143519181
2010-09-08,103.6650574117,127.5131417101,84.3838547441,64.3757020586,106.8571678932,78.8057953119,97.1210016230,88.4838336868,94.5805215237,91.7966484600,99.0210124720,97.6232853346
2010-09-09,104.0076364006,127.2296515507,83.4627965821,63.0506512087,109.2561564959,78.7370141828,97.8261564678,93.3618088808,96.0176396296,92.2242905731,99.3459745498,97.6913061047
2010-09-10,104.7624263149,130.0650368763,83.3452939971,62.6593779508,112.4668352113,79.9765988810,100.7525030162,92.1829155043,95.1682845213,92.2070783451,97.9916540457,97.4229392101
2010-09-13,104.8087070982,129.6487789503,82.9425559361,63.6149318168,110.8622539811,81.4379979611,100.7192564563,92.6671800326,96.2076063283,91.7907823966,97.5198217441,96.3075578572
2010-09-14,108.3414648442,129.9939636874,82.2569956791,65.8363650872,111.6002605588,82.3379346181,104.1239692206,91.9892455729,95.6247272796,92.0160150532,96.8559726813,95.3777696994
2010-09-15,107.7349144494,128.9866282935,83.1262696462,66.8594239533,114.8057957350,81.2617624671,102.9347739042,91.2743800546,95.8185446288,93.1155365788,98.9419930527,96.5008366501
2010-09-16,107.8460291657,128.2469277026,82.3139663041,65.7284933536,111.8386051149,81.7169913114,104.0297878686,89.0303777121,96.4479970834,92.5439061793,99.4279895998,95.6955882745
2010-09-17,109.0328752559,129.6738063757,83.6329044323,65.9602649741,111.7470426570,84.1516882738,101.9461566321,89.5929332236,98.7345203587,92.1687710800,99.7499882531,95.7374480126
2010-09-20,108.7958378306,126.1228955685,82.1433162353,65.8454500251,111.7601250156,82.0053056582,101.4999338538,88.5890353680,99.3149197557,91.8059316521,100.3188757645,96.7912846785
2010-09-21,107.1417785403,127.8629218446,81.8510361645,66.8837994758,108.6046156206,81.2476665785,99.2480656648,88.9109443383,100.7400026276,93.2802143812,100.5711506423,97.0861230269
2010-09-22,107.3727075764,131.3242999698,80.5176187955,67.4360282145,105.7860922543,81.1666231408,98.2048428608,87.2759317466,98.6298824222,92.8041867925,99.8146739810,92.1984788306
2010-09-23,107.0146762285,130.7475866527,79.1711736861,71.5710288074,105.5975903700,81.2694746509,96.9419091853,85.6021764632,99.2707146537,92.1797162011,99.2328639414,89.6055563699
2010-09-24,106.9628249012,129.5781811172,79.5006978320,71.1973466025,104.7957807846,79.9188131609,98.3745060072,84.5468612673,99.1235555684,91.4851820182,101.1037131171,90.5057198088
2010-09-27,107.4622694953,132.7014698127,78.0840557809,72.8819082764,102.8132895710,79.7000470699,99.8286311033,85.5596333230,99.8316164466,89.4333945524,100.8941037342,91.1310378489
2010-09-28,107.6332515565,130.7573837823,77.3341785880,74.7685683935,103.7658993011,80.0207726592,100.2739160566,83.6655969826,100.8406833645,88.7189714210,100.4521312203,89.2253685431
2010-09-29,108.7459772155,131.0550604349,77.1015289868,74.8040836538,101.8316158727,77.1758331340,102.1377169567,81.3459706429,101.0436738042,89.1163241088,101.5988906732,87.1916093012
2010-09-30,108.7948136903,129.3388243506,76.6973555244,75.6212196503,101.6428179994,76.9592762948,100.0644498861,81.4118243312,102.6565391259,88.9420916784,102.5726759309,85.8610941521
2010-10-01,110.6055784314,131.9094172226,76.4938060837,74.4408430056,104.8703687025,76.9639452917,100.6622695092,79.5096374645,103.1176321485,89.2683096589,102.6742272037,86.0930809961
2010-10-04,109.9616422960,132.3670746446,76.9010289531,74.9515202289,106.4573920858,75.9688972104,102.0324788528,80.8337714082,101.6998282273,89.4016690356,101.9202763130,84.7819535474
2010-10-05,107.5536264098,132.3598000058,77.4598060209,76.5342974203,106.4592330455,75.9001661095,100.9586130077,81.7023421835,102.1963944629,88.4820113781,102.4078785273,84.7547333407
2010-10-06,107.9539864393,131.0094067737,76.4249526968,74.2915925716,107.5876980389,75.8827888840,98.5612913434,82.5852064885,103.9922658018,86.9943662425,103.6148366923,87.2008570611
2010-10-07,110.3151959962,127.5615572156,75.8761027248,76.0202236710,111.1710512077,73.5788926446,99.3689022217,81.6663681092,103.2249176110,86.6617820102,103.6403144891,85.3670450193
2010-10-08,112.2452471654,128.6542916807,77.7945185659,75.1264336637,109.5570113692,74.4958346122,101.6983865135,80.1491820256,106.0395089192,86.2168522692,102.2461807462,81.9196683439
2010-10-11,114.5412801974,129.7560641842,76.1720557312,75.1685922008,106.7946310952,73.2075926230,100.9521327289,79.1740329787,107.0946015919,86.0000613373,104.3818943036,81.9823142902
2010-10-12,114.9830044019,127.7919339505,75.9689959540,76.4702265606,105.9261668118,72.8013534745,101.9197535365,81.0348646423,105.8973346828,85.0481730784,102.1107532002,83.2442332679
2010-10-13,117.7947924173,124.2139186294,74.3885965184,74.8902928435,105.4762677511,72.7865821894,101.0688283848,80.9802765439,101.8337946553,86.1297900975,100.6547393143,82.9082430641
2010-10-14,116.5402320427,126.7148654228,73.6143845777,72.8277690012,104.3650644174,75.1253216081,97.4510301977,82.4365043472,102.2313164141,87.1216741779,102.3924517217,83.2965232905
2010-10-15,117.1452197864,125.9484433993,73.4544776806,70.8933518534,105.6831189230,73.5769403003,97.7507550636,80.2080514146,104.1845243160,87.7355859111,101.9463128172,87.7391424395
2010-10-18,114.9407455715,126.5908928793,72.8471036693,71.2993094857,107.4536441563,72.7906440617,95.2289547324,79.3985207656,104.7486252323,87.6941075163,99.3828653711,87.0208383366
2010-10-19,115.2529596862,129.2903676436,74.4467159449,71.2891265283,107.2846264312,73.9385790828,96.1185009163,80.2111335402,104.8080019551,88.0150638507,98.8637678433,88.2259956726
2010-10-20,113.5468169178,129.8253390715,75.3677025687,71.5587788874,107.2507621261,73.4380822647,95.5088152382,80.8605059205,104.5444481995,89.0902669757,98.8655172320,89.1744974800
2010-10-21,114.8823819980,131.2326397499,73.4331991835,74.0504665829,106.5245466817,73.6000908419,97.0295217166,79.5154284060,105.5960680877,90.4981664785,100.7184706257,90.3578263645
2010-10-22,116.1722400919,129.5289862912,73.5326169939,73.4744097260,104.9813545171,74.2060385173,98.5575036905,78.5414280133,106.7299965215,90.0586547163,101.7132339688,89.4139158384
2010-10-25,116.2214100172,125.1555140273,72.8873850317,74.1155239038,104.8233797664,71.7064087665,97.8855065136,79.5534216895,106.6116633951,89.5334892554,103.7813725720,88.1548978515
2010-10-26,114.6662379100,124.6395913438,71.9402282379,74.1351866802,103.8657983639,71.5568836123,99.2787504422,77.6774870493,106.4135376690,88.9590451746,102.6691832877,85.0806510903
2010-10-27,112.0072802004,125.0874839120,71.9528867048,74.5720965854,105.5869023781,70.8399954894,98.7258740307,76.3917052056,106.5363156466,88.5232259284,101.0290448051,83.1796040141
2010-10-28,111.7779791673,124.4113579326,70.6758268649,71.8432014961,105.6479597746,70.6096080604,101.0243740419,75.5473991330,105.9704654559,90.0289832238,101.6777128004,87.7646189996
2010-10-29,110.4419077093,123.7618608619,70.4313807526,71.2640154834,106.0648502882,71.9336736344,98.5971223248,76.0689829513,106.8308733536,90.3464497667,102.9260096149,86.6240392022
2010-11-01,108.8579198456,123.6178728180,71.4480643925,70.6941041351,105.4460071296,70.6557336518,98.4521810872,74.7557214453,107.0057127892,90.9084436635,103.9625858291,88.2747428758
2010-11-02,107.7903015116,124.7472366912,72.0906242033,71.6799052912,106.1816383555,70.6603767875,98.7135876172,73.0363436193,107.9988603534,93.0310920007,105.0304431361,87.6299008397
2010-11-03,109.3605716610,122.9289402714,72.6932204136,71.0887502594,106.1493060263,69.1512419349,99.9957945377,71.9852539059,106.8259532672,92.7166113798,104.1298337861,89.2518221640
2010-11-04,109.6262758995,123.8016629918,71.5211337032,72.2502498893,103.3999936351,69.8545485503,99.2268585553,73.4033041681,107.1046709753,91.6765235057,103.5816029688,90.6150963466
2010-11-05,111.0144030942,122.2046097347,71.5194065818,72.3741353377,103.6346098912,70.6742729179,99.3775776166,74.7879122899,105.8898177597,92.1789233658,103.2322964721,89.0492120292
2010-11-08,110.8503144466,120.4269098540,70.3624460259,73.7286014343,102.4827222568,68.4337669983,99.2838912168,74.2835416668,106.7528590404,92.3458687443,104.0790204726,88.5399415302
2010-11-09,112.6040612667,121.2160643103,68.6233301757,74.8959200539,102.5324617344,69.5365676870,100.7937327022,76.0209022542,103.6131485582,91.1841612991,105.4872338517,88.4415682826
2010-11-10,111.8423590305,120.7077439375,69.2118293496,73.9590429451,102.2137385000,69.1610419305,100.3311887587,76.1594582994,107.3146109195,90.8617624480,106.2604121329,88.8575342420
2010-11-11,113.8546952957,123.1356525463,68.2245653375,73.0104276843,103.9096732727,68.6439613442,100.5401200958,78.0595714092,105.0640480319,92.4477052063,107.7709592894,90.1239426594
2010-11-12,115.2222120234,124.0220290226,68.6239529894,73.2828189508,105.0268053601,68.9247418945,98.6338155248,76.7571749632,105.0055207208,92.7933487113,102.8552781136,92.4608391958
2010-11-15,115.3797161687,122.1461635405,68.6082003129,72.2406801264,105.7037466626,69.5383195618,99.6967827913,78.1181782813,104.4500204196,93.0278554230,101.4771492224,92.8005647036
2010-11-16,112.8651411037,120.9922637389,69.1384865957,70.7384719045,105.7908691461,70.6306679471,98.0609399431,77.5535633373,103.7541476331,94.1691573586,100.7048739774,92.5160220573
2010-11-17,111.7972106771,124.4138832253,67.5175482399,71.3850356357,106.6045828477,70.8956077557,100.3486896718,79.9971917705,102.6745144644,94.2210288768,102.6385045308,89.7144586612
2010-11-18,112.5590034039,121.1226917590,68.1011579558,72.4695937797,107.1495157647,71.7816490625,100.4838567715,81.4026477451,101.6607834063,95.0007335611,105.3916533660,91.7452911782
2010-11-19,111.8028897009,123.5542628929,66.5460364614,74.2163643525,110.6989018394,71.3450576912,98.4694895959,81.1797347664,101.1281755890,94.6242486828,103.9256796112,94.4249187414
2010-11-22,115.0075275158,120.6507960442,67.0195771516,76.1319909530,111.7384549543,72.8096934554,97.7950202905,83.0663212445,99.0848916228,96.7823440743,104.3083240303,97.6912015019
2010-11-23,112.0448565110,121.3766477876,66.2615764795,76.1178644715,110.3438405358,71.9705478001,99.7184018569,83.1949119751,100.9575394353,97.8688163293,103.8512419504,98.6933824944
2010-11-24,113.0763364982,122.1430958530,66.8193637534,77.4727825354,107.6137633419,71.2209243159,100.4046547766,83.1975991881,100.0683069820,96.7687458754,105.4695136755,99.6380399470
2010-11-25,113.0924431642,122.4381464867,66.8237146483,79.1870997328,106.8355858817,71.1694062252,99.5170527289,82.4680996641,102.7671445600,96.1889851964,105.4418339425,101.0525318707
2010-11-26,111.5900755100,124.3639486217,67.2222208590,76.5217829693,106.6646254449,70.2261173658,100.3628904657,82.3373553481,99.6600824916,95.9547219164,104.2259093337,99.9508842472
2010-11-29,113.5700105986,124.3936860940,67.5916988929,75.9904133347,108.9286848780,72.7693851772,96.9786613907,81.2769114510,99.2557028084,95.4272249612,102.0760127201,98.7603760029
2010-11-30,115.5241601525,128.7943296878,68.5552456440,76.0170563082,106.2970920885,71.8032592493,98.1407457498,81.4646044297,98.1660670434,96.2910102141,99.2140557318,100.4506798265
2010-12-01,116.0087688205,128.3904154640,68.9501749246,73.3434486149,103.2884691562,70.8917667136,97.9413926666,80.8962146084,99.4860959153,96.0028066636,98.7113808470,98.0491149417
2010-12-02,116.9939725093,128.4610776980,69.1353928581,73.5474354431,104.4250669272,72.6908429360,98.3176410615,81.1229888069,99.5758913099,97.3619993295,98.1736125141,101.7483483112
2010-12-03,116.9309801121,128.9650258494,68.6381508668,72.7200469838,105.3467312077,72.5514732371,97.9144170766,81.7196228290,97.1657820704,99.3708416522,99.1564165526,102.5740711248
2010-12-06,119.4197201869,131.9850266358,67.9127533058,72.0254660046,104.5369898678,71.2271571029,97.7482089270,80.4889756704,99.9643778936,98.2997429341,97.4470140999,103.5796565913
2010-12-07,119.9043978821,131.2748645081,66.5456762592,70.6619263273,105.1539959350,70.4185404111,93.7175537376,82.0020302179,99.1578580470,97.5996196641,97.4914262999,108.9073347642
2010-12-08,117.7916512693,133.4916576908,66.5525279471,70.3464604548,109.1272340996,70.6517076391,92.9551626596,81.0526055826,99.2361153824,99.4917520927,95.5035891660,105.7817244962
2010-12-09,114.6319191168,134.5608130231,65.7680642272,68.3003474901,110.7421243359,70.8000126632,94.9373869282,83.1276342197,99.1349016535,98.5670137637,97.0680163527,105.1999124759
2010-12-10,114.6152863682,133.4738382732,66.6492352570,69.7995726962,110.8177736077,69.4935641641,96.4752134309,83.9597812746,99.7772913831,100.3442125699,97.1089000105,105.3195175035
2010-12-13,113.4479933123,135.4762912263,68.2196714567,73.1575400275,111.5346835517,68.7129629985,94.4657213418,83.5052796806,98.8790921987,98.5348051361,95.8045713920,105.5681993399
2010-12-14,114.5955053483,135.7476886170,68.1319149104,72.7109196554,111.9733058761,69.6566251769,93.8312191307,83.6435097628,98.5397090900,98.7420981790,95.4491933610,102.5545761250
2010-12-15,116.5273625436,137.9726351615,67.6191544641,73.6760921920,113.6634989518,68.9263397966,91.8634374135,83.2617980342,99.1531255002,99.4250061825,94.5307156854,100.6526574985
2010-12-16,117.8259364356,138.4333954686,67.8176569493,73.5516922357,116.1256384449,68.0073422317,92.1300157816,82.8049759585,101.2255475055,100.9516287873,94.4049905575,101.8755537625
2010-12-17,118.0350190869,135.5483234576,68.0041804336,73.9219791439,117.4702844173,68.6140398194,93.6479026013,84.3971929390,98.3952335852,100.6488888575,93.4360572844,102.8561832830
2010-12-20,117.6277464948,134.8433188234,67.9931645563,74.8937581452,117.9108446015,68.1076445289,93.3401321663,82.2386817079,98.1589950095,102.2511914857,94.2677165547,101.7677215567
2010-12-21,119.9858165422,133.7033842597,68.2484385386,73.3397460928,117.8534970288,67.3846091372,93.5848988914,83.1418639293,99.0831938018,102.4798210234,94.1063776707,101.0413715457
2010-12-22,118.4628087412,135.2686155971,67.9755752998,73.5810758191,118.2666248753,67.6943015428,94.6725211076,82.0252306198,98.0809690069,102.2480106416,99.9727031436,98.7920168653
2010-12-23,121.3720656642,134.3619883898,67.2381273322,73.0412454410,117.0218300181,68.8762758495,94.3545571356,84.6211561293,96.9734919718,100.5902912546,100.9699165116,99.3403271141
2010-12-24,121.8010326003,129.1635622917,66.2690203015,71.5235116435,115.6788073589,67.1167396347,94.0709684462,84.4527845425,97.1214010617,100.0123917110,104.8542092371,103.2617373908
2010-12-27,121.2695191444,129.7340325696,66.2243766427,70.0431258988,114.1282652294,68.3228109903,93.6037474468,86.0459008794,97.0203820578,99.3903188313,104.4770803312,104.9306379881
2010-12-28,121.4493026880,132.3862599949,65.3061041834,70.6814865331,115.2728560194,69.2223728445,92.6145107850,85.8714326600,97.5676944721,98.8900876522,104.1224140822,103.7416531496
2010-12-29,120.5123348691,132.0925801928,64.7306060432,69.1870416113,112.7594808543,66.7877559257,93.7051982789,88.3230636351,96.5706830240,97.7620874958,105.5938393722,102.2609581086
2010-12-30,119.7589411070,130.9385276079,64.1817153754,67.8367269381,113.2753274543,69.2201125188,95.5024061756,89.2963689969,96.9193326365,98.8232397408,103.5126124028,106.1056483378
2010-12-31,121.5000834233,131.9872225555,63.7067508838,67.5299423781,115.3160816390,68.7351178391,94.9059373504,89.5583606349,97.3317699369,99.0034723717,104.8041223466,108.9913144591
2011-01-03,124.7826011469,131.1036799617,63.5050638401,68.2806282248,116.4891970184,69.0658673966,95.5232638253,88.1748903558,98.4975704734,99.8099878935,107.8659244125,110.1059779145
2011-01-04,123.4301492520,131.9154998635,63.2599508879,67.0709355297,113.3719012925,69.5551558060,97.4949875798,91.4883202292,99.4749511921,100.1959207763,105.5318956970,109.7859887657
2011-01-05,120.8891804808,131.3862057240,63.6573041151,64.8907084066,111.4362856217,70.0448230607,96.5336495312,92.7307231015,99.5722338848,99.0501034124,105.4531737837,109.3754705762
2011-01-06,121.4742748758,130.1490554637,64.0785143145,64.1767030322,111.7417182484,69.7064734531,96.1079254269,93.0682349801,98.6624896897,99.9566629844,104.5343480698,111.5650903703
2011-01-07,121.7854310435,132.7196773827,64.2878991525,63.1933388939,110.6592867303,69.2323073352,98.3404186151,93.8101599083,100.1049330493,98.8709612502,103.3968294178,111.9906003478
2011-01-10,123.2081218274,130.0057499648,63.7215657520,60.6227460658,112.1268712338,67.2094405831,97.6607335738,93.4324280024,100.2303982728,98.3705478117,103.9430399659,107.4930314202
2011-01-11,122.6411089540,128.8381743791,62.6477420717,59.9586309716,109.6137170080,66.9753403143,97.5971151920,95.3721407746,98.4034418724,100.2966121959,104.7232140461,108.1817128583
2011-01-12,124.2446531403,127.7560934105,61.4443192907,59.2563842886,110.1701359128,66.7500737054,100.1621399976,97.7886931144,99.6613301605,101.0271483150,104.2266319757,107.2145029347
2011-01-13,124.1835514416,128.8014685230,61.1324927989,61.2012516293,109.3990038339,65.9785579406,98.9091853224,98.2256490535,101.2559035034,101.4735733349,105.2988420254,106.5612480756
2011-01-14,123.4519316598,129.2716363246,61.5861926076,59.8349421246,110.4612923105,66.0839833953,97.7905374887,96.2590691282,101.4993989093,101.8362822982,106.9248696828,106.5134236685
2011-01-17,123.5638570481,129.8522991834,61.3829252720,60.2945039706,109.4064330951,66.1581534617,96.1784871791,96.1308910865,101.8385463571,100.2756297932,104.7714760932,103.6330445917
2011-01-18,124.3878811203,129.3420058693,61.6929758154,61.5703346848,109.6751844638,64.9913711490,94.2274391343,94.8986618958,103.7567700540,101.8489493432,104.8836613676,105.2999871089
2011-01-19,123.7928209273,130.5996410841,60.9280238670,62.0154694676,108.6950745543,67.1133589298,94.9252770376,95.5059755230,101.6741360536,101.9738282495,108.5314951554,102.1222748102
2011-01-20,123.1003404239,131.0016457639,60.1256149124,62.0729752451,109.6696495039,66.0640531327,92.3745999512,97.3820964590,101.0186430101,101.4220309503,108.0728522281,103.3005984680
2011-01-21,120.6862513328,131.2970409543,60.3262134845,60.3716881002,107.9936098676,68.4336671426,90.5544168988,96.8097523950,101.1924756548,101.7799453299,107.4819432729,105.1654037430
2011-01-24,118.6293480231,134.0228993021,60.7717412472,59.8750761458,107.2906413152,67.6765808157,88.5008895382,95.7108646032,103.6726247453,101.8176876754,107.7351721015,105.3717577314
2011-01-25,119.7346079960,133.4402505432,59.1823042574,60.3843745877,107.8639519772,69.0213169333,87.1716374454,92.2396010114,103.0338099612,103.5710154675,108.0899396614,104.8281519604
2011-01-26,121.3243502977,132.6586169024,59.1577714271,59.9768764335,107.4339168583,67.0158894498,85.7556985443,92.2230541852,101.6273724070,102.6218029264,107.0615150709,104.3540330914
2011-01-27,118.4264541875,136.9738771446,59.8611516417,59.4290759297,108.0869270815,65.6918165354,86.5007901034,93.2594349890,101.9315550914,101.7872711995,108.9122829251,108.7666223822
2011-01-28,120.1753218833,135.2532417141,59.3983912299,59.1289470129,109.2410374750,67.7469645834,85.4682903304,94.1707980377,102.1141077938,101.7097367170,110.2353476908,108.6591889722
2011-01-31,119.9921964785,136.6660172445,58.6900479253,61.5707263739,110.0306726698,67.3791827261,85.0066098239,94.9676756777,103.3810183199,102.3237793548,112.5516616832,104.4044074620
2011-02-01,118.4359153610,136.9557996406,57.8204179640,65.3174474507,110.3726704002,68.0631081617,86.7791270629,92.6213652362,101.8939557950,101.6686843944,108.9439916844,101.9013927380
2011-02-02,119.8225943953,135.4859772338,58.6764430837,66.8681852618,108.4738028241,67.7046127580,88.3327976583,91.8746323619,102.3894777460,101.8078795480,106.7046774392,103.0393705759
2011-02-03,120.3193377094,136.4927378829,59.1415199495,66.0035219123,110.8659077624,68.7532580266,89.4957756894,93.7224468956,100.7485297806,101.3640283957,106.1485445260,105.1168329952
2011-02-04,121.3802495226,135.8401851060,58.9781353380,65.9949511297,106.9715004425,69.8595780058,89.7517916754,94.6999019085,102.8984536103,102.9563994002,105.9764492632,105.7990617750
2011-02-07,120.1653957617,135.3328127509,58.8420157543,66.8734917980,103.9076918951,71.6093578200,91.8280113163,94.7715913876,100.4494797634,101.9792892798,107.2423125098,101.5195647343
2011-02-08,121.8118956070,136.1409447645,58.8401082448,64.7560132887,102.9050587114,70.0838963113,92.8919949366,93.6402490007,100.7327157915,100.2756791152,106.8653076896,103.2257645720
2011-02-09,122.3475685649,137.7731727217,59.2474249626,64.7053545947,99.9103157099,71.4112370854,92.1654379984,95.7333601304,101.6959589650,99.8184200752,106.7186103554,102.5818835574
2011-02-10,123.3806879335,136.1476252712,57.9736412222,63.7675878208,99.2616330987,70.2641248915,88.4454019447,94.4323521919,102.9783302081,98.2099077028,108.2322142648,103.7003299075
2011-02-11,121.0067959626,137.4138977913,56.5908681774,63.5718315915,98.1050348541,70.1764326196,89.9591049062,96.5248508644,103.3243273384,99.3609617550,108.0313694984,102.8663113565
2011-02-14,122.1747413085,136.8629070900,57.9119920961,64.8495280514,99.0097551187,69.1830772421,88.0770453977,95.3532112272,102.3465679708,98.4537978124,108.3859897990,103.2182111387
2011-02-15,119.8815441897,139.7804521125,58.0669847499,62.6411090425,97.4435855248,70.9329685971,88.6721900752,97.2122787033,99.2428148370,97.7943411115,105.6531555061,102.7228140183
2011-02-16,118.3660025987,141.7612048033,58.0189009254,63.6869903758,98.1831540043,70.2824748187,89.7005756081,96.8110085501,100.4919394019,97.0972129334,107.1135285679,106.0944320325
2011-02-17,120.0790086426,141.8386771732,58.4249493179,63.5347280320,95.2597825001,70.9572164498,87.1909382731,98.1303877177,102.7252170547,96.3958751710,107.1435606516,103.8456617950
2011-02-18,120.3022860541,140.0454549143,58.3788738918,62.4055095657,95.1480127511,70.4365475804,88.8359622922,97.6281812683,102.3890311121,95.3440129772,109.4424993085,106.1037954942
2011-02-21,121.8068916246,137.4426121086,57.7891988740,62.6453185573,97.8295314010,68.7557934611,90.4056798365,98.9236604359,104.2242931248,96.0172938177,111.6646079195,104.7757753719
2011-02-22,124.7694611296,137.2611880918,55.9998172547,61.7252415148,96.8517882407,71.5622741837,89.9009759379,99.6397531404,107.1528879807,95.4261727562,111.4094164843,101.0532273348
2011-02-23,125.9891547133,139.0810374405,56.0252427777,60.3530833812,100.0836818096,73.5119403529,91.7311610391,100.5173470254,103.3465173133,98.1921312033,110.2280928549,103.2799006856
2011-02-24,126.0306586350,138.9823766363,56.1107464604,58.1978025571,100.9517389549,75.2715009543,90.5800966600,102.5556785243,102.4907584873,99.4671169587,106.8956937832,102.4650694604
2011-02-25,126.4831168248,141.5179301897,55.8212549763,57.0775626970,101.5940758729,75.9122404206,88.7517947977,103.0764004229,101.4401704115,99.1644829937,106.4324704615,101.9989494290
2011-02-28,125.4743417679,143.9719735372,56.1752722375,57.3367360224,98.7653245495,77.4131018311,87.3132926037,103.9849422213,100.4694516114,98.7759095236,104.2210979742,100.5286040250
2011-03-01,125.6162344778,147.8174293430,57.3718465320,57.5143729836,98.6604632507,78.8140467843,88.3046362388,106.7789187613,102.2498476136,97.6769101362,103.9257558844,98.8828396313
2011-03-02,124.1729578099,146.0550725676,57.2979743009,59.3994318223,98.8266967233,77.8166224583,88.8279395828,106.5782457101,104.5732909938,97.8508033626,103.5169741479,101.2000842160
2011-03-03,126.1680304209,144.6507080732,58.4489728224,58.8791686441,101.6916945977,78.2364763331,89.5948965280,106.0563967453,104.2417953043,99.4461752545,104.4698090110,100.2619102898
2011-03-04,128.0620724530,143.2798617052,57.6037052745,59.6662448926,102.7509076725,77.9679184953,88.2335700551,109.7060388505,105.8367104059,99.2525427197,102.8702010068,99.3626565659
2011-03-07,125.9308696736,142.8445513410,58.2502814884,60.0990298643,102.6229962694,78.2744651683,89.0537619838,111.3203544651,106.9685647627,99.2603097590,100.3323297623,101.1793618313
2011-03-08,128.1750103880,142.2034534127,57.9069367797,59.4716445996,102.7310640719,78.6077834310,88.4554190757,111.0092463584,106.9605480637,99.4847158844,100.7320003718,101.6992668458
2011-03-09,126.4874981913,144.2738750841,57.1630750839,57.7515306287,103.2190945813,77.1035273884,87.5181238183,112.6490977077,105.8027674617,98.5090500004,100.7184722042,105.0819080409
2011-03-10,130.4433714350,145.2977245781,57.6298360156,59.3041624385,102.1358869271,79.1907861420,86.7334858122,109.8197786000,102.6258413981,100.5634000651,100.9991985455,107.3935044784
2011-03-11,126.7908659889,145.9935329446,58.2270182582,58.2200887527,102.9924125087,80.8502129597,84.6906897939,111.3624450296,102.3242045558,100.6832048505,101.6236961900,104.5277899365
2011-03-14,126.6773375114,149.0534942534,56.1036524219,57.1303869010,101.8382718514,81.0574313589,85.6295263087,111.1484449136,103.0552536742,99.3916406804,102.8851820137,101.6325330251
2011-03-15,126.6923434890,149.5177153356,56.9653536758,55.7242839022,103.1703492999,80.7657792655,81.6138123971,112.4976169092,103.3793101171,101.6629401027,101.1476687183,100.1487126749
2011-03-16,127.9927107943,147.0267303334,57.3092056766,55.9647486965,102.7626174982,81.8473226757,84.8826336614,111.9445471185,104.6036440014,101.2769136755,101.3663315270,100.2390997591
2011-03-17,129.2201274743,146.4861371733,56.9936143825,56.6593446485,102.6012936755,83.1727216092,86.3525255048,112.1133487796,104.0977045526,101.7711746520,100.9791183972,98.0518471116
2011-03-18,128.5590312405,149.6925593401,56.6928983033,58.0712174038,102.6877760665,83.2483684120,86.3855674922,109.5759639022,106.3418276624,100.7945404947,101.9327978582,96.4552841518
2011-03-21,131.4466723579,150.1849343134,56.0232468643,58.5610404674,106.8864344523,85.8788405643,88.6899670393,109.8617831428,107.7071486103,99.7923320588,104.3611943376,96.2041813439
2011-03-22,136.2967934254,150.0281533350,56.2489210732,60.8755242351,110.2412134290,85.7595940742,91.1816539810,111.5027384470,107.9288516793,101.1395224835,103.8042915677,96.7470490628
2011-03-23,134.2074530476,152.8511432527,55.8151308877,59.5538378046,111.0923774088,86.9209168889,91.4698711971,110.3783354880,107.4534041001,102.3493309262,102.6854305241,96.9766519257
2011-03-24,134.1334410527,155.3940890302,55.4377917626,57.6922287272,111.7273009279,84.9279756222,92.9639775727,111.4735946235,105.3930660150,102.8654643116,105.2167499684,96.8558617847
2011-03-25,135.7845173642,153.6761749154,55.0193930979,58.1983961927,109.1730088899,86.0533206944,93.7543258594,111.0145268041,106.0433363886,102.0676428672,105.3750376375,94.5648939167
2011-03-28,137.4982822366,155.0389817350,55.4645936827,61.7691249364,109.8690277383,86.7238674577,93.0102541605,113.5028508273,106.8979128164,102.9014636308,100.7291150174,90.1689127908
2011-03-29,138.5888917085,154.2166530690,55.0913095721,60.5884670167,109.7664595605,85.4594452877,96.7453962892,113.5655362259,106.3466502830,104.7890758617,99.6416067358,87.4767688909
2011-03-30,136.5477822151,154.3235939524,54.8720275805,60.7845823697,111.7489285750,87.1665974143,96.3521321153,114.3229321463,106.2969015034,105.2323819012,99.8348451948,87.7037365024
2011-03-31,134.6932755366,155.1462725237,54.6080052526,61.3540568064,109.4787339511,88.2655334817,97.2014673677,114.0069088110,106.0604793953,104.6746007986,98.7966506045,86.9798828210
2011-04-01,135.2056119019,153.8099879538,55.4552671934,60.8544063360,114.1822842601,86.1730379341,98.6669782652,114.2053964370,108.4275037371,102.5072181017,97.3496474074,84.2595826479
2011-04-04,136.1869429839,153.6730393337,55.6275602174,61.6178612732,113.5003610757,85.6002356697,98.2848132228,111.2454364829,104.9775333243,103.4059900145,96.3292831792,80.9852847033
2011-04-05,138.2395055281,152.7491969266,56.5048989109,61.6747608482,111.5127561298,87.0985088842,102.1541079086,106.3139471905,103.9181502203,100.9630937625,96.0139373291,78.9685158765
2011-04-06,136.6830940570,152.7384216997,56.7090842119,61.4178834785,112.1497597456,88.5598944702,102.8556226563,105.3989449097,104.4134183943,101.8560456049,99.3091966806,77.8430690838
2011-04-07,139.0431683312,149.6338395508,56.0829267748,63.4002068934,113.6758005106,87.8008788629,102.6189273851,104.8540413475,102.9830482879,100.5058369840,97.5535298701,76.3460341970
2011-04-08,142.4504131828,150.1356919261,56.2172263598,65.0293723850,111.0212948545,88.3173187039,99.5445646914,105.5836754047,100.8699103579,99.7137830563,98.6795474728,76.6201196772
2011-04-11,140.3765838374,147.9724424819,56.8385858279,64.1147854009,110.8322664450,86.7390692935,100.1680179933,105.7757316404,102.7781414031,100.2261516928,95.7913491008,76.1136175050
2011-04-12,140.4002939411,149.1536484676,55.4376617349,65.2690458855,109.9839952172,87.5779614882,96.3130478639,104.1918484416,100.7059733567,100.4014110200,98.1681718988,77.2180588718
2011-04-13,140.7290471879,147.8294640199,53.4287677217,66.3898469510,110.6001053925,89.0988854488,94.7245102642,103.6360208195,102.6723325626,98.6139076945,96.4390193363,77.8558120018
2011-04-14,141.7268246975,148.3840298631,52.9577229281,66.9350681812,112.6430062348,90.2140440521,95.6229943530,105.4464739739,101.5334936015,98.4078236816,96.5102077951,74.8071998036
2011-04-15,140.2262505676,149.5117175836,53.3073010090,65.0759446633,113.0413907080,93.7540133610,92.6454665213,106.9774125516,102.0986727234,95.3512841285,96.7358235528,75.1603935138
2011-04-18,138.0640056904,148.4883973558,53.2716723735,65.7941041764,111.6894314922,92.3327844685,94.3800735826,107.2056464722,99.1885791432,97.0087140292,95.7651029011,74.5987064143
2011-04-19,139.1639770714,145.9452461473,53.0044590015,63.3217432084,112.4283892402,93.9344381466,92.8414654535,107.5559301373,97.0573133585,96.8520215490,97.4647914443,73.5109445793
2011-04-20,139.3210786429,144.5291681121,52.6686720840,64.0662230150,112.8898302466,96.7864517515,91.9406988892,104.3852114883,96.2235335271,96.5324807190,96.0323959780,73.8332144317
2011-04-21,142.7765477970,145.1351575366,52.0174296652,66.1742331717,110.6002963548,96.1677154257,92.5102159369,106.0425430381,96.9372496740,95.8617157086,96.2582262888,73.5847645011
2011-04-22,145.8506778949,144.5014297177,52.0957241147,66.4566534267,109.5698150059,94.1774080939,92.2401106341,102.6574218686,96.4666268999,97.0306117709,96.8763181587,72.9639710490
2011-04-25,145.7650181924,141.8616936345,52.5372082853,66.0557910427,108.2241355881,94.2297612401,93.3423652028,101.0742661014,95.0773910375,95.8078263321,98.0454248806,75.0624600448
2011-04-26,142.7880271686,144.5500711814,52.0103674964,63.7821596189,108.1559339179,94.2691550474,93.2031836140,99.5273387320,95.1131852239,94.8090405934,101.1801143315,72.2064528574
2011-04-27,140.3798557670,145.1751208111,51.5766823944,62.1258966724,107.4779473301,95.8053916319,92.8448665717,99.4638125442,92.9764271581,95.3129288826,100.9918582249,74.1921418393
2011-04-28,141.8889628845,143.9671286246,50.3764507003,60.0314058337,106.3689001173,99.2919838619,90.4587634380,99.9603219770,92.9330933708,94.5905645274,101.0685591060,77.5968549862
2011-04-29,143.9029415081,143.7307875487,50.3881651328,59.3795208708,102.8031979545,102.0761578041,91.8604483893,100.1898011525,92.3107522893,94.9489243869,101.8826035619,81.6806200454
2011-05-02,143.2266761679,140.7880799574,50.7969860150,61.7106213195,102.4501958653,98.8290191738,92.9530787787,98.9827612871,93.6420657544,92.8222402082,103.1343383870,83.8242494201
2011-05-03,144.6216867987,141.1371782023,49.7066580025,63.3321353292,103.5836607589,101.7617144748,97.6875524215,98.6755878014,94.6324193320,93.4629098500,103.0077007428,84.5285550885
2011-05-04,143.1552080570,140.9604207695,50.3740490664,63.6528010018,104.0714227660,101.3674204157,100.1955363133,98.4441735654,96.8386242455,93.7967662305,102.8666417847,83.0758202758
2011-05-05,141.7258011809,142.0029194505,49.2275732430,64.9278927930,102.3377269234,103.1215168912,99.8100953976,99.3040754354,100.5982298379,93.7066416119,102.7827257147,83.7711938240
2011-05-06,141.6339297275,144.3942807199,47.9949135332,66.6710215002,102.4510717651,106.6960967372,100.2040831500,98.8768441250,98.3608736728,94.3288262495,104.0293364938,85.6289816804
2011-05-09,138.0705992210,143.3712737177,48.1771407886,68.8772216784,104.1602206472,107.6255703120,97.6154823684,100.7531882172,99.0424044715,95.2554362987,107.2837438353,84.6425987249
2011-05-10,139.0340057950,146.3193137334,47.2271771183,70.9382048636,104.0996322657,106.7503579960,98.5877950849,99.6036295465,101.9559370194,95.3718500314,109.2714311084,86.5958959333
2011-05-11,140.2057715686,146.0539489745,46.8066966721,70.8853049014,107.4299157477,102.8648603703,97.1346482194,96.6964808644,100.9111549882,94.0670127285,113.2899307779,88.6941900707
2011-05-12,140.2169397370,147.6372363015,46.7633104809,70.4135669547,108.2558180233,104.7918582571,98.6594405239,96.8331596462,98.6975807569,95.4253494044,112.7466089631,88.7899871566
2011-05-13,139.7244264977,147.5118446026,46.4532160732,70.5677248893,109.7998373161,104.0921806518,96.8016989212,96.9409576556,99.5915979873,94.9834948000,110.7375001023,91.8141407963
2011-05-16,142.9979842232,146.6092846757,47.2937926609,74.4826136250,111.7763036085,105.1232753948,95.7428808591,97.6761375414,99.5286624844,94.8820401399,110.6574920113,91.8696287582
2011-05-17,147.4530013348,146.5439505646,47.2520343679,76.2561136498,111.4343203359,106.7699580025,96.3292345120,95.9475087457,102.9870332000,95.4616532119,113.4261718484,94.2422209297
2011-05-18,144.5168421500,146.7751517639,47.9730188388,76.5392981793,113.2148856177,108.8070862806,97.8496171580,94.5975166030,104.0221193125,93.3328325706,110.5852851057,93.9984878158
2011-05-19,144.0939782202,146.3025227661,47.8654576899,77.9783867645,114.3793142783,105.1953327000,95.2479572137,96.4165313318,102.7473425990,93.6434079825,112.3121960907,90.8617460120
2011-05-20,144.6173008722,148.0044471561,48.8984056196,81.2730471555,112.1898878537,104.5246791834,96.3490898255,96.3042669773,103.6594279557,94.6849403609,111.9583551814,88.2399619182
2011-05-23,142.5265884545,148.5282540833,48.5040025452,82.8491783776,112.7106360335,101.5948312547,97.5969434293,96.4244096121,103.7890258367,95.2990132531,113.3791815493,89.0027715913
2011-05-24,145.0942828537,148.7578936035,48.3848754196,82.0756466095,114.0105227273,102.0771995363,96.9088876697,95.5886764333,100.8625835285,96.5719321943,110.3890663545,89.1234163356
2011-05-25,148.7241265506,146.3526271150,47.2624956178,81.3650295160,112.6577462909,103.4132925697,97.9639983706,97.2897392434,100.4403552092,94.5776001924,110.8064899256,91.6616250877
2011-05-26,146.9981315362,147.8395096500,46.9437539044,77.7238194968,110.9088473763,103.6476590727,100.9588370802,95.1854535680,100.3193200602,94.7199519316,112.6715263336,93.1973829868
2011-05-27,148.2604960784,145.4620344104,46.8722365573,77.6468530278,110.6664890604,103.9941455921,99.7779616005,95.4694281986,100.9531776653,93.6533547434,114.2203300244,91.1462925327
2011-05-30,146.9809459475,143.0942423859,47.2883288930,78.0936422265,109.2727091981,103.1408808019,97.0924226042,95.3890443721,102.4794478454,91.3307885574,113.9117440256,89.2468993067
2011-05-31,144.6353062832,141.4256669343,47.4373447558,77.9433488539,109.8994978423,103.7755219937,96.8778616309,94.0531475740,101.7846356227,91.1241985653,114.6260669275,90.6411856652
2011-06-01,145.2521423175,139.7442814238,46.3437658601,76.0111081823,109.2977206243,102.1535495236,95.9339560526,93.8751016125,102.9513160384,91.5017653232,118.2207928063,89.1129037127
2011-06-02,145.3751685997,142.2192437349,46.6368987673,74.3398737976,112.3115055203,105.5943867322,95.5157895883,91.5218612137,104.5506793363,91.9488414405,120.4873776689,90.0166784765
2011-06-03,146.0846691858,141.6082167601,47.4442503284,75.3195128344,114.0646720966,106.4611140553,94.7300551857,92.3602767593,103.9433415699,92.4511931705,117.5873972727,89.1932051966
2011-06-06,146.3666716098,137.4727410187,46.7849213689,75.1191513676,111.6270594458,106.0032197858,92.7223063932,94.4682949343,103.9181139127,92.0019318190,119.4098752517,87.2429076328
2011-06-07,146.0809020200,135.5655651748,46.4560351176,73.9614219964,113.8175129578,106.6018829503,88.1723667430,97.1274195561,104.2613914639,91.4773587026,119.6323066435,88.8448993675
2011-06-08,145.6549626840,133.9970428675,46.0940527944,72.2080112896,113.6481905931,106.8422229825,88.7713564050,97.4547595441,102.3187047996,91.7109313856,118.1122696261,90.6269957220
2011-06-09,147.2086513646,134.8323022178,46.3012656883,72.1344939357,114.1190660153,104.9327947549,89.1505515765,93.9508492446,100.2800793574,90.9912396882,117.4497898411,91.9560095046
2011-06-10,150.1716326939,137.4213717302,45.8541245561,71.4434114337,113.9081903089,107.3782798193,90.2536220395,93.6130268753,98.8407930353,91.6233229246,116.0986306647,95.0450775342
2011-06-13,151.3059245810,140.5140238103,46.0796781673,71.7845021406,117.2830662822,110.8052858271,88.6071096990,90.8374223770,99.6525482621,90.8049165905,112.9512650424,96.6123906445
2011-06-14,154.4079216527,143.0673214499,46.1355468301,71.3034482892,114.2095339083,109.5870140570,88.6917230616,88.1012717179,99.6966195134,91.4170341256,112.9182023134,96.3189001852
2011-06-15,153.5891707553,138.7133207344,46.4800659893,68.7495539537,115.0404443358,109.4077766000,89.3200663634,87.8510416423,98.9791247137,92.4868933236,114.1507792041,91.7612605668
2011-06-16,151.3971652829,137.5025680429,46.8483940023,70.6904801225,113.2319469021,110.2722104447,91.6731405203,86.0434255967,100.2531086040,92.6811539660,113.0363209051,92.1943224058
2011-06-17,150.4367033851,142.1134816815,46.3338106720,70.7325993721,112.8223772652,108.4701692693,91.7816041637,86.2710031187,99.6389139322,92.2970290079,111.2653191440,91.1094800423
2011-06-20,152.4893677185,136.7036570476,46.5957412725,71.5754765550,112.6377133463,108.3554837965,92.5005168745,86.6511022720,98.3955923045,91.8472228165,111.0528330745,91.7843656708
2011-06-21,150.7519077501,137.6047836673,47.3090344699,68.8477526162,111.0439997881,108.7262969674,93.7016761878,88.4987708761,98.8161261191,93.8921651543,112.0241595375,91.8601530395
2011-06-22,149.1617386315,138.2888903111,46.8600990584,67.9414233706,111.7056478704,108.2302660562,92.6585742169,91.2838746958,96.9710860653,94.7500938290,112.2319233108,94.0497892831
2011-06-23,148.6644923870,139.3548685007,47.1770430578,68.5062378798,111.6529380024,108.8097817103,93.7563031697,88.4458201834,99.9364304359,93.9434218143,111.4119097671,92.3547767178
2011-06-24,148.9480912636,141.4273879461,47.0473286635,67.0727012743,113.1493966521,108.6822226988,92.7070422300,88.1251093283,99.3673964963,95.0035800294,113.7962944525,89.9699144814
2011-06-27,151.5682876148,141.6793796539,46.0814458355,67.0025963364,110.5043624402,107.0089614619,94.2530288640,87.7617468343,99.3358090770,94.6528970594,117.5075803383,92.6325304055
2011-06-28,151.6531011806,143.2368701511,46.3551588916,69.5132329315,109.1836521179,107.2483818379,95.9868244782,86.6937773035,98.3664531866,92.1811479753,118.7972284684,90.7175743761
2011-06-29,150.0253458745,145.0457576003,47.1586077047,68.2735669019,110.2973094442,107.1811663115,97.7361600748,87.3599072784,99.3822645369,92.3015137027,118.4354672087,91.1298248915
2011-06-30,151.0903203217,142.8977497534,47.1612086359,68.7892478990,110.9137960005,111.3825468515,96.7693619919,88.1513211879,101.7178954185,93.0862633951,119.8261230935,90.5201346174
2011-07-01,154.0311337358,145.7658009446,47.6620827926,70.0011857384,112.7472925323,111.8899225265,96.6423330507,89.5835738148,102.3972196504,92.8606311224,120.4760804566,85.7081569793
2011-07-04,154.5132388834,147.2455299521,48.0363739940,69.9360792164,111.2964587576,114.0787095678,96.7021883989,89.2378921158,103.1499721197,93.3577192706,120.6343489977,81.7206040455
2011-07-05,155.3267839240,144.2587809968,48.1933219823,71.3667412416,109.6491830352,114.7582396879,93.8812680257,87.6247451948,101.6810844204,94.4842349511,125.4798686227,80.3544832478
2011-07-06,154.7687514804,145.0112151956,47.9873306190,73.8705764898,107.3968952938,114.6565077116,96.3260211197,87.9384162799,103.2682253046,94.3203457167,125.6961607530,81.4034893235
2011-07-07,153.4961439543,143.1461748931,47.7538925574,73.6615677698,106.2077810716,113.4399001389,95.8309115362,87.1972610047,103.3008145265,96.7777247755,127.2616088962,79.5243311030
2011-07-08,152.1185437302,145.9494142910,48.4115278305,73.4390402673,104.5187671872,112.4398786027,97.2528799281,84.8127471480,100.3543322878,95.5532159522,124.5265648461,78.5301146162
2011-07-11,155.9798762306,143.5771198734,47.9601762319,74.4280681442,102.2124411143,111.5647956050,96.4920888939,86.4980406100,101.7924821733,97.5635778550,123.7811268780,78.0039321584
2011-07-12,158.2636583536,144.8695564084,48.2779950900,77.1704320091,101.6813295408,111.5419515639,93.8742193728,86.9298737664,103.5831116279,98.3537897202,126.0041605517,75.9316141609
2011-07-13,156.4638528202,146.3420933827,47.9510679960,74.4362456724,102.1996747169,110.8009593750,93.9222706741,87.1648409154,101.7677960371,97.2537992150,128.7276889751,74.9321027735
2011-07-14,155.9646700352,142.7330204747,47.4219773266,72.2594125425,101.5646118409,110.9509229518,91.7265649256,87.2947188328,102.3078936507,98.3632220621,127.6002661601,76.6552999478
2011-07-15,155.8807292265,144.3860517991,47.5445465774,70.9485110793,100.7697149169,113.8811636134,92.7231784498,87.7688392493,102.4242117822,100.9437034935,126.7460363410,75.6397485049
2011-07-18,157.1952383262,143.4363495137,48.1414466195,73.0359511547,99.3157302438,113.4164239139,94.3102754486,85.5461429905,102.6220970062,101.4208703300,126.9202257863,74.8397063420
2011-07-19,157.7751051566,142.0455678658,48.7983113867,69.5408851926,100.7236693044,114.8709108485,91.5928315036,85.3540035965,101.4600434963,99.6662525723,128.8785967457,76.3636886493
2011-07-20,154.9857939713,138.3085901718,50.2927408163,69.5311298825,100.9640737730,115.6077298416,90.5075388607,86.5741819409,98.5375285138,101.9782774528,128.4630827954,74.4458133114
2011-07-21,154.6545773572,135.2952419645,50.1917761199,72.9812995854,99.1907238933,116.2223331459,90.2287458791,85.4724704534,96.8286213128,102.9611588413,127.2800733326,76.9274145252
2011-07-22,152.2362618242,135.2611823557,51.0025616779,73.5018325861,98.9982933293,120.6697295732,92.7466196336,87.4178053916,97.2514189142,103.1595625931,125.6126139684,74.3197172855
2011-07-25,150.9757587406,134.0412957136,51.1797292186,74.2276594590,98.0082145234,117.0233838089,90.7837641726,89.2215499119,95.1550301325,104.8928953724,125.2733849955,74.1397371495
2011-07-26,154.8319016123,132.3585472395,51.3292252567,75.4481325407,99.4339357382,118.7232670533,92.7002670128,88.3041434634,97.4474936861,105.0790330085,124.3114268630,73.8986970290
2011-07-27,156.2673069306,136.2882130662,50.3873485969,74.8331596980,99.3185749729,118.5450696579,92.8522081503,89.2918447154,97.7793732017,102.7096747829,122.1389836990,75.2449459826
2011-07-28,154.5632758882,137.5094077828,50.6309633635,75.9839877981,100.6928260853,119.0911675086,92.7015043484,91.2784348604,98.7499866225,101.9313149055,122.1402577936,78.9374764424
2011-07-29,154.9802400314,137.6194967100,50.9293257977,75.9926886374,101.7455877656,119.4072669053,92.6616512919,90.9241410067,100.1987870893,100.7902514039,123.0901399860,78.9098845350
2011-08-01,153.8912046003,137.6168888688,49.9850777467,76.2228189511,100.2610515918,119.8274120135,90.7798575808,90.5267150064,99.0270089960,103.5920757841,124.7387687035,80.4030684111
2011-08-02,150.0615798976,137.9497625826,49.2568422850,75.3227528522,100.0380295810,121.7564687873,92.8995949012,89.5935646954,97.1413993706,102.9131039345,127.3162648137,82.1410548397
2011-08-03,151.1560971554,139.3036729607,49.6338796101,78.8817921499,98.1752428093,120.6674487797,92.3968366414,92.9914308819,96.9155863620,102.5370585617,125.0826331484,82.2268548378
2011-08-04,147.7848405701,143.5742622522,49.4063363688,79.8299395410,95.5920003646,119.5529547334,94.7795259219,96.5001131248,97.0279976624,101.8914353483,125.8271604924,81.2576769092
2011-08-05,147.3141677711,139.9826856105,48.8614516730,81.1577566360,93.8704716269,119.0422176475,93.3478599482,98.9819178031,98.6072551782,102.0331414462,127.4356650806,83.5151063735
2011-08-08,148.8688611669,143.5207603399,49.3758643376,85.1815661334,93.1961117788,119.7780373993,89.1951028296,98.3991927274,99.2634340974,100.1206187411,129.7349271388,83.5899971326
2011-08-09,144.0635975505,140.9061060291,49.0913500056,87.6487270990,91.4358096233,119.2053434354,94.1824320376,97.3847833352,98.6681104390,100.5256017700,133.2879846343,83.5638040881
2011-08-10,148.3357530558,141.1062859015,50.4856920467,87.5305894586,91.3215078209,118.4349779895,94.7612111743,96.8188592630,97.6280679283,101.7887330074,133.8152972616,83.2683720426
2011-08-11,148.9580836332,144.2895911692,49.6191755805,85.9679829150,90.1709280830,119.3932433245,93.6383849022,95.7723777258,98.8025189832,103.9230010191,131.4656691407,85.1517142471
2011-08-12,151.0167324262,142.8380696355,49.5485257555,88.2382899635,89.9604728964,120.5034087042,92.6237970887,93.7592734266,98.8987536912,105.5350856973,132.1948896028,82.2413092561
2011-08-15,153.9739483702,144.4671491389,50.2359404629,88.4442496590,92.3357849248,123.7226921367,91.0379482748,91.3384049442,99.3511425050,106.8633745162,133.2936038306,86.9768734108
2011-08-16,154.6470002066,145.3583318727,50.1246992109,87.8223477640,91.9419946729,122.2638105711,92.5881251947,90.3250621634,100.1365471893,105.9789683918,133.2801857560,88.8524124853
2011-08-17,155.3205426536,144.7811641236,49.6877010888,89.5369345313,92.3221927582,127.2787802062,91.5189679972,91.2878497861,101.2615296207,106.2837152215,132.8056166625,89.7905869092
2011-08-18,154.6682163260,143.6098335844,48.8384972799,93.6481796498,92.1906402403,125.9024159790,91.7125118710,91.0859468933,100.5611330270,107.9415114997,133.8705479479,91.6205470862
2011-08-19,154.3665621669,140.4781126715,49.9228294739,91.1214662302,92.8754980636,127.6037535220,89.8490577731,89.5465302818,98.9152836525,107.0609402813,136.7852907520,93.5968496521
2011-08-22,154.5594014267,141.1902330189,49.5659341556,90.3695700810,91.8456800029,126.5483325636,89.9618737945,90.0112653374,99.5250901960,105.5903537387,138.9837335547,91.6455571111
2011-08-23,155.2721117318,140.5634089924,49.5105823473,91.9690636611,92.1854870034,126.8173208155,90.7631661315,89.3533247121,100.4054068158,106.2865480342,141.6520190088,93.0646842907
2011-08-24,156.9013659833,139.7104827436,50.0323185331,92.9280128562,92.4242142957,128.1547555194,89.3294282767,89.8845796686,97.4561509582,107.4797754719,137.4739153790,88.9960328581
2011-08-25,153.3155316220,139.9431112977,49.6234975607,92.4064147549,92.0047496381,128.5821260045,88.0418802309,91.3638289762,94.7907211234,107.6773241160,138.3040471527,89.3756564175
2011-08-26,155.0592981986,138.9230666117,49.6854600059,92.6700745965,91.6022466495,133.1999978537,88.2523424985,93.2266427800,94.6099407644,107.6529730908,139.8719385869,87.5554120593
2011-08-29,156.2662973982,140.8124048894,50.2178905355,92.4726202032,89.9292805110,136.0327632838,89.9828127677,92.7722966535,93.0713410675,108.1009994568,144.3956742635,88.4513968268
2011-08-30,156.0060012870,142.8134498066,49.8821225031,90.8020737793,91.8250891912,131.5424841569,90.0709305083,93.0487981857,92.7668518772,109.6307032675,143.7613693966,87.7962045982
2011-08-31,158.0274949205,142.6641681638,50.5656051356,93.6276524113,92.3086234602,130.1390943920,93.1209268307,93.2471558602,93.6574003301,110.3146265512,144.6710613884,88.5973304732
2011-09-01,154.9414848841,141.9439618550,50.5348871937,91.7843381621,91.7804322608,128.0243517153,92.8704266534,91.7628878959,93.6068978754,108.7201266728,146.4496637052,86.0368539952
2011-09-02,157.2517629814,141.6388237386,51.0348588268,89.8182585169,89.4005552228,132.3406726059,92.8194560771,90.6842157936,94.1854396618,108.0880412381,151.4052334953,85.0187928835
2011-09-05,155.3020812577,141.5011896430,50.0371706874,90.5451448058,88.9087196082,135.6064311708,93.5259126706,90.3952788124,91.4359329657,109.3548655752,150.3369949167,85.2072615965
2011-09-06,154.9177366871,144.0248839054,49.1749200446,92.7882394540,90.0794628983,135.5107359471,94.8392608426,90.4100139450,92.1849817048,109.0919041446,145.8704272250,84.8210847045
2011-09-07,153.4222320149,145.6818272874,49.1651155614,93.2940628965,89.7343888400,134.6534440014,93.7868884792,91.8005560269,89.7628134114,108.8907552894,142.0624696032,85.0061251950
2011-09-08,153.3668272606,148.4994107387,48.8294141559,93.6060697535,87.3113277525,133.0668350671,94.1454965388,91.9482610728,90.6504053750,106.7601986517,146.4642505630,83.4731732724
2011-09-09,154.9457369219,149.9436666092,48.7017111628,94.4342088403,86.5954758677,135.5619181810,93.9440244405,91.2576621507,92.6701145353,107.5990021256,145.5454511334,83.5435304759
2011-09-12,154.7793069644,146.5270482374,47.9680675885,91.4861270843,83.7480028102,138.5529105986,96.3757855168,91.8748987501,92.7231567171,106.8948757540,144.1226021461,86.3374619408
2011-09-13,155.0711462535,149.8229986911,48.3974145330,93.5727475738,84.3426685330,136.9819522743,97.5829354383,93.7740000627,91.6498253536,105.7341017373,145.4182244634,85.4476013706
2011-09-14,154.2553003764,152.3951560554,49.1709149134,91.4600993140,85.4801144001,138.9706201974,97.3327071382,93.9860462827,90.8909686201,106.4417948751,143.9953807825,84.9467770446
2011-09-15,156.3347668993,151.9527423711,49.0267571221,90.7864678873,85.3529630446,139.3908302942,95.7830722049,94.9602541993,88.8962920020,104.9731487077,140.1400296839,82.3869007510
2011-09-16,154.9765282652,153.1155891910,49.5281071684,90.2683713712,85.0763145632,141.6094340221,95.5135853526,96.4644306341,88.7193469686,105.1287903565,140.0507582197,81.4296507220
2011-09-19,153.5397794983,152.5703445302,48.8041363517,86.3543396772,85.1573458277,145.3748444443,94.7398604507,98.5919685905,87.6548266664,103.4856675342,137.3681745616,83.3168246009
2011-09-20,157.1769096499,152.8734153909,48.4778690088,85.9032398749,84.0767900334,147.4943069711,96.2997430406,99.5590330869,86.9995996894,104.8853789933,136.0538395905,83.0624805808
2011-09-21,155.3045218333,154.9435497471,48.8998345806,88.9705736396,83.7439953650,143.3655972468,97.8156859885,99.9779996422,85.9886520569,105.7343321636,134.8990123446,84.1581664857
2011-09-22,153.9664809592,151.6006361051,48.7551470380,89.3162583457,83.1908688005,143.4494920620,97.5139102385,97.6408742760,84.6943148661,104.1451276002,137.1225396563,83.6413395154
2011-09-23,153.3340542232,152.2189652737,47.9753843272,92.4994939808,82.4066031681,142.9519758863,97.9006581071,96.8680100282,84.3630501065,103.6869792704,139.8230365411,82.6017916740
2011-09-26,152.9840892471,155.0878302420,47.5262660319,93.0578774032,81.3279640064,142.6397529685,95.7513503772,96.6741912176,83.1611208341,105.5621163126,138.9180128449,81.4083330558
2011-09-27,152.6607810950,156.2018638069,48.0049627264,92.6641313969,81.1142302149,139.3072410339,95.4843907605,97.9890078003,83.1097029854,106.0278008271,139.1415375922,83.0962580683
2011-09-28,151.9602056241,158.1259263867,48.2119421957,93.5463924325,80.8981281098,137.1932767038,96.2059481984,97.9288271675,81.2739799301,104.5346499664,139.7676766524,86.3592402248
2011-09-29,151.7456927527,159.6782560534,48.2834404389,91.9822891828,81.8943331120,136.3178997323,94.1299716849,98.1766788070,80.5916827280,105.0863732682,138.9613852940,85.0877302823
2011-09-30,152.4767710456,155.5087577559,48.3309923000,95.3532032359,81.4607390505,137.8439065158,92.6368965356,99.4992083156,82.1689039257,105.1897785426,138.4216292824,84.1485832966
2011-10-03,152.1750478097,156.0714132120,47.8384617175,92.1652538087,79.2624841245,138.5943029185,90.7770591957,100.0166467087,81.4330445166,103.4906206186,136.7401361588,85.8138055735
2011-10-04,154.7863378703,160.3011751617,48.1185789087,91.6360704206,78.7945208582,140.6318098598,90.2124035182,99.1572656565,80.6986139267,103.0261343821,135.3465269958,85.2085395764
2011-10-05,153.8986128670,155.4206387714,48.2728683199,86.4989875931,78.6883578971,135.8854795528,89.7913182749,99.6100278460,79.7845448380,104.0093610030,139.7858120346,85.3854369610
2011-10-06,153.9540333105,154.8549572296,48.8019815053,84.6850341054,77.9359388914,135.6881369327,89.5301662622,101.2270600265,78.8260891322,106.1418987830,141.6118112716,84.5329412487
2011-10-07,153.5965941306,156.3131632900,49.6279492384,85.9451144316,78.6235404663,136.7032578982,88.7352560629,103.1429151060,80.9067134049,106.6250438870,141.4096011403,85.9756033471
2011-10-10,154.4456158937,157.8627689949,48.4719135030,83.1817418866,79.7035288287,135.0200250619,87.3351125796,103.4743678983,80.8657987488,104.7856507442,145.9510767502,85.5319215242
2011-10-11,157.0474644414,156.4326045033,47.6114434363,81.0078280660,79.7249837505,132.1616563129,87.9188282930,102.9470429864,80.6337468960,105.1485795779,144.5939558371,83.6675371751
2011-10-12,160.7507381635,154.4783322642,48.1119186315,80.3511366295,82.9559933679,135.0366254716,88.3697670011,104.1841732338,83.2265022482,106.6505593946,144.0426221356,85.6435136150
2011-10-13,160.1823166148,157.1307240578,48.0208238994,80.7128262634,83.9511243324,138.0288216815,87.7541033429,106.1872208608,84.1913731932,106.6615020835,140.1041743795,85.1344411608
2011-10-14,158.0691591750,159.0556891924,47.6533031051,79.5937373928,84.4427475795,139.5371825638,86.5937692354,103.9975272355,83.1210609747,107.3986275225,136.7499390760,83.2834048364
2011-10-17,156.2384159516,154.8660565733,48.3352094237,80.0449345145,82.8253276008,139.5028030287,85.5482577107,104.6273567334,83.7702631169,107.2379732351,135.1685279229,79.8934409316
2011-10-18,153.3189171357,156.7190236339,47.6331220508,76.6565225836,85.7000913022,138.9402354790,87.2274598634,107.8890221683,85.3260680341,105.8437569790,135.8897501388,86.1073868565
2011-10-19,153.0596344876,156.7037582355,46.8294663275,77.7486451777,85.8686684382,140.8221374036,85.7165445936,105.2154173135,83.6079080510,105.9415986834,136.9276642750,83.8586521814
2011-10-20,155.0902340000,154.7232141494,47.4690893639,78.8986675196,84.8874047708,143.3149225278,85.2683384686,107.4112544827,83.8925753887,106.6474684013,136.2724330543,84.3816434007
2011-10-21,156.1726141406,151.0963726851,47.6011731967,75.6331947215,84.5819030494,143.7598990709,84.8501656447,106.6820785956,88.7797196654,109.0785866384,142.3055712446,82.9860636657
2011-10-24,153.7297309293,152.1232551780,46.7885111650,76.4356306439,85.9161362263,143.8158695050,85.4382064140,106.4348222126,89.6967135985,108.6579349273,142.3346878611,82.1806484221
2011-10-25,151.7628320834,152.5843986172,46.7988401225,76.2927975978,86.2084681851,141.2205191583,84.4478951072,105.1649311805,89.2973838334,107.8190582554,143.5278420979,78.1695520117
2011-10-26,150.7281447427,155.9727160709,47.2202376184,74.2726369330,84.4374518536,146.8323351628,83.0741828423,106.4609032698,92.8815530799,109.0337115578,137.5817667781,80.8550086630
2011-10-27,148.6082540429,158.7144162902,48.2188915787,73.1009242129,84.4910233339,151.7929402426,85.1788694211,110.4694464049,91.6913599169,106.0562086183,138.2714267597,83.4265969103
2011-10-28,151.0995460823,158.8693551373,48.0141399569,71.8676658662,82.3556657552,152.8676603469,86.2311799327,112.4934750552,91.7038014165,107.8288590138,138.9668674529,84.3074308325
2011-10-31,155.5128177137,159.7815415767,48.0741845170,71.2620476582,81.1656269867,154.3159223843,88.7307611331,112.1082245506,90.4019584404,107.0803462990,141.8040064797,83.5977712265
2011-11-01,154.8182918515,154.7697607328,48.9636662922,70.5715963939,78.8015896050,154.1257031474,87.3716675266,112.6496901674,92.3435730660,107.2537713406,145.6888745075,85.1687284178
2011-11-02,153.8025450293,153.0023708907,49.3091246646,69.8565782499,78.7766505511,153.2215199566,87.2063303024,113.9180474644,91.1929699406,108.0082105383,142.0181293221,85.9486549353
2011-11-03,154.7962826375,157.6480897638,48.5459535064,70.2784457720,77.7950410835,155.6537157143,87.1475763752,113.9794525662,89.7394110838,106.3977448885,137.9945676695,87.6754353660
2011-11-04,155.2027101933,155.5108568677,49.0256426016,69.3575953366,77.6047415785,153.4454535660,88.6293105196,116.9524335987,90.8886893885,105.3708470750,134.3233591886,90.3846434635
2011-11-07,152.0769714716,153.6163399935,49.0495122683,68.5359641917,76.8129887931,149.9030027999,89.0378669250,118.2890225740,89.7654319057,106.8304027022,132.7529144551,87.8581447468
2011-11-08,155.2919483545,154.7033476862,49.2811058398,68.1678337826,76.3272548178,149.1459184115,89.9840549630,117.2596860612,89.0567709207,107.2073695439,132.2260035009,89.5149758069
2011-11-09,154.1394288875,150.4488366156,48.6183154347,68.0810837242,75.6127902297,151.4997565608,91.5720975960,118.6159941486,90.7788699386,106.4447075404,133.5886761429,95.8908712372
2011-11-10,156.1645872976,147.5897376938,47.4300250106,68.3457186887,76.3426379559,153.1981871556,92.1805284094,119.8794563325,90.4272835997,106.2508917093,130.5298334489,92.1669211808
2011-11-11,152.2088153936,148.8240354189,48.3539265700,70.3680256327,77.1611460467,156.4321105479,89.9101638341,119.4874240952,90.5400026994,106.4431254798,128.3179985248,90.7987055565
2011-11-14,149.9220418433,147.9481896403,48.2799450148,72.3110396617,76.6812470489,154.5502321021,89.6153864819,121.9158239825,90.5652837168,105.9218853012,131.3606894073,92.2788586520
2011-11-15,148.2874649919,146.3628794732,48.1295447665,72.4293686936,75.1173656387,153.7903466379,88.8728947963,119.7843976461,90.7337687663,105.8992471499,129.9376933824,92.3287797968
2011-11-16,146.3315259523,145.1528239842,47.7338848950,70.7804319119,73.4372979496,155.4163857937,89.8664954812,115.8480358559,91.9244338191,105.0334266537,131.7393438713,90.6315504019
2011-11-17,147.3214622170,143.4817363881,48.0045520525,74.1603148732,70.6706347995,153.0697775606,91.6798476278,117.1294839212,91.0394533174,104.3195414517,133.6938580530,90.3226236331
2011-11-18,147.5411662498,144.3821480145,47.7500443075,73.2577677203,69.0922106292,154.3796617930,90.9480155836,118.1070816750,91.0256262785,104.0459436884,134.0460460851,93.0093672208
2011-11-21,147.1657926949,141.3885916885,48.2975222685,74.6554625039,69.2322217743,152.8735092955,90.0993789088,116.5703545793,90.6024478126,104.2360509210,133.9952443792,91.2415825410
2011-11-22,145.5336866215,141.0974146307,47.8138640237,71.9458335681,69.2064946379,159.4087705619,88.8581546771,116.2167260867,91.4233155321,101.6405911040,136.5969018525,94.6689908890
2011-11-23,146.6121889996,144.7762390044,48.1684532113,71.8736712846,66.4052583501,165.2152150377,87.3069266229,116.1021294567,94.0896587305,100.7935885464,137.7238766415,93.5337867531
2011-11-24,145.5875274963,144.8636357210,48.3258514715,73.0609585954,66.8454975984,162.4615270416,90.7135889690,115.3635106614,93.6144111117,101.7858860367,139.7515842827,96.8060197474
2011-11-25,142.9719807514,143.2844162885,48.3966453243,73.6102276312,65.8612994246,160.9925541116,93.5842681359,115.9851639914,93.4785567656,100.8872290192,138.7627893284,96.6744256273
2011-11-28,141.4091080202,140.9462766154,48.9966897481,74.5822219852,64.1421319303,161.7619374530,93.9438055263,117.2882613236,94.5017805300,101.0029822686,140.9452711351,97.8360773063
2011-11-29,140.6225187897,140.9234930692,48.8645462688,75.5358909899,66.2411051865,159.0637510962,93.1698957107,118.3835039114,95.8983033944,100.2432703302,144.0150212287,95.5712380886
2011-11-30,141.4163146817,139.1623497641,49.6535108360,74.0784091617,66.0921193780,162.0078697716,93.3870433782,120.0779751731,94.5270289636,97.8117644789,140.2871822177,97.2341488716
2011-12-01,142.0582284121,136.0675028120,49.2387311245,75.5418233168,65.3119543435,162.5820162578,92.5909333770,118.6841820193,92.8522761502,98.2391076590,139.4115288831,100.4061964038
2011-12-02,143.6578116563,136.6986764145,50.2721307133,76.8297101143,63.6118695067,167.0751443511,95.1031986773,118.8283490173,93.0957160541,96.7695069861,139.2118012833,101.4848182360
2011-12-05,144.5610948638,137.9761183497,50.8873791840,79.1674587759,62.5106374536,169.6724760776,96.3974058216,115.5792372181,94.0925790499,96.2442517439,136.7729674134,105.3797817132
2011-12-06,143.3781297415,140.6508093128,49.8088553598,79.4862915603,62.4102778956,168.1787939773,99.4370411396,118.2812573861,93.9930237779,97.2648203524,134.4612101156,105.6082767939
2011-12-07,141.8848765886,138.3384589866,49.1942626029,80.0005795654,63.9971193760,167.9171339068,98.0165293983,117.1705262825,94.1261384981,98.2708888226,135.1786378487,104.3266603114
2011-12-08,141.9879635505,139.3296143636,48.8212684361,78.0361774861,64.8640219579,161.6997390524,99.1504826301,115.1014874844,94.0581915404,99.5082892713,137.7168700108,106.5364476066
2011-12-09,141.1269016173,140.2318388009,48.8408184742,75.8743516501,65.1223251860,162.5143336667,98.5090795237,114.5767587578,93.4392396773,99.3411677475,138.5802423059,106.4987373100
2011-12-12,141.1707413776,141.3362178936,48.3640077618,75.4238775350,65.9572870914,161.3876843491,100.8851966303,115.4903105705,93.8935453045,97.3884570880,142.5466743045,107.6400537882
2011-12-13,138.0550309364,141.6494363801,49.5092934603,74.8507959063,63.9536601598,165.5958054796,103.1138078661,115.4790971770,97.5983242697,97.9442360873,139.3658203880,108.4923652323
2011-12-14,136.8453137593,143.1288682290,49.5365363168,75.8469958467,65.0212002659,164.5548684710,105.2037348485,113.9115218697,98.6161060885,97.3506335484,141.3796053563,110.6279891802
2011-12-15,133.5209552729,141.1695988845,48.7699089653,74.9820260826,65.2190533721,160.4736980798,105.3047997752,111.6152679151,98.0623100623,99.7395890534,139.9656230793,108.6977288179
2011-12-16,134.0209967827,142.4141167083,48.0886456907,76.0728321181,65.3154467169,157.6318484645,105.8927041809,111.7896208561,95.3401006301,98.1501742144,139.3091911569,113.3664751148
2011-12-19,132.4495759720,142.4494421143,47.7324327649,78.3954959776,63.7351746318,160.0133348330,106.6302566352,112.5004720430,96.4037219070,97.8413464578,142.2596364520,115.3415008315
2011-12-20,128.8580390371,145.0759359223,47.9378205021,77.7414442210,66.1794229509,155.3725090315,106.9636277793,111.7467842086,98.0928823564,97.7756241674,145.8258821597,117.1668328210
2011-12-21,130.5367593558,146.5369820562,49.7966509161,76.8844171383,66.5922040183,154.9199321984,105.8382736237,112.8512164919,98.3203911781,96.6333756507,146.8925928778,116.0972217559
2011-12-22,131.4505254600,146.1758496482,49.5258385654,78.0513155325,65.8234915932,151.2942404355,104.8956221764,112.6863442849,99.0830648056,97.4681232016,145.0773990183,116.7558313729
2011-12-23,130.1599276097,149.3245959167,49.3130301936,79.4396148819,66.0281217296,150.6144231240,105.4940077136,110.0280058215,97.2204208325,95.9892776739,144.0981528243,114.7826216431
2011-12-26,128.2126581089,148.1216235006,49.3924521232,78.9249626842,65.4689979049,150.8858341055,106.6867859450,111.3865451157,96.2102227662,95.6739744099,146.2057965132,117.0144505955
2011-12-27,127.1114217474,146.8509975065,48.9318406031,76.8193104720,65.6621102677,149.6276729029,107.1433600136,113.6548949378,95.8398725258,96.7271839657,147.7147989148,117.5352010388
2011-12-28,130.0316330670,145.0460018750,48.6829448800,73.7663888199,67.8786907246,152.3861820942,104.8828155733,113.7365206843,94.9861055219,97.4659306402,147.2484435718,114.8961826241
2011-12-29,131.5711936722,148.4624019295,48.4408406625,74.6329126460,67.9936783006,150.5468623612,106.3652323339,114.8866273514,95.7291118612,98.3501790378,150.3496232168,111.4359835005
2011-12-30,131.7330651888,146.3507504265,47.8316054639,75.4135505407,68.6211896242,145.9219813769,104.4866079004,118.2009055414,94.3245260908,96.1592136615,150.0410299192,107.8969330265
2012-01-02,128.1317699329,147.6992886382,47.0919188619,76.0110113249,66.9668905936,147.2081134800,103.7628685188,121.0859481070,93.0930589226,94.3103159487,152.4773426252,107.0822351335
2012-01-03,130.4625735734,146.5119658825,47.0317863616,78.8282277125,67.2086656956,144.0465832904,102.3793188812,121.3192091933,92.9950378288,95.4066774837,150.7011163369,106.3186520269
2012-01-04,130.1488512546,148.5135812423,47.6017909355,76.8693926326,65.9101836677,144.6842577870,101.1857855020,123.8183278641,91.6157271552,94.2518745723,155.4404115466,106.6406837704
2012-01-05,132.9914361524,147.5169032219,46.4912126791,75.4270229758,64.9449011341,145.2701322788,98.8505756069,123.9734218351,91.4994728008,95.3299981189,154.0879042998,103.0142120618
2012-01-06,130.2066862233,147.9551920421,46.7431900054,74.2993220048,64.8902903396,143.9612157201,100.4638725128,127.2961185224,91.7941515664,96.4366438660,150.9699276834,101.3659316947
2012-01-09,128.0898709593,151.4882000175,46.8702569453,74.2141950862,65.5065289051,143.2642826999,100.0048988442,131.6579847655,90.7716177400,95.2785702376,153.5797287430,104.5353069223
2012-01-10,131.1649753913,153.0284608855,46.6732765494,73.4471957922,65.6083263181,137.2281656561,99.1204562182,130.6573528542,89.4338336979,95.3237830130,156.3866977261,105.3914168519
2012-01-11,129.4904016293,155.4121231723,47.1562522569,74.9195448217,64.2933611832,136.9381550020,99.5076321213,128.4890178205,87.3548181056,96.4895953997,158.3769348334,104.6426068663
2012-01-12,128.0405622894,151.7141770419,47.7021854361,72.2143680509,62.9634971089,137.7127566073,99.7795329891,127.6306488284,84.6730389012,95.5340909266,160.6005668872,100.9792638930
2012-01-13,124.3763880780,150.8691818258,47.7621836868,72.1088838033,63.0897351475,137.1324794364,100.3024547813,128.6187438288,86.5031367701,96.2325206106,157.8658095404,99.6660183460
2012-01-16,126.0172546247,151.4826700730,47.0247018704,73.3975547999,63.4252826772,137.0315456128,102.3585831122,127.6564898850,86.4958150807,94.7017269266,157.7309458181,95.8667367486
2012-01-17,128.8203039182,153.0118362853,46.7730073089,75.2655499467,63.5381013911,136.5137709921,101.8938905873,130.5095561937,86.4097529654,96.0548152714,155.2874983137,95.3363910998
2012-01-18,126.9363522522,153.5360033885,46.8229268089,76.7758970114,64.0817322850,135.8041502743,102.8957251448,127.7695959692,87.0893432350,96.8397116646,160.4899597929,96.6834305308
2012-01-19,128.7296675954,148.7869875786,46.6457586658,75.5021582956,63.3993103527,136.2886924287,102.0236031433,127.9353099461,87.1598266639,99.0037675797,162.9597618568,94.9418127383
2012-01-20,128.5783051772,149.1693176384,46.7837483852,75.0392419399,63.7706103116,136.2228238251,101.4110495945,126.5060935936,85.7079097211,98.2955351357,160.4875412340,96.3209038165
2012-01-23,126.0072114662,149.4170815514,46.8860755628,73.6954299811,62.5539049463,136.5906250454,103.5432667857,125.4864571758,86.1850905215,97.0043373825,157.3906548890,98.4804576017
2012-01-24,124.7989139366,146.0227533525,46.8737446586,75.3442807988,61.5978335046,138.0525337194,106.7741236849,124.7931794551,85.6627145012,98.7853514405,151.5863938906,100.5196379598
2012-01-25,126.4323248824,145.3772615560,46.4558237409,75.6540770806,61.3285455921,134.6736489595,106.1388635976,124.0098918092,85.3770705338,98.6878975036,151.8998427219,100.2153380339
2012-01-26,126.5337796784,144.8023921254,45.2809708008,75.3309367337,60.8743143783,138.3615827999,104.3370640113,123.4656006029,85.2285144299,99.0879414318,154.3881176908,98.6471664232
2012-01-27,125.3851520127,146.7710197767,45.8240701390,75.0733862665,61.5490595250,137.8692435802,105.1304929479,123.2494970188,84.5621106471,99.1257163746,157.9744795692,95.9948615715
2012-01-30,123.5236869437,144.7245120271,45.3680834490,72.5203984153,61.5445880963,139.8904452185,102.8568511779,126.7955629733,83.2015561154,99.3849069439,159.3539610048,97.4750129324
2012-01-31,120.2606499547,143.7552266274,45.5481047230,72.5825613192,61.5178278344,140.0266964131,107.1933808699,127.8157070400,82.7732298000,98.5824666473,162.4257949345,99.4607174451
2012-02-01,120.4370889207,145.5455223287,44.8910032721,72.1120527628,59.6398872428,141.7991897040,107.1093288306,122.6344785617,84.3238029501,96.5602304559,157.2878219372,96.8520961559
2012-02-02,122.1399447128,147.9478009010,45.3887785432,72.9105135232,59.8268816344,138.3345584560,106.5682222964,126.2685836045,84.6136914393,96.7442157718,150.5446638470,98.3288346877
2012-02-03,122.1646199402,150.8412220887,44.6251447535,71.0497153804,60.3118359867,139.3505138926,105.4957966391,124.5989078487,85.1082187247,95.4843078231,149.8764809256,98.4725484959
2012-02-06,124.6439275253,149.8523991730,44.7137647519,70.7621555070,58.1987063040,137.4497239544,106.6853035977,128.2383970473,87.4282992849,96.8886723350,151.1547951097,93.4837855629
2012-02-07,121.9960096564,149.5341647364,44.3559612018,69.3897653967,59.9837598238,139.1591283722,106.2669641662,126.4468441002,88.0389803889,94.7708345420,148.0132175503,90.8522493431
2012-02-08,123.4857366035,146.6368334134,45.0193946791,71.1359134435,60.0377964503,137.3916188942,105.3023048877,125.7544502693,86.5276201232,94.3736072903,145.4841142254,90.4530672798
2012-02-09,124.6811474714,142.9584129130,44.1607974640,71.9719557991,60.2155752021,137.8649708524,105.8044889878,126.0874820215,86.7108450760,94.3267079030,148.0392481297,90.6099237900
2012-02-10,126.7216770602,139.7507138009,44.0766492815,71.2851005762,60.4018612046,135.8578889459,105.9670441157,126.2802658124,86.9758588677,94.4397850306,145.1851612851,88.6238961605
2012-02-13,125.0846607823,139.8023329131,45.1160726225,73.0823999214,59.4452678655,134.1495155509,107.3596931319,126.1110254461,88.8202472080,92.8144859316,143.5143541744,86.1485129015
2012-02-14,125.4614682504,141.4623278873,45.7966811925,72.8539293747,59.1326946646,136.0219269200,100.9960530563,125.3015269108,90.0287137998,92.9974147236,139.2748888986,88.6477503730
2012-02-15,125.6653472995,140.1760369104,45.7959578892,70.4548282092,59.8909185281,131.3107001636,100.1820470410,129.0175906181,90.3299725040,92.4585927308,142.4359699831,88.0258381725
2012-02-16,126.2259440983,137.7665759211,46.3610982344,68.4914999418,59.0691793150,129.6407095980,99.4983094094,130.8780062271,89.9709767748,91.7134047801,145.6496942481,91.9329836673
2012-02-17,125.7440733608,134.7073556771,46.1766451042,67.3256354203,58.0212837517,131.1050136118,98.9002699671,128.5867395222,91.8328151861,92.9159794341,149.4014051753,89.8984791727
2012-02-20,125.5829203117,136.0894010817,46.5308437776,65.1664745224,57.9814931550,130.7988400507,100.5509871526,130.5936800208,94.0123958935,92.1304767917,145.5482396718,90.7613169900
2012-02-21,123.5333199614,136.9701721083,46.3682868474,63.8692233574,56.5082578175,132.0905403461,98.5718380064,127.5192148442,94.7814977001,94.4823731430,146.8120091203,92.0262429575
2012-02-22,122.8279618314,133.3255785987,46.2936926896,65.0368909471,55.6167692211,133.6116258217,98.0716313119,129.7853332459,94.5122596340,96.3388746640,144.9819827118,91.8591398116
2012-02-23,121.6863372707,135.0674065043,46.7249004509,63.1132710994,54.8245954092,135.0392854434,97.5201877486,132.0278895777,96.9545501456,95.0130007997,146.4079733011,94.6286800702
2012-02-24,120.7336863397,137.9356800487,46.6236630368,63.0251585054,55.8129496730,134.4819194378,96.1558247480,132.8073991143,97.5909051708,94.0895550978,144.5339321999,91.5400362109
2012-02-27,120.0302128919,141.2438028194,46.5817617891,63.1076683397,56.3562881735,134.2819462974,95.1261370763,135.9472431300,96.8347193195,92.6010000567,145.5626096967,93.2895183652
2012-02-28,119.2456526103,138.9696482904,47.3190469651,62.0527510889,57.2092689715,136.0014442981,94.7569231290,138.0718716922,98.2682365827,92.5078689216,147.7656653380,90.3095266244
2012-02-29,117.6169870795,139.2557291144,46.7609348810,60.9703356615,56.9802862572,136.5455456460,95.2071086600,134.4550748606,97.9279693009,91.4853277898,149.9453282392,90.3860364407
2012-03-01,117.3448925500,140.3612682496,46.2898732409,63.1838190709,57.2367030535,137.3129450982,93.1746264894,137.9854989287,97.5183487535,90.8942363949,150.9258148535,89.6570852460
2012-03-02,116.9523355727,143.8706355735,46.0121214311,62.0237610808,56.8038186653,137.9814602909,93.7454744919,139.2710142101,97.9907259992,90.1550079867,148.6754446295,88.2737863366
2012-03-05,114.8129474124,145.1001815077,46.2048995074,60.3326877913,58.0398586043,138.6539747833,95.4049552826,139.8430697943,98.0512428434,90.9745438987,151.2294199112,89.0586474276
2012-03-06,114.0409496247,146.7838575151,45.9143132736,60.7563948537,58.4937070912,133.6695000538,97.1043868438,137.9690337008,98.6387333887,90.4989094401,150.6823867056,89.5234841495
2012-03-07,113.2057430863,149.0466487096,46.0526668368,58.3584381718,59.8804444406,134.1962050036,95.0722344509,142.3361975856,99.1013884925,89.3984484946,148.1023897170,91.4643013629
2012-03-08,114.4787669341,150.4287107003,44.3474183284,56.7732944850,61.5093495493,131.0809528413,96.0171006403,142.4346408235,100.7227437049,89.4044404972,149.5019415910,90.4557665346
2012-03-09,115.4628891086,151.0664435978,44.3130192801,57.5231349277,63.2404206498,129.4739642932,95.6821783812,141.1515180038,100.0541188559,90.5052919720,150.8378623250,88.9324924893
2012-03-12,118.3334047042,151.9416269344,45.2196970963,55.9838685134,62.8043432569,126.7117495014,96.2411437957,139.5734820716,100.5161330747,89.5207931765,148.9108213108,90.8307517126
2012-03-13,120.6614947922,153.1481647367,46.0177613286,56.4836409001,62.5922176197,128.6092005888,96.6912235975,140.4956014833,101.7157595945,88.2170929345,148.4359379990,90.4160394765
2012-03-14,120.2789192586,152.6542789970,46.0681111203,57.1558080097,62.4073478707,128.5477399313,97.2240767608,142.1064690952,103.2031203733,88.0648277885,151.9216861906,91.1724232301
2012-03-15,118.8992579415,154.2092751348,46.3345033584,56.6466639216,61.8838269033,131.5914763311,95.7056572469,142.4806871843,102.5362861864,88.7053743438,151.4244077925,91.7906164958
2012-03-16,117.4007738084,151.6491765177,46.0118700655,54.3125747998,62.6649544505,131.3613130179,99.3021471553,142.0617768319,101.8810155705,89.6634247761,152.5940597326,95.1154075428
2012-03-19,119.1901475174,151.3242729876,45.8378436657,54.3732916704,62.2155680523,134.9838253996,100.0575760502,141.8456752787,102.6844919393,89.7572020312,154.3099732332,94.3877454246
2012-03-20,118.2881179073,148.4774228513,46.0576876185,55.3715254571,63.0902938003,133.6694738045,100.5605639198,139.1836572358,101.3346971569,88.2873425416,154.8742827430,90.8952490523
2012-03-21,117.2217010322,145.1019586314,46.8775404260,55.6076117508,62.2184113300,129.5833168219,98.1105683395,140.4410701052,99.3715773741,89.2693420437,150.7425131564,90.0967143812
2012-03-22,120.1814652361,144.7352044043,46.3009964771,56.0163134825,63.1939369650,129.9714518396,96.5079146939,137.6726998423,100.8673102560,89.0757229592,154.3347627843,89.7454911805
2012-03-23,120.5571513739,143.4960695505,48.1410070272,58.0120683632,63.1042458040,130.9524366612,95.1404527826,137.0557425643,103.1469562505,89.2642295230,153.4694843226,87.5889710055
2012-03-26,120.0787662103,141.2537306988,47.7334194200,57.5351654592,63.2459594257,134.2332334228,98.4250718118,137.0079902289,101.4062980053,88.5299775128,154.2900736129,88.1811867676
2012-03-27,119.5269027505,142.0767712509,48.1843352684,55.4226622521,62.4710879993,134.5123502789,99.0732690543,135.4592681760,102.0859269366,89.1065637233,152.5631729816,87.2656554210
2012-03-28,119.3907657866,142.3182631972,48.6801231906,56.1875029918,62.9265315964,132.4215052188,95.7548011883,132.7478700059,103.0518792924,89.6453278720,156.0874339029,86.5826369256
2012-03-29,118.0648965767,140.8311513764,50.0083747486,57.0924515106,62.4090653653,127.1725011636,94.1230707871,130.4683481964,102.6293216600,88.8385267411,159.7143910605,89.0679250438
2012-03-30,118.1725394090,142.7661682189,49.4758712888,55.8647451807,63.3509301989,131.1619748687,94.3362232430,132.4552927007,101.4537689866,88.8231471720,157.3558695930,91.5976512943
2012-04-02,118.4636344834,141.9502043731,49.1613313963,56.2614456938,65.2626070716,136.3654501404,93.4032295368,128.2541259788,103.0055823181,88.4303857256,155.5750658410,94.1517060582
2012-04-03,118.6633893158,143.5862522389,49.5096651604,57.5648505398,66.9337726369,134.2168335599,93.3040349633,127.6916002950,103.9655180393,88.4795785933,157.2393513119,97.6398078666
2012-04-04,119.4416414123,143.1065183813,49.8113154823,58.9627080483,67.2899876105,132.4818122637,95.3297777986,127.7555685544,106.1995052567,89.2367250795,157.2386712693,99.0709950074
2012-04-05,119.3091304879,144.3768209722,49.8884159852,58.0451178536,66.8122009905,132.1882247856,93.8245395208,126.2369821152,104.7039016704,88.1397298706,157.6295044574,98.0637868071
2012-04-06,119.6543680617,144.3014103491,50.7902895901,57.6001654268,67.8604803111,128.5870370353,94.4900456304,124.5557951560,102.5627658282,88.7475314739,157.7965725926,95.3600932858
2012-04-09,121.7603862621,146.9174590664,51.3419501945,57.1743262464,67.4784884459,127.5526367906,94.5870584160,121.7482506499,101.5521931557,89.9694973722,160.5156511897,93.9000313100
2012-04-10,121.0834459241,142.8471060798,51.3028223680,56.0472719630,70.0857675073,131.7946677110,93.5839642697,122.6455128655,102.6312537468,90.2207835339,162.9905505336,95.5769530850
2012-04-11,124.3371290387,141.8244439551,50.9053405425,55.6657017432,68.3078873756,130.8528564961,93.8977999189,120.5649554257,104.1209401580,89.7959774573,159.8625916183,91.8779765856
2012-04-12,122.7179261360,140.3574673762,51.4496884016,54.0451545471,66.4898977667,128.9758556310,95.3155281065,119.5369527282,103.1897781563,90.2025475916,159.5722443642,93.4608684197
2012-04-13,121.4394012597,142.8609819206,51.9491197050,53.7837741209,64.6060332142,130.1296276564,97.7573567532,119.8723241772,103.2520668884,89.3652126420,155.8864260326,93.5869163769
2012-04-16,122.3929370262,144.4772819845,52.6351227134,54.6583348572,64.7664864226,129.3868212710,98.9600672301,122.1139212991,103.4461972867,90.5048085352,159.7816846470,93.5622273730
2012-04-17,121.8054169759,142.0891469891,52.1101904278,54.2783931412,64.2556698057,130.5962018575,96.6847847848,121.7400927587,102.9381427617,89.7145304363,160.1437963329,94.8890186884
2012-04-18,123.5529227655,141.4365883264,52.3347964855,56.5418370114,63.0231724552,126.7217112111,96.3314182809,123.6993390163,104.1513709241,89.9528064656,154.6721330557,93.6870261637
2012-04-19,122.7410072543,145.3268342571,51.0869256234,58.1766075568,64.4241066421,127.7920578924,95.8713558689,125.5259579365,103.8116098937,89.9229336835,155.0227328966,92.0140917638
2012-04-20,125.6188391878,143.5017607781,51.3475703142,58.4444446181,63.4524723280,128.7714280377,97.2627133034,127.9964553749,102.8448075649,90.9321366125,151.1772270189,89.9826017253
2012-04-23,125.4448393190,145.4098631749,50.3416715215,57.1943263707,63.1405545503,128.5526510495,97.9155907045,126.9060883381,104.3348701351,91.0547576614,150.8560715468,89.0426114383
2012-04-24,127.1973611369,144.9946890908,49.5929432069,57.8812287237,63.5238357560,131.3443980585,95.1642495928,123.7178336450,107.2015688243,91.0655617287,153.5018818575,91.7038958507
2012-04-25,129.3143494320,143.8407531511,49.1555812282,57.0128509258,64.3613595509,134.0725687810,96.0206670643,124.8631107135,104.6671964686,92.8320359910,150.0037649400,90.7755453393
2012-04-26,129.1896838196,143.2675837079,48.5213542939,57.2260332279,63.6815115149,136.3499734444,94.7034953512,124.3119719992,104.6124378798,93.1484605271,147.5078548933,90.4097557242
2012-04-27,128.6552329419,143.9227830526,49.0660011559,57.5246505204,62.3823691698,136.6434274111,95.1985901980,123.7375063311,106.3490208466,92.9068330336,150.3512427435,94.8488314748
2012-04-30,126.9267599636,143.6636967238,48.7247488271,57.2596615917,61.8026595028,136.9935814943,95.1451618610,126.4429259300,106.5269759468,92.2233103489,150.6239725035,94.0707359380
2012-05-01,126.6450895902,145.9644383990,48.7477349074,57.9637184184,62.9407235717,136.3692891275,96.7087686293,127.0331317716,107.4979918539,91.6567634214,148.4605578429,96.0870540792
2012-05-02,127.0839785967,145.8350160679,49.4871781730,60.1706194792,61.8868850292,136.5182216880,95.2644474422,125.0474538967,107.5808038730,90.9456802404,145.3463357234,99.3957675077
2012-05-03,127.4075176488,143.7082427113,50.8393994447,60.9698602301,61.7230885556,137.8835530139,94.0614596044,124.2099196404,106.9063563561,92.1170575787,143.6297110195,96.3045270904
2012-05-04,129.8402676868,144.2144534368,50.6462479991,59.3686522046,61.0161660603,142.6700220580,96.0194755074,122.5095194840,107.2630709797,90.3782618168,140.5750639191,95.9562552470
2012-05-07,129.0709601988,143.9773038308,49.7610287325,61.1640999607,61.5067817943,147.2492794390,96.6284545206,122.4097713528,107.9334796111,91.5706714902,145.0003036409,94.6433460255
2012-05-08,128.9806930280,146.3463717736,50.1312778816,63.7527227110,62.5341634301,148.2005671774,98.7676296262,122.4156794219,107.8089745470,92.4221210643,144.0611572870,97.4134582085
2012-05-09,129.6017645699,146.0408977297,49.5521736751,63.4088874351,61.0568389770,152.2021937452,97.3124642480,126.2202618641,110.0529820025,92.6170825973,144.9812391020,96.2716754768
2012-05-10,129.6303987008,147.5628553911,50.8435582848,62.4288012173,60.7401779722,152.8045471412,96.8216959503,123.1021064579,107.5601735210,90.5094955803,145.1752439054,96.3211873126
2012-05-11,129.6790219956,148.8793589311,51.3398321452,60.4510368050,58.8860587954,149.3504520158,97.1241795734,121.8023896274,109.3861422945,90.0593463473,142.8865537573,96.3900759721
2012-05-14,129.3451852061,150.4402760820,51.1423511005,61.4124026296,58.1184228572,154.1142009995,97.4913680912,119.8126394411,109.5527398547,89.9278209262,138.4974603113,92.3114715927
2012-05-15,128.7276554344,152.3727414668,50.9922059340,61.3282142194,58.4051650560,149.5752327048,96.8569036240,116.1458167522,109.3143362324,88.6169978033,136.5458313744,91.7894407473
2012-05-16,131.5355239171,152.9341600673,50.8036604849,61.2575653470,58.7407646638,150.8333495312,95.2160793096,116.2479469677,110.9885377079,87.4581835311,136.7111185519,92.6149664469
2012-05-17,133.7788400229,151.2996963202,49.4148281222,62.0604455027,58.3698254841,149.5822924265,93.3520350077,115.9052941449,109.9768805565,89.3681985033,136.1483620981,94.8323805379
2012-05-18,136.5750486341,153.2935074824,49.1042207470,60.3621136870,57.9661952906,149.1998389550,93.3722265951,117.0980381023,109.2541023808,88.6876621270,134.0906743074,95.4391768009
2012-05-21,138.7088115801,150.9329112031,47.9711228997,59.0162549490,57.9213286315,148.4932773065,93.3277260861,117.3783755509,111.3192674682,89.7520160348,135.1628534515,96.8587342216
2012-05-22,137.9605566932,150.2724268668,47.4309514050,60.1065919275,56.3468211402,146.4759139583,94.1643307789,116.5317695765,111.5650375274,90.2240018568,138.6128464418,97.7464616425
2012-05-23,135.9757162989,151.7021764803,47.6236062979,58.3813860148,56.7136822964,145.5806171596,94.1435964840,116.5688011305,113.0148997700,90.2572715749,137.1700707669,98.6074749441
2012-05-24,138.9596748464,151.8145512071,47.4250938349,58.2567376057,55.3082054740,147.6592784653,92.9463541779,114.9129172620,114.3280205392,90.0266650113,135.0927900831,98.9961688393
2012-05-25,139.3973974589,148.9739977422,46.0375709494,56.1442914782,55.4337694180,148.0221787772,92.3524616174,114.4969608049,112.0832678448,89.4093706670,138.5891174421,100.5983248137
2012-05-28,136.1439913568,147.9681809478,45.7972494156,56.3883376988,54.5938054978,146.6554807943,91.6032724805,114.6781649034,111.3143574731,89.3086375558,139.1152228310,101.4226197575
2012-05-29,137.6928956624,145.0080925973,45.7322171442,56.8736786944,56.2032106106,147.6594548409,90.8124517299,113.8571470712,111.3081425461,89.4139772453,141.5379311327,102.0906956363
2012-05-30,135.7214737443,145.3230748391,45.1648815788,57.8081917102,56.9151257381,142.6240929610,92.2938200755,111.8755638132,109.4599331610,89.0209949612,137.6409864492,100.5164101985
2012-05-31,138.1319893459,143.1129058420,45.6718267801,57.4361003253,56.7449112474,139.3459179897,90.8015887299,108.7784552969,110.2002488643,89.3583956177,140.5447922992,101.6606241546
2012-06-01,136.0047649561,145.1580206735,46.0256155038,56.7208976408,57.4609204644,139.5364876985,87.9551927058,108.9642125356,112.0797348527,89.4278135440,137.7889820777,100.6538004961
2012-06-04,135.8856385776,144.3882160703,46.0342199519,58.7564510392,57.2484786914,139.0841870129,89.6621135838,109.3359095381,111.7560501970,88.3876059429,139.8661286402,99.7286739570
2012-06-05,135.7794974416,143.3126832506,44.8715265876,60.8257004708,55.9728318893,142.1344301410,92.2112490519,111.4180520088,111.2566882197,88.8675332760,140.2837752674,101.6515012034
2012-06-06,137.5267581788,143.4649088800,44.3695734024,60.5248803781,56.9294668107,142.7577179603,93.1238972942,115.0648331624,111.9391812060,89.0204595810,143.2939267154,100.5158034795
2012-06-07,136.4214901794,139.0374747517,45.3199356881,60.2847272509,56.2314332949,147.3390492428,91.2684914982,116.1037906422,111.7632097570,90.8745384225,141.6590057693,102.8158961529
2012-06-08,134.4622652927,138.2479785705,45.2707599923,62.0205287242,55.6395925349,147.4039975174,93.3709474622,116.6468977802,109.8077326080,91.9612538804,141.3278111055,101.3655617674
2012-06-11,132.8859004845,138.3117649905,45.0624205244,60.6373245996,55.0216875104,148.5931170619,94.7815387589,116.9038062327,110.8590679384,91.2814868395,137.7411116868,101.1639218301
2012-06-12,132.5257597295,139.8659223375,44.8131529442,58.9646005132,54.8885207388,147.6906200174,92.4671808500,116.1990327534,109.5676894365,92.3858805152,138.6019658168,97.7268909317
2012-06-13,131.0018404783,138.5825915180,44.6942921081,59.0222772113,54.7562334743,151.6703709158,92.1767548024,117.5628143550,107.2832485730,92.6830249423,140.2882934112,96.7955773706
2012-06-14,130.8243573544,137.4496424570,43.9279971345,58.4030240555,55.1269447410,149.9434256587,92.7202391330,119.2673545410,107.2284175888,93.5919376146,137.1105511498,98.5430988066
2012-06-15,130.4898268464,138.5018372795,43.9941407964,56.1366128155,56.5452757475,151.3585338617,92.8326648145,120.9745766218,107.8976985132,95.8666547023,133.7045561453,99.6071011022
2012-06-18,131.5258481889,140.6541223906,44.2616048046,56.9899717195,55.9056922345,157.5170724824,92.9129095562,122.1824404161,106.6275646778,95.8539481303,132.8877732496,99.3624357307
2012-06-19,129.7008740484,140.0220294952,44.3128794956,57.6040240378,56.2213853853,156.6742397061,93.0350140701,122.3735448211,106.3614694933,95.3076018588,132.1454018691,97.3234683639
2012-06-20,129.7672305086,140.4760890238,43.2257729958,56.9856738675,56.1916815861,158.6805422174,93.7259621337,119.1661025127,106.4004597023,94.8551485243,129.1050420779,99.4991313016
2012-06-21,128.8797409143,139.0201314532,43.7372995549,55.6238769377,54.7638769737,161.9872999331,92.9490028702,119.5785404090,106.4311738063,95.1964999310,130.6659257083,99.1681645938
2012-06-22,128.6088004218,139.1239458570,42.9223889203,55.3366346938,54.9044954735,159.4602617363,92.6093226161,120.2175831664,107.2124198887,95.8245670340,132.3461493739,98.0877995894
2012-06-25,126.4761485835,136.1492332782,43.2027075048,53.9988300260,54.5333408047,157.6833890636,91.0557345534,118.0548586873,105.7715874810,95.3610622638,130.5307981760,99.6657631758
2012-06-26,127.3421116109,136.8953552773,43.9808494584,54.0443128601,54.4304274235,158.4161896467,90.4710394031,118.7957600544,101.7452534808,95.1273957115,133.6124190697,97.7938510763
2012-06-27,126.0620330626,134.7140134234,43.8700023432,53.5718282673,53.5511980968,163.8745734051,92.3488015746,118.9211085409,101.5352551722,96.0774626993,137.7488938122,98.0393825262
2012-06-28,127.1316094141,132.5600170527,44.8878110086,55.1715692822,54.0965111307,161.3809637351,92.6396789003,119.7672173455,102.0026355747,94.2614370670,136.9232986771,99.2422785863
2012-06-29,126.2213109636,134.3707304190,45.1649628749,56.5014762365,54.1222980347,157.4601397571,92.5777914327,122.3573653347,102.7188294908,95.9143212465,135.0361608609,102.5317041089
2012-07-02,122.6239123315,136.4333313425,45.0300098367,56.4962499460,54.9217983307,156.9810809410,91.5431303434,124.4192471258,101.4510564493,96.7336972851,137.5244733759,102.0029689977
2012-07-03,118.9022581250,137.3448172491,45.4719461224,56.9645396210,54.8274090547,155.1899864992,91.6628045625,125.8438575059,101.6376001279,96.4286035306,136.1737729525,103.6833612268
2012-07-04,118.7034960929,137.2954297709,45.6890759522,56.1628699325,54.5346782941,154.4718106147,89.3766998518,123.4271485748,100.9088037417,94.8068357819,136.2516946735,100.7795571711
2012-07-05,119.0304313043,139.0697034087,45.6761262296,57.4311845503,54.0684379376,160.3009557997,87.4411774903,123.0488130452,99.0010196553,94.5719574245,136.1253848856,98.6150113711
2012-07-06,119.6739683294,139.1724177372,45.3335360046,57.7068009563,54.7347036889,158.6125453938,88.5607117240,120.6936124372,99.6847296157,96.4799427166,136.7403614441,96.6424119213
2012-07-09,120.1907190934,137.4336093713,45.8831904863,58.6638123340,54.9500467181,156.8052447424,87.1782373718,119.9842806961,99.8442877484,97.5868577496,136.8319253195,93.0143250527
2012-07-10,123.0678571252,137.4327087273,46.2631735631,56.9670040103,55.3588835116,154.1889225594,88.3647597959,121.2930531410,100.3014106558,97.5476860127,140.1862067963,91.5719952457
2012-07-11,125.8851878911,134.4627579859,46.0331009943,56.9484108343,55.4298780726,151.3542002231,85.2619969673,121.6808032742,100.9057866996,99.2464020555,138.8253131893,90.4352662075
2012-07-12,126.2989694897,136.6690479569,46.0389598345,56.5465235575,55.8276399668,150.6767829717,86.4281529642,124.5370090580,99.9338190411,98.8516059630,140.6728403483,89.5345413834
2012-07-13,126.0475044056,137.8458403542,45.8616472925,55.8204866600,55.2573958136,152.7982853799,86.7334005521,123.7160990470,100.5761714200,100.3258134725,142.0767932550,87.4633165330
2012-07-16,126.8909105469,139.5940448917,46.4501096449,54.7121199615,54.3169862777,151.0442821085,85.6621641886,123.2047171083,101.4824906757,100.6733049546,143.4607532449,87.0991595294
2012-07-17,126.2873234624,142.5622953149,46.5047667321,53.9541751593,53.5909715221,151.3617490478,83.6776774272,121.2891172423,99.0742029147,99.7956162921,144.3625715068,85.6505625904
2012-07-18,127.6113159814,143.4429420905,46.1913804743,54.2985532082,54.5549025050,152.0665760586,83.4862862517,122.5813778707,100.1886121035,101.0871368716,141.5375557176,86.1622728005
2012-07-19,128.3893929470,145.5422308620,46.1824593049,51.9708907977,56.1425444790,146.1463056179,81.9663019352,121.6019824884,101.0488351731,100.5798979730,141.0555217776,83.0739502229
2012-07-20,128.3329997034,142.3141281900,45.5312846548,49.5093102498,57.5271569198,148.9678320709,83.2676142996,121.7666998548,99.5728075657,100.3374678271,143.2170793805,85.1656356199
2012-07-23,130.1016482826,142.9090088841,45.4550193354,48.8539465561,57.7926930514,151.2245934190,84.4295526311,119.8214336060,99.5779610451,101.1016762060,140.8944553045,84.7396078935
2012-07-24,130.0570405269,142.4063310178,45.3240698271,48.7936960157,57.5162234482,156.7547924864,82.8959705074,117.0375413601,98.9694743507,101.4500440576,138.7954710219,84.6520737063
2012-07-25,127.3912082684,139.8839871929,45.4041733766,48.3528095200,57.8776954869,160.8704897506,82.9308324524,115.9745256244,98.4550898214,101.0035652696,138.6449718269,87.3585949581
2012-07-26,128.2568116147,139.5064929745,45.7071356536,50.3061831688,57.3237703832,156.3721235357,81.7550037033,114.6995180940,97.7230597525,102.7763865622,139.4510673162,84.7618538888
2012-07-27,128.0757698626,140.2267999767,46.3248951163,49.4926829447,55.5725843650,158.9651865217,83.5341292940,113.6777298522,96.7453339584,106.0362254206,139.4396504501,87.7542651873
2012-07-30,124.6480636635,138.9762636047,46.8099383599,50.2785675497,56.0501182400,162.9466900325,85.4411858524,112.7393208208,95.0986342654,105.3398955901,138.6281881435,87.0066940918
2012-07-31,125.8252894000,138.0777352654,46.5537605797,49.8321033870,55.9745023426,164.9397301613,83.6350191804,111.0212480908,97.0391847574,109.1577106963,141.2755226533,87.3876495783
2012-08-01,125.6550523996,136.1703972416,45.9293363622,49.3440732751,56.5413407969,163.0077980196,85.4754960770,111.0450738569,96.4178788301,105.7949277396,138.6973978130,86.0254694694
2012-08-02,127.5041574916,135.1990196798,45.9060664269,48.6185830210,55.5065001674,168.5476216217,85.4932503919,111.9767416666,98.2513593667,103.3279824543,140.6484700902,86.8458744008
2012-08-03,129.2821917572,135.0810234307,46.4454211040,48.6120446778,56.0523076430,163.5661388722,87.5446972646,111.7741829365,97.0631965210,106.5379700102,141.3255287891,89.9128093791
2012-08-06,126.2010988899,135.4646799216,45.9669995394,48.9903408744,56.5770298913,165.6360315311,84.2553486642,111.5670277970,99.1203968506,108.3030801195,140.6547347167,89.3024550924
2012-08-07,127.0726822807,133.3104988928,46.4995996734,50.9744676088,56.2894000094,166.4003038534,83.2200628872,110.3199267634,98.0966789603,107.8022242358,141.6477178895,88.4014836407
2012-08-08,126.5699070003,135.7993339987,46.2041466906,50.1766337626,55.8570376262,164.0411944699,83.5204933058,109.3543624873,98.3142197765,108.9391432687,141.6771136926,90.7975218598
2012-08-09,129.9510238350,137.7292270384,47.0118232615,49.8765258080,55.6250755781,161.4613652061,81.0845235342,106.8539863162,98.1237036473,107.9999612208,143.3185940108,89.0910327161
2012-08-10,131.0327843237,136.9845344694,46.6862794609,50.9983522022,54.9316782555,163.0932232109,82.8874895181,103.5117127693,97.3475158385,108.0146266076,146.1604038893,85.1585793062
2012-08-13,130.7778122330,137.9117436919,47.0815016314,51.7539209168,52.5865520243,161.4453048434,82.2153376183,103.2674989520,97.4387692031,106.8653534552,145.8380181257,84.3334156379
2012-08-14,132.2228695704,135.7890691772,46.1070661917,52.2396992431,52.5549043872,164.3283708385,81.4859646202,104.8225001451,96.9079927944,106.1698164547,149.3505198972,83.4485905439
2012-08-15,133.6640469499,135.4468581493,45.9167558042,52.9661845433,53.2146182316,164.6482502243,80.8242868521,106.5715777373,95.7060447540,108.0228922625,147.8449009332,83.7746239044
2012-08-16,134.5244689687,134.0607993163,44.9841938765,52.5580785081,53.5950655577,163.9902016543,79.8446412578,105.5771200581,95.6275210796,107.3327748089,144.2992073476,85.6248445779
2012-08-17,133.5744132023,136.6863838023,45.0942203415,55.6119155804,54.7697430450,159.5507548448,79.5705877237,108.4453882699,97.7910652314,107.5520742832,141.5886950458,88.4675868710
2012-08-20,131.6220965614,137.5364783006,44.9096426405,54.4224924039,54.8177627124,158.3625324053,78.5261400062,107.8306635018,97.6101704186,107.3650381769,144.1206863114,88.4013448090
2012-08-21,132.6825218992,136.8206535406,44.0110644350,52.2541795551,55.8546896163,153.9522341367,80.0932426837,108.4943263236,97.1945445037,108.4371321978,146.6216825563,84.1471432927
2012-08-22,130.9701820128,135.5447972222,44.2927240876,52.7356843716,56.3540344389,150.9637096462,79.8323027089,107.5923218450,97.3658595972,108.6926966862,145.3776663215,84.4215442107
2012-08-23,131.5204583212,135.3521015200,44.6124287508,52.5852422715,56.6867209346,148.4836659787,82.7871313552,107.2453577527,95.9637033369,109.0912399804,143.8932869470,86.9537228822
2012-08-24,134.2076668185,137.1723614504,44.6082943379,52.5264722347,55.4877805026,147.7244360747,80.6740118421,106.3488015978,95.2869586800,108.5868946614,142.2600324770,86.5980451076
2012-08-27,134.2963150911,135.9683341108,44.2578387412,51.5319159518,56.2977047163,147.1315703365,81.6445336638,106.2045686864,94.9976704330,109.7670389371,146.1627672152,86.1015380973
2012-08-28,137.0038447069,135.8518325497,44.0713270693,49.7550844913,56.7223624516,146.5510869903,79.3450199523,105.8901125973,94.9055609831,110.4525564916,150.4669550742,85.0891364068
2012-08-29,135.3906222709,137.4428613661,43.9503848492,49.6293915390,55.7158572571,143.4594227637,77.9268158951,106.9823153239,94.6755097558,111.5594838232,155.5309774644,87.8000742785
2012-08-30,135.9098556400,138.3935215405,44.0140578295,50.7884677959,54.8390748760,141.7632788352,76.5596128184,106.3639967626,94.9195560611,110.9569938431,151.1675953923,87.3144637056
2012-08-31,134.6869499700,138.1426481651,43.9403955166,50.7595074729,53.9471934357,144.1858317841,76.4110616075,107.9525866411,96.2317029728,110.4738082371,154.3150802289,88.2981470078
2012-09-03,135.4612996071,140.7768263606,43.5839017401,51.2678387540,53.9081299105,145.1452999909,74.1676120969,107.4958323855,95.5877343418,110.9928335356,154.8802914489,87.4326968881
2012-09-04,134.2310358539,141.2022015040,42.7532649446,52.7319611544,53.4278594701,139.9956476680,75.9442752002,109.0467615232,97.6423902677,110.9852775167,157.1127374447,86.5868810966
2012-09-05,134.4427436635,137.1684862455,42.9332134693,52.3530040422,53.1543374606,140.7248904200,74.6774991226,108.9933047437,97.2201133145,110.7871012201,154.1612041350,84.8049306805
2012-09-06,132.5904708928,138.7645393820,42.9704377615,54.9931300691,52.5098486857,141.9355858737,76.5834934044,106.5400392154,96.7348167635,110.5193721716,151.3870816389,82.6119639537
2012-09-07,131.4878270267,138.8749040150,42.2869437289,54.8467205077,52.7059623080,143.4977671176,77.6889015507,106.4082477030,94.8908190879,111.4504598917,154.0630229312,82.4717585912
2012-09-10,130.4976497936,138.1929649250,42.2770476925,53.6825278229,50.8222823878,146.3411315573,78.8428640089,108.0475927912,93.7499808672,112.4026434308,152.2912641721,80.3663854978
2012-09-11,128.9710607671,138.8728385624,41.4020686853,54.1228262719,50.5664172691,152.6638236689,79.1387269590,106.4195361155,93.5621853740,112.0710808342,153.0144704909,81.5657198105
2012-09-12,131.2986569535,141.0016752783,41.0738716333,53.3102688621,50.8212452477,152.3765168481,80.7363067047,106.1514583716,92.6895609457,113.1194461097,152.5893407554,81.3096891087
2012-09-13,132.2541315977,142.5728039625,41.2899321864,52.7609671993,50.4925360614,152.4590078833,82.0642076614,102.7738473620,90.2185727329,112.7057249439,159.1334841541,81.6836120007
2012-09-14,133.4033449977,142.4082742543,41.1342423887,53.4864611573,52.0174973636,147.0073767548,83.2710237353,102.2315001668,93.1937405165,113.0391336423,158.9419973661,82.5049324569
2012-09-17,134.7786946190,143.8749666897,40.6149145195,52.4227403940,52.6442435683,144.3691936784,81.4475398700,102.9052343823,93.6605674315,112.9950799876,161.7039352028,82.5925106904
2012-09-18,135.6005735841,143.9747522282,40.3705063342,55.5397135103,52.7441818761,143.8751550505,80.0485371855,99.1617673610,92.6370833880,112.2099232070,161.6452454209,84.2323482949
2012-09-19,136.1126607112,143.9017331876,40.3361292975,52.9048772178,52.7402219444,145.3380798909,80.3564338119,99.4032085845,92.2208118104,113.2202629636,160.7998866429,86.0568951073
2012-09-20,134.4295854676,148.3796223213,39.9365443052,52.0302118032,52.9246457271,145.6979999829,81.0269412269,103.8716689948,92.3652671728,113.6593646640,162.7786516296,85.3241277915
2012-09-21,134.6698590738,146.9141539115,41.1054064894,53.0060198479,52.1473358941,146.3276001577,82.7776834199,103.0812447648,93.5676486231,116.5531292753,163.4736235268,82.3569917300
2012-09-24,135.0150263435,149.0147918689,40.8415765940,54.4387268599,51.5453148195,147.0635062462,82.1334672393,103.6744500322,91.6346509684,117.9429642386,164.3880941149,82.3382443463
2012-09-25,136.2654366883,149.0213773621,40.2161884530,53.3073290840,51.7805386921,150.6897367819,82.4622379332,100.9035710787,91.3142929274,116.4972306918,165.4792126122,83.4929391242
2012-09-26,133.5759464400,148.1502622375,40.3847853198,54.7716929501,52.2315809914,148.7927288221,81.3781558272,102.7132072647,90.8603493185,116.0295628096,163.9211806645,86.1490384636
2012-09-27,134.4971337803,150.0845441817,40.7746224990,55.3371501389,53.9256681550,149.1272509106,79.4882210068,100.5307670831,91.2509490405,114.7180763514,163.5887537116,87.1387872624
2012-09-28,136.6494695652,149.5997299211,40.0676457782,55.9672440692,54.2692435915,148.9654666883,80.1302796879,100.8364589624,88.5936622207,114.1491025022,159.9127402437,83.3856999985
2012-10-01,136.8415548488,151.8346614271,40.2423444294,56.4250238238,55.0152152850,148.2521068708,80.0627100792,98.3197895666,88.4541906861,115.3609331432,163.5209525100,83.8419697820
2012-10-02,135.6601708794,156.6987112561,40.7036990676,56.8713594360,53.7312996376,148.9442251728,80.2118486704,100.3695432674,87.5647784257,115.7561100585,163.0753472331,82.0489964059
2012-10-03,136.9932767715,159.7923826507,40.5917488496,57.1103042865,55.0782251173,147.6512248104,82.0707097476,101.2157521547,86.3722842747,117.2943346849,161.2855654959,80.3772529144
2012-10-04,136.1423297058,159.6279391370,40.4186917899,55.6478150706,56.1812535393,145.1100395986,81.2858520588,100.5866578907,88.7929139463,118.0339725217,164.5926450218,81.0549438526
2012-10-05,140.9556851764,158.6136464456,40.9919568088,56.2664597407,56.2699303665,145.5598952563,82.0211400097,98.0404047617,89.7922296065,119.6991739364,165.7522938890,82.4878935071
2012-10-08,145.6424931032,159.2994134865,41.1594409460,55.7735256856,54.8712349060,145.4467015018,81.5782038105,96.5384297882,91.5461423680,119.5707724571,163.0541417645,83.8659759958
2012-10-09,147.3500366038,156.9204378917,40.9026512983,54.2425622041,54.5100248167,146.4056229388,82.6893669557,97.5908240205,91.6646047109,119.6818823485,167.9181416281,81.9350940453
2012-10-10,146.0611848963,156.1479188392,40.9807030177,54.0217623124,54.1299949294,150.7019296977,83.1258299899,98.5840296221,89.5948432831,120.0815910710,167.2964886864,82.3160420943
2012-10-11,142.9608157496,154.9157420799,40.5954281970,54.4663925141,53.2744894952,151.6555386412,84.8265543974,99.9180229652,89.3844367324,119.7301446091,167.2184567890,81.7932336964
2012-10-12,142.0440468946,156.0641866247,40.4492183691,54.4930826403,51.7837512656,153.6847937971,84.8358079308,100.6048561327,89.1324404038,119.2352031756,166.7746094408,79.6081032685
2012-10-15,145.1597181904,156.8885090994,40.2843425887,57.0437919163,52.6517346087,154.1674280348,81.6504625528,101.8959782172,88.1808617296,119.2796957843,164.7630261878,79.6553221225
2012-10-16,145.7236580316,158.0016188385,39.8760122511,57.0264296028,54.1008626179,150.9005504335,83.9677640658,103.3395189504,88.3225778763,119.1303314615,160.8919591755,78.9986147691
2012-10-17,146.3740445153,156.6067675030,40.6119119942,56.5315546462,54.9741500059,154.8766563794,84.3481736789,105.2156037969,87.9764862698,119.5696894163,163.6636934765,80.2537168198
2012-10-18,150.9489238428,154.5105608694,40.6093898949,56.2916774887,55.7498941596,151.4583537637,87.2278020562,105.9022656893,87.0610915567,121.2360460844,163.1004537991,79.3726242590
2012-10-19,148.6682109541,152.5912799091,40.8414680891,57.4305239447,56.4538927957,154.3670437008,87.7746157204,108.1490437775,88.7366741168,123.6951537165,165.3936455216,80.4607557032
2012-10-22,146.9475336547,157.3364244848,40.6764682283,56.3527357151,56.8713494573,155.2518536631,86.1009529514,106.4936363456,89.0332236659,123.4952801435,166.2908205113,78.8944640952
2012-10-23,146.5112951032,157.9974951251,40.4245125793,56.2923144851,57.9410653005,154.6290174062,86.3607831708,104.2342094819,90.1958544446,122.1729062050,162.7019725289,77.6638900409
2012-10-24,145.5247633072,158.3782666112,40.6323426367,54.1336592801,56.5078024072,160.8461253397,84.2951186751,105.7155547285,92.7993986278,122.3663345098,167.3301367713,80.2318044615
2012-10-25,147.0387998037,159.4665149388,40.4710587609,53.8086715628,54.5077558892,158.9399837457,82.0237129323,105.5751206887,94.2374131192,123.8354717879,170.3251686293,78.8500520069
2012-10-26,146.4838562017,166.6798515040,40.6306515249,54.4958695432,53.8544399043,157.8416403713,82.3012152880,105.5516826394,96.2886527679,125.0412414976,174.7227865312,76.5175062771
2012-10-29,144.5767369815,166.0120465741,41.6987504323,56.2203895031,53.9466490405,152.8580564050,81.8334012353,104.9277113729,95.8581409723,124.7440832773,179.6153143022,75.9533015755
2012-10-30,144.3699688093,171.6135197934,41.5752822188,55.6767053470,54.2281416392,148.4454033426,79.6182667534,103.9099429606,97.7646822393,123.2436624892,180.2712167696,75.2292704452
2012-10-31,143.9861929704,168.3422661111,41.3968369416,54.3997614811,55.4325369740,152.9944977846,79.8274920763,106.1621398566,95.7661577179,123.4269705448,180.9885101660,76.1197203406
2012-11-01,142.8243142502,167.8666850133,41.3064548281,52.6712026169,57.1366385569,155.4594995220,80.4455949932,109.1008019354,96.9089845507,124.8486097547,184.8938590903,76.6778926583
2012-11-02,146.4955785160,164.8141565365,41.5262089246,52.5951521748,54.7558727840,155.3011442571,80.8885980959,107.7108153248,97.8824560235,124.1005514392,180.5466149873,77.6497802972
2012-11-05,148.2115018990,164.8047476318,41.1641546658,50.5402757875,55.4561907429,155.8484685743,81.3333367515,107.0961223341,98.7479316830,124.2286963308,179.9024187460,80.6169254566
2012-11-06,150.2609729206,167.8073235278,41.8156282374,50.9796001985,55.3122413023,157.7398604739,83.0477946223,107.8336691693,99.7549870627,124.6525884701,182.2834878381,81.9518844862
2012-11-07,151.7739922947,168.8237960111,41.7998434153,49.5347178991,56.2938033618,155.0702070680,81.1339592031,104.9266056309,101.8747337062,123.7170990809,187.9138852837,81.9950948452
2012-11-08,153.8738484556,168.8809383408,41.6478387444,50.0118599440,55.9271766556,157.3226683415,80.4426201701,105.7706163025,104.9106054343,124.2878808961,187.6881523631,79.9116792062
2012-11-09,155.7079704916,166.2761262761,41.6272170982,50.4588757772,55.1629023608,161.3222753174,79.4594108816,104.9636371642,105.0174221718,124.3604496456,188.8180257645,80.9001367025
2012-11-12,154.9756914353,164.6655774758,41.8922326681,49.6567048545,54.7171482079,162.8817134471,79.7321590275,106.0040554221,104.0842869364,124.5961081198,183.8502537837,79.8749506744
2012-11-13,154.7467286733,164.4407992074,42.1006462269,50.5814027436,55.3373114494,159.5385149232,79.2110318872,109.1673414945,103.0351415682,125.1819610612,182.5599871246,78.2796802543
2012-11-14,157.0568532602,163.3450331478,42.7224874211,52.4352850146,56.5637461826,161.3884797080,80.9826210741,108.9005474642,103.8512262875,125.4485605083,186.0770921972,78.8142730975
2012-11-15,156.3449706962,160.1699790028,42.7405623093,50.1086266907,56.4325049064,162.0782188086,77.8005060728,109.4257131623,103.5842401520,126.8170979418,181.7243776725,78.0689351001
2012-11-16,154.7083083182,161.4669014258,42.6341244984,50.1419531849,56.1017605457,166.8494265984,80.0473402836,107.6942544953,104.2281985826,127.2979944860,176.6673402285,78.5360210643
2012-11-19,153.7502824729,159.5785943539,42.9232757210,50.7084833011,56.0142511409,164.2923812328,81.6905970567,104.9121659868,103.6335401119,128.3329750230,181.8651351078,79.6274900965
2012-11-20,155.3952544970,159.9798872451,43.0183564831,51.2302987816,55.4297446703,164.3345814773,80.7966827956,102.8871863909,103.2299716892,128.8163945832,181.7380821098,80.7909948337
2012-11-21,153.2645106109,153.7144052690,43.7076854514,52.5281973557,55.9899062849,168.5699822218,80.0590842762,104.1334787899,102.9151089881,127.5971165835,181.1512510784,80.7592971732
2012-11-22,148.8991441974,157.4081050299,44.2607530720,52.2617817960,55.5854531944,168.3807069975,81.5381654469,102.5445739010,101.8481603662,127.2724651273,180.8875413865,83.6258236833
2012-11-23,147.5025653871,155.9433125987,43.9102679894,52.7989939638,56.4346680343,168.7632701382,79.6918944896,99.7876394636,103.3343048641,129.9273705975,178.3529663620,80.1170253670
2012-11-26,149.0021833856,151.7151174418,45.3450390784,50.0094370361,55.5068289227,166.8166136333,81.7418975672,100.3340891282,101.7019004295,130.3289205152,183.6573361769,81.0101098299
2012-11-27,148.2565144681,153.0207909674,44.5614636329,48.2178755474,56.2158857431,168.6762539776,79.0654512987,99.1355832594,102.8374859225,131.6043451306,180.7222928186,82.5291889924
2012-11-28,147.2372686203,154.7154668733,44.7410035258,49.5887845803,57.1524849705,168.4872850705,79.7814234170,98.9447984601,102.5293704536,128.9763855490,184.7378036404,79.9771399288
2012-11-29,149.8103434609,153.6201909587,44.2962058995,50.0703489174,58.0745289965,171.5151689833,81.8709550099,99.4743611956,104.3265797732,129.5220925665,177.4672051878,79.2122685379
2012-11-30,148.3545913551,152.9309373692,43.8661093904,50.7360651231,57.2660465044,167.9438977651,81.3970563199,98.7277222444,104.0926691452,128.8715582364,177.9542827513,80.2402104451
2012-12-03,149.2053100338,152.6646623938,44.1092905179,50.6211652704,57.5233524950,169.8436027239,81.4020178949,99.6594701079,104.1239266529,128.7177315714,188.5790571999,78.5978511019
2012-12-04,147.5534324525,155.3405136170,44.3854145302,51.4672330699,57.6351112794,170.2000985886,80.5915100247,100.8264364829,103.2993446384,129.4093331679,183.1117865197,79.6561174587
2012-12-05,145.2417529161,155.7200788236,44.1587600110,52.5169659963,58.4221862928,168.5493970268,78.8849365094,99.5157657953,102.4005639959,129.7235068587,184.3387481450,80.3612220630
2012-12-06,144.7863085821,153.1196644427,44.4658469465,51.5699054686,57.5604168208,171.2815100314,81.1847716235,101.5745860487,102.2407352421,131.8828514047,184.3570044632,78.7802631198
2012-12-07,145.3087512385,153.5185599753,44.5952391002,50.9969165706,58.8058327147,173.3182852052,79.4811564762,101.1630337689,102.9342223373,132.8631011242,183.9646818307,79.2194857512
2012-12-10,144.6388388737,150.8658086140,44.9356970048,49.7767515151,58.6860721126,171.5957198579,79.8310549005,100.1393469324,102.8312909623,132.5904180680,185.7449704258,79.6208627954
2012-12-11,147.1181763341,147.5325320178,44.6025308053,50.9258729189,58.3420894932,173.5953052753,79.7399220626,102.8175311875,103.0709344148,134.0557496267,180.9955170466,78.8146692740
2012-12-12,147.5486948536,145.8717627309,44.2718091035,49.3737670118,56.9565124103,173.7409194684,80.6287423858,105.3581565826,103.1969783964,134.9484447912,182.6979374252,80.7834929306
2012-12-13,149.4396152812,142.1510319563,43.9043725046,49.9452628943,56.1672758601,172.6922429903,83.3558218669,108.4546812177,104.8095467862,136.1976520367,180.0936853550,81.4762495629
2012-12-14,151.9623513062,138.9250879432,43.6892277942,49.2046342561,55.6692764453,171.9387802125,83.4934543291,108.7936390544,105.1619720821,135.5909238897,178.3871684646,78.5598134495
2012-12-17,150.6820902109,137.6819526625,42.6208441328,47.7727394220,54.2343764159,167.7124582269,81.8821754084,107.7886713314,104.4666385028,135.5544835794,178.9839214647,78.8061648003
2012-12-18,151.8596107040,136.7960076345,42.9159810295,47.2110218514,53.0865894913,166.8286760506,80.5798783064,106.8362570083,105.2893946492,135.6627402049,179.9452123595,76.9246162803
2012-12-19,153.7360957081,137.2064357417,42.6357575375,46.8706452823,52.8066300596,164.9256303625,82.5310211106,107.4071736114,106.7223192014,137.7760520034,178.6108786866,74.4978827541
2012-12-20,155.7490003211,137.9612935858,42.7597969682,48.7801891573,51.6806218710,164.3540628040,82.4202651859,106.2622711702,105.4407574092,139.7606970261,180.5223865776,73.8726983734
2012-12-21,157.6737656623,139.0235379975,42.4494985400,48.6298970430,50.5882264544,169.0907628997,82.9267565085,104.1678451490,107.9368512493,137.6435961050,180.8243594228,75.1033019536
2012-12-24,160.4811083035,136.6890458028,41.5171764858,48.7654124082,50.1498257145,168.1205194937,79.7508501133,107.5810023896,108.1544745762,137.8009657487,181.1994524967,76.6730164742
2012-12-25,159.7474341912,138.4879289298,42.1699420362,50.0758730666,49.7043542559,165.2204958411,79.7828064291,105.0342951577,107.5129648172,136.5846987537,180.8936919490,79.7835003361
2012-12-26,160.7846759480,136.8151569916,42.3708909709,51.4408607781,50.5445947962,166.4790644743,78.7301676401,106.7958442174,105.4976506410,133.6234130321,177.0627567535,76.8187884238
2012-12-27,156.8442120749,138.4053613708,42.0867971291,50.4918857303,50.9570328622,166.0292545274,78.0485795217,106.3437533098,104.7900739405,133.6787087386,179.1974004090,78.5037527866
2012-12-28,158.8420209059,139.0862363482,42.3863706621,50.1890893465,49.7785328019,166.2525179414,78.6411508343,107.4810076147,102.9011521906,134.3153290735,182.3109329935,80.2872349496
2012-12-31,159.7089873089,135.0944964216,42.2624699417,48.4256534376,49.6309309653,166.3708062229,78.8050863557,105.7885413842,102.9339646147,135.1586582397,180.8981558324,78.1007090574
2013-01-01,157.9287488519,135.0444514016,42.4772292239,49.8640372821,50.4636743384,173.0337898751,76.9923606072,104.5866560174,105.0866572269,133.9836441572,180.9727508628,76.8205431472
2013-01-02,158.2507290317,134.9018221931,43.3642367805,52.0295059660,49.2930282751,167.9274071598,76.7107753605,104.3485831726,104.3100243635,135.7000279902,183.0450650909,75.6374667209
2013-01-03,155.6630186303,132.9055276055,43.8084567369,51.2834489703,49.1227310439,170.1084571497,72.6698309432,102.6367823173,104.8907195616,135.2938889414,185.7064416346,74.7408475062
2013-01-04,153.2435714681,130.0356999373,43.7164753659,48.5088377867,48.8191027450,170.8306642398,72.2335608691,101.7903580848,105.1997203920,135.3289625799,183.7823776460,72.8216246088
2013-01-07,152.8794056803,129.2901944697,42.9662812655,45.8485689719,49.1604276270,167.4716607544,71.8606735169,101.6605154672,104.6810927945,135.1740812077,184.9327136059,69.3969505096
2013-01-08,148.9123327940,130.9533398496,42.8415443259,48.2167206928,48.6241099228,165.2055768298,72.4013992000,100.8874331424,104.3694889252,135.0699080095,188.1866595263,70.5977913269
2013-01-09,146.7626199337,130.2425919210,42.7152792051,47.6465687563,49.4823232561,166.6053102987,71.6346707439,100.3247714004,104.7569300218,136.9294502415,189.2506410081,69.3173367911
2013-01-10,151.1106444717,126.3699044131,42.1363105168,47.7153171416,49.2078735827,164.8901105155,71.9194643789,101.4368013563,104.8441994374,140.5815942809,188.0084895976,69.4172780890
2013-01-11,152.6269122819,123.2005900442,42.2456463756,49.7512831618,49.9879518849,170.8909035241,72.9790873558,102.2609861680,102.1175806655,141.6562737181,185.5539508437,69.1623146424
2013-01-14,152.7487084600,125.1788733794,42.1905447461,50.0025236665,49.7865703607,176.5965610363,71.5091358638,105.2092061465,103.8833066924,140.4802849043,186.0271188060,69.0430561033
2013-01-15,152.7430690518,126.5601318643,42.3687636654,50.1220297574,49.9163465329,179.1576532884,73.0179568327,104.4928248630,104.0291383609,140.9564009537,182.5099009734,68.0888120254
2013-01-16,152.8771125341,125.8415821665,42.6285083156,49.9847376339,50.4780544639,180.2394324109,71.7317196244,104.1923672239,103.5540051971,142.3104717985,178.5887955159,67.1563981223
2013-01-17,149.9352865878,123.1213320593,43.0364015477,50.3886964936,50.7510461410,178.7647133087,71.2402010317,104.6711312784,100.6631168352,142.8992494635,182.8698879823,64.4776260673
2013-01-18,150.0207200108,124.4315612109,43.2232161789,49.8192585622,49.9705564956,177.3055590444,71.3395882749,102.3792221240,100.7346275392,141.1887767688,181.5312492681,63.4885519655
2013-01-21,149.7968800048,126.7173254229,43.3659012520,51.3802916689,50.1917129805,176.5185445437,70.9664742644,99.7306874613,100.6366574885,139.9038612326,177.5954483276,61.7255642215
2013-01-22,147.4415044133,126.4006911241,43.7908300753,50.3997186474,51.7342128573,181.0796514004,69.9296909287,98.7954658193,100.3131519541,140.0343872011,173.2982577917,62.9736648454
2013-01-23,148.7167844753,128.4313487838,44.1969590308,51.1692238421,50.2886961407,186.4214307841,69.2433048200,97.2379230756,100.2719721930,140.4481019138,171.7150899420,62.1378924364
2013-01-24,153.5197108213,126.2281538453,43.9449136164,50.9387734896,48.7963986351,188.6348783966,70.7872349041,96.8864278534,99.7803425898,140.9403380060,170.3625820095,61.9998184421
2013-01-25,154.2549969686,126.5608757979,44.0000984609,50.5231774023,49.3304695909,188.0736649801,72.8091062875,96.2558516026,98.1937586049,141.7257362789,168.6944838495,60.0735525136
2013-01-28,158.0868424158,127.2771389649,43.9319674915,50.0943493742,49.5316300182,187.6487028316,71.2579975721,96.8986336588,96.9354738587,141.8698644721,165.8825090845,59.5977169633
2013-01-29,158.2841784316,128.5367774761,43.4838488208,51.0975545993,48.6731903295,182.9298773865,71.6865929403,99.0247585622,99.4280837332,141.5831031431,166.0954684701,58.4279249634
2013-01-30,155.7391116185,124.9940008977,43.3801987594,51.8877720860,47.6040777493,178.2416015714,73.2205433695,97.8984707754,99.6234540859,138.3765814262,169.6968038246,59.8259363899
2013-01-31,153.2321510565,124.2663051649,42.5025379085,50.4108321935,46.6112159754,178.0663265683,73.1742737392,95.6481367427,99.5757364399,139.1733294521,174.9542435956,57.7391562457
2013-02-01,155.5740746320,127.9188005841,41.6423591091,50.6087328943,46.0023525489,176.6579471635,72.0778344909,97.3419082511,97.1459222571,140.5482078927,175.0901193568,55.7584488407
2013-02-04,154.5745061151,129.0025881548,41.8212587664,50.4302213189,45.8242767321,169.6481908006,72.5949563652,96.5300164759,97.3559640364,142.3245049010,175.4434669965,56.8901394589
2013-02-05,155.0866173348,126.4653052697,41.7664402654,49.1028584099,46.3100089064,171.5380423536,71.6068820687,94.0178646473,97.0830771628,142.8271318606,170.9976486772,57.0140682286
2013-02-06,154.6195525139,125.9452573576,41.1109983856,49.2168141471,46.9749516846,172.7494010615,72.5024856850,93.1482569948,96.7663614408,142.9656418460,173.5776577619,56.9968671272
2013-02-07,153.3737517392,124.4898656516,40.9854138385,48.3190671634,47.0702153395,167.0769235712,72.2853973102,93.6196856543,94.9676725000,140.3117383391,176.4379689782,57.2698509133
2013-02-08,153.1127846158,127.3457546280,42.3465091186,47.9682214984,47.9761333279,166.4875465439,71.5943831517,92.2648704812,92.9190532600,138.0117730584,177.8902821273,57.2449304671
2013-02-11,155.3724488520,126.5426994598,42.2497141556,48.2438117619,48.8936646408,170.0793266472,72.0705986589,94.2696412650,92.3890123321,137.6212254009,177.8165541600,57.4630599258
2013-02-12,155.2515233228,128.9145743425,43.1338280151,48.3962594157,49.2838551773,172.6305938445,73.1167464070,97.3078093495,93.1100784485,134.7010055481,178.7875824237,57.9317887263
2013-02-13,155.6189593409,129.9822242548,42.8665926748,46.8347771362,49.1893162462,172.0842526910,74.4800394432,98.8637533506,96.2434206278,138.3686378172,184.2722714843,58.4545237342
2013-02-14,155.9194639198,130.1022635261,42.3870951820,45.9252293306,48.9615979262,172.5848539479,75.8054988719,98.8485664429,95.1179156230,138.2672506794,189.1502582723,59.0381287784
2013-02-15,153.3599615994,129.0667757709,42.6404601342,45.4063449550,49.0223956911,172.6534946326,75.5273905134,97.8081062072,94.2885775696,139.1245925956,189.1260843974,60.5687169955
2013-02-18,150.0673463329,128.9531207173,42.1578599980,46.7444014281,48.1506843097,174.7244864165,76.7998534570,95.8215728814,96.3444967169,139.9186596961,185.0266719402,59.6358501441
2013-02-19,152.8625701791,127.5745560345,42.1990533782,49.6329252242,48.3468065825,172.9794686705,79.1755701400,96.6814706622,97.0142552408,138.8210915516,181.7622309005,60.7709376147
2013-02-20,150.7048712149,123.2902894276,42.6428728741,49.2076306888,48.5041365587,175.4569244066,80.5781114657,98.9487579893,98.1096931594,137.1422853458,183.0530748225,59.9321019845
2013-02-21,150.6729901330,122.8225601847,42.0159604553,49.1131083442,48.4791517740,169.8441154011,81.0563903598,97.7319549447,98.7271018722,140.5017275220,186.9019824956,61.8812603626
2013-02-22,149.1585110109,119.4815511517,42.1706449508,48.6347279638,47.8004559359,174.4959711720,80.3041239996,94.7689523623,98.5625842968,142.3739044365,185.5908159295,60.3866726520
2013-02-25,151.4804061781,119.9636334335,42.7419457327,48.3181837732,47.5742516889,174.1628260949,80.7158829428,96.3582822783,96.1752575778,146.6443122688,185.1040319527,60.7329517979
2013-02-26,153.2122759752,121.5502722415,43.7925880962,48.6181696549,49.1323249347,169.8568325708,79.7234965937,96.9948975806,95.8603054245,144.6712416486,183.6935105247,61.0757636089
2013-02-27,150.5047608442,123.0655511931,43.8589560514,51.0603039150,48.6552802512,168.1860882499,80.9374692575,97.1233981609,97.4695528469,140.0777663308,187.0755478950,60.4950500974
2013-02-28,151.4842269681,123.6022670682,44.5717094772,50.3697645117,48.4737462480,164.8879569102,81.2791439444,100.9392565051,97.0461717501,142.3344615651,189.5750247410,60.7863196648
2013-03-01,148.2597056942,121.1451987134,44.1841626153,48.7739903824,47.2451495663,168.0893521488,81.4777902146,99.8008757553,97.3177169160,144.0281491493,186.5168224137,59.6955481624
2013-03-04,148.0957521607,121.9940676739,44.0948639633,50.1405779939,46.7646642176,165.0800076522,79.9424631875,99.4004861697,97.4752354676,144.8434271873,186.3975529405,57.8714653662
2013-03-05,149.1736070248,120.3433849072,43.6402054406,50.4737989896,46.3392642076,168.1911536524,81.7317241989,100.2091787251,100.6347688714,146.9634320865,189.0059683474,56.6765665560
2013-03-06,147.7100880363,118.9267363883,42.5829757324,51.0501812028,46.2303476963,166.9829783845,82.7634452414,103.1624246627,100.9365828009,147.9332588782,185.0017492719,55.3456850038
2013-03-07,144.7789830765,120.3620445828,42.8671341455,51.5043789860,46.0127904271,164.2743698291,83.3416133204,99.4820481591,98.9043414318,147.9235820822,187.9313748915,55.5288258950
2013-03-08,144.7025527477,117.2010972538,42.9093522471,51.2192968478,46.1883541666,165.2215161636,84.6111389149,96.3532381983,98.4952052090,149.4307780235,189.4872931186,57.1380178768
2013-03-11,141.0560596954,116.4685011802,43.2674173724,51.8657140725,46.8126798014,164.8611964261,86.9721842594,95.5579375426,99.2983506116,148.4305264411,188.6853225373,57.0285860977
2013-03-12,138.3407449315,115.0179140124,43.5332496526,51.2626416789,45.7733001096,164.5015369142,89.1925741679,96.8258324781,100.2173616076,147.9731738063,189.5892799313,57.4371157370
2013-03-13,140.3463310830,117.1620445747,43.9812205728,51.4606210436,45.6953119538,161.1876420134,88.6637505025,96.9308928684,98.9479470015,150.1458242427,186.5884859446,59.9999742321
2013-03-14,139.3133013254,117.4001448277,43.7093917802,51.6216849205,45.6216096529,161.4833551508,86.7513303715,96.2737085261,98.7546029694,148.8982210048,184.0947249850,57.3625608046
2013-03-15,140.3308227002,117.0080966784,43.9635006274,52.0788669222,45.0578858097,160.2500746320,85.9064934312,91.8896531477,97.2349543672,150.6183058698,186.2226147266,57.8679090747
2013-03-18,140.2899719259,115.2840340553,42.9487288343,52.3961245754,45.3588792611,164.5128888865,86.1975088970,95.4598769402,97.7910020063,150.7586799608,190.9143536183,57.9941218590
2013-03-19,140.8924965333,114.5973449713,41.9555809047,53.5254366509,44.3113010034,167.3838307493,87.4897945784,96.9354709602,99.2345037442,150.5431513886,193.7909167064,59.3938824952
2013-03-20,140.3781109186,114.1583974121,41.9119574029,53.2321412509,43.8788199511,167.1587591714,88.3302017208,96.1678291392,99.7214462390,149.2315646942,191.4180653475,59.9455540312
2013-03-21,142.2776754798,117.9073098902,41.9073995922,55.6856987097,43.2400503573,168.8216567530,86.8817412498,93.7644321011,97.0588586849,145.5466633034,190.4871295771,58.2491048903
2013-03-22,141.1676425447,116.3659273572,41.7200007289,55.6632405439,42.6874247098,169.9454483986,88.1550855105,92.8599215943,97.3018875778,143.3737178343,192.1123622359,58.3879840954
2013-03-25,141.7041577421,114.9447704933,40.8878633551,57.3486415002,43.7916692861,170.6065117623,88.4098644702,93.3607130754,95.6264931675,142.3563874497,191.6047586932,58.0989203087
2013-03-26,142.2145060300,115.7193751497,40.3716903162,59.5781483217,43.0000647249,171.9487012738,90.6795930395,92.4073630465,95.3790415176,145.7858822810,189.1981484928,56.9113482545
2013-03-27,141.8378865680,115.7832651110,40.6357322031,61.0121098619,42.9558770706,172.0242176250,91.9624198732,89.8127621767,98.9302607879,142.9005877401,190.5377834362,58.5527023894
2013-03-28,143.6030869420,114.6326336843,41.0974961704,59.3615722049,42.5821311257,166.5133378806,90.5119871211,91.0488696400,98.8415779713,144.8497023641,182.8742550524,58.7345070721
2013-03-29,143.4633499074,116.5590233260,41.6315119231,58.6723884604,41.8553915600,166.3381283269,89.9705565805,89.6366339348,98.2341200373,145.6040710220,180.7192958256,59.5119306564
2013-04-01,141.6110581407,117.0912573797,40.9479914157,58.5439624456,41.8059118484,166.9604875958,88.2324786439,88.9382720915,101.4859951633,147.2020114180,180.0614418491,60.2717160123
2013-04-02,141.0953854908,116.3867308282,40.6730275407,55.4708163347,41.6261593689,169.3338147519,87.1968337770,89.6935833473,101.1619058014,145.8668430834,181.8837619910,59.9843771677
2013-04-03,143.2509402225,114.5903168582,41.2134766788,55.7913882541,41.9470083591,168.0351850751,85.5873245226,88.5572358286,101.1472188090,145.1805145589,179.2345078882,59.5532509939
2013-04-04,142.3719506497,116.0248925390,40.7161168897,55.8667742342,41.1913229892,170.1711587351,86.4830806797,87.8377312987,102.2311067280,147.6050298679,181.5831055963,59.4473016934
2013-04-05,144.7013871878,114.9905202034,40.2998379377,57.8224151863,41.0353011606,172.3328949740,87.3143861326,85.8017100841,102.9865861206,147.7845588138,179.3635332824,57.3955393736
2013-04-08,144.6818838570,117.3001141021,40.8285748940,58.7518039423,41.7649314081,169.9361578686,88.3613104418,83.5921060471,103.9480495217,150.3693858769,182.9872881849,55.7633737406
2013-04-09,143.9572458434,119.3954500995,40.3018541600,59.7661267431,41.3982371496,170.9137728976,88.2849328670,84.6019958066,106.1680074562,154.7118064064,179.9765932606,57.4552764936
2013-04-10,145.8967076747,119.1458222013,41.0037563385,60.1455426275,42.1248808127,169.2043641093,90.5629784320,84.6469539927,107.4919809596,155.0063015042,181.1666684476,56.6630298553
2013-04-11,145.2480174531,119.7820053337,40.8072658654,61.3596815848,41.4624910099,172.5802416202,90.5151112729,83.6102983316,104.7485452437,154.8760336707,183.3763520776,55.1102866404
2013-04-12,148.4988183438,121.9966927113,41.7065463035,62.3842402471,41.3073584279,171.0913585283,90.3282084386,82.9085621160,101.2080465685,153.8712037883,184.1667742962,53.9317532390
2013-04-15,149.8884931945,122.0062833673,42.1656931925,63.8948193346,40.8045431165,173.4635951739,92.5323537260,83.8036431236,101.1202535293,154.0200127924,182.2749543517,54.3977719805
2013-04-16,149.5713868433,123.0890931295,42.2289309298,64.5535615494,40.4476176578,181.8393548196,91.8037051193,86.3019216720,103.8634693598,155.5432285012,181.8545030111,53.9370959760
2013-04-17,151.5028858128,124.3352317265,41.2549744965,66.2240606817,41.9557689104,180.9086686065,91.2079593345,86.5743080437,103.7871824253,155.1632130379,183.1721592369,53.5486578207
2013-04-18,153.0797603283,124.7673620967,40.6935707027,64.9829567817,41.7218669345,180.0891997184,88.7104964949,86.9224003196,103.2698961857,153.6464637134,181.7094802591,53.4103747826
2013-04-19,150.3467569960,121.8740811899,40.4328114627,66.3529578524,41.9918556809,177.2959692277,87.7327165876,87.5799634675,104.4820104872,154.7771963944,181.4001147465,53.0751865684
2013-04-22,150.2350457961,121.9466853096,41.0288957831,65.1491782549,41.9708330008,176.8712892951,87.7428736895,86.3908595460,104.1329630708,153.5313655655,184.8796263869,53.8048706649
2013-04-23,148.4675592906,123.5041532640,41.0697554826,62.9104375908,42.5691759441,176.8045411324,88.3526201687,84.5484534188,103.2405862414,154.3926322396,183.4707218673,55.0393007086
2013-04-24,145.6248628110,120.0269247866,40.8472970654,63.1312659314,42.3124903079,176.7555579126,88.7518800932,86.2600892433,101.8633815804,151.6288295309,183.0421884781,54.8675892783
2013-04-25,143.6858249705,119.9129230950,41.8602886675,59.1729537318,41.7980128204,176.8377125301,86.1955065190,85.1097400887,104.1903935533,151.9275935600,181.4426902657,53.1574248678
2013-04-26,142.1350472997,121.4217987058,41.9118541973,59.3968806318,42.2544820172,179.7766355047,85.0065116632,82.9344755194,103.5977858893,152.1336682506,182.6064693803,54.1641712745
2013-04-29,142.1440597651,122.1386408528,42.7066832031,60.3820882319,41.7581297761,178.9840373850,85.2929262125,84.5027744312,103.7551767301,149.9419061339,182.3912038958,55.1394375424
2013-04-30,142.9964392841,122.8795595699,42.3020350912,58.6839170580,43.3909061594,177.7499270589,84.5861684170,86.4646922554,104.9375999920,150.4379347294,187.2115829326,54.0085454563
2013-05-01,142.3733036702,125.1772867110,42.6196718880,59.1116485875,44.0923076016,176.9343320948,86.3662475795,89.0500919343,106.4913186057,148.0668137115,179.0773229006,53.0501464720
2013-05-02,143.4712999794,125.3773286156,42.4140741104,57.4322382389,45.5839651744,170.3989918072,87.1740201837,91.6729024614,105.3758075008,148.5781503576,181.6442697840,52.8894301144
2013-05-03,143.5267290322,123.5307731012,42.3183733353,55.9099721676,45.6237921956,172.9004388235,86.5832413919,90.8653807697,105.8324467076,149.4010464032,182.5652329331,53.1450615893
2013-05-06,144.6537237971,118.7932117037,42.3261038779,55.8991282351,44.9022963871,173.2635506410,87.1947648950,89.5675727390,103.3730033459,149.6139600245,180.9954768042,52.0190745734
2013-05-07,144.5922475302,117.0773484014,42.1700555694,56.0974175841,45.2676920802,174.7347323056,89.5671952110,87.4052646170,104.6822311084,148.6704719252,179.9195804621,52.4147074332
2013-05-08,144.4025369268,118.0514364946,42.6473216005,57.0613315837,45.2273596164,176.0099748147,86.7156644710,87.2217047739,104.7754405116,147.0117697328,175.0489507009,52.4251899675
2013-05-09,143.7377515989,121.6899563654,42.0722836629,56.2383783225,44.3435116512,174.4984609941,86.4425234467,86.1709371249,104.3277124685,146.3950668879,172.3913790979,52.6002123786
2013-05-10,143.9954036371,121.7658079274,41.9206794724,56.1847153016,44.9639797220,172.9343889111,85.7986395781,85.1816246150,102.0408295312,148.1107315393,167.5497673180,52.8078111594
2013-05-13,147.7268256699,122.2221384772,42.2355109726,55.3320465197,44.4862883006,172.6834962028,85.9107173458,84.1536343781,99.8124992754,147.8072267997,172.2811795410,55.5256784320
2013-05-14,147.6335353399,123.0883872741,42.0817317661,53.9257683744,43.7735963638,167.4035457948,85.3839628085,87.6686718814,102.8404823189,147.9273856117,178.6460416326,53.1396610173
2013-05-15,144.7653572411,126.2958065036,41.7734559311,52.9029970457,42.9374103490,166.2227754219,85.4162539768,87.0244277165,103.0971054196,149.0230347084,177.7007265504,53.2526193091
2013-05-16,142.1702633318,128.1283512670,41.7195923487,53.2685384374,43.9776467745,169.4064116358,84.8718822338,87.6834479233,101.1958937826,148.2236173461,179.6395032190,51.0768232629
2013-05-17,145.6622679984,126.4913506144,42.0924456751,54.2185937854,45.1312646380,168.1595977405,84.1050020272,88.1639041091,100.1575684887,146.7007012177,175.6909482855,50.6302100862
2013-05-20,145.4543959127,123.2882016134,41.1752835874,55.4941308177,45.3675066606,168.1299908174,83.8679090917,89.0299693932,97.2436168980,145.5848361446,176.1920710036,51.7319713635
2013-05-21,145.5018820146,124.9362304445,40.4493314380,54.7997373657,45.0069676243,171.2888575872,85.8569700667,88.0011280205,96.6632304386,145.0978872692,178.1327324248,52.3092897122
2013-05-22,142.9206034402,123.3962089855,40.9979885109,55.7878110578,45.1755728836,174.8609044746,87.9003736792,88.9148711983,96.8470329898,148.6781120989,179.5206536746,52.1538915237
2013-05-23,141.2867694093,122.5809554473,40.4910472249,55.8600171676,45.8711246513,176.1759145932,89.3040859344,88.4463804019,97.0502910378,148.5523794733,175.3605178075,51.9431068523
2013-05-24,139.3413579880,128.4087908369,40.0449998772,55.5114203766,45.8865609226,179.6297792077,90.2332222697,89.1477784247,97.4867660585,149.8937911084,175.6835319631,52.9512186836
2013-05-27,143.4940343181,129.6170581004,40.4781254311,54.0303172628,45.9209947170,180.2630034616,91.5807808673,88.8320150560,96.6502346789,150.7548698223,175.9572603441,51.7288071713
2013-05-28,141.9712407892,130.9032743047,39.7526396668,54.7541723848,47.0956243824,178.9467583589,90.3020315483,86.1071802650,95.9837169523,150.0400953231,178.3922049197,52.6248189449
2013-05-29,139.9679598477,131.1995447781,39.7554333885,55.9662286636,47.3589432544,179.5718361342,91.1926483011,86.6067552360,95.1347193356,152.1225296005,177.5053533383,52.9078318809
2013-05-30,141.9000033331,133.0908412127,39.6745331707,55.4676103455,46.3598260189,176.8116964130,91.4719892627,87.8769052843,94.1479257604,156.1425388804,180.1399103031,54.1571289873
2013-05-31,144.4777452589,131.3608023903,39.2763291485,57.5534823778,46.1582265465,173.8215968438,90.8725548036,87.7359932223,92.8685471350,154.4272445834,175.3407870793,53.9150532535
2013-06-03,142.9061689435,129.0417377597,39.4043913207,57.3141519101,46.1010697861,174.3462546550,86.5641609493,85.3128460977,95.3705455237,154.6770598641,179.2209745945,55.8986505452
2013-06-04,140.5561468039,127.0534467876,39.4777375125,57.2553550795,46.3888978205,171.8683411575,87.2945915271,85.8225024080,95.0807784145,153.8487624908,182.7481283744,57.6597822576
2013-06-05,140.3710636941,125.0523890865,40.1304157303,59.1626074385,46.3447335163,171.8138276622,86.0672992843,84.7867690927,93.6577676286,153.3468900134,178.9548185820,57.9170124786
2013-06-06,141.2251766181,123.5754167392,40.2116994220,57.0877044514,45.7755085072,167.7742654563,87.5039185691,86.0966210390,94.2286412342,155.9261107231,178.1746059854,58.8015208016
2013-06-07,140.8096670140,123.5058177270,40.5410718858,56.2064256420,44.6314492504,169.9505394036,87.5324761484,84.8429710922,94.5149943708,157.6942006716,177.0166450663,57.6522606789
2013-06-10,142.9518867178,123.6140840951,41.3644704886,55.1002867854,44.5829511736,167.4763767313,88.6120173520,84.0561862815,93.4826891974,160.1812221747,175.0352821097,58.1660147273
2013-06-11,142.0662260108,122.6842521021,41.6532363502,55.6075598569,44.3117566986,164.8338596691,89.4144845144,83.6531542032,91.8276568611,161.3523462681,171.7506793149,57.6300496905
2013-06-12,142.2368792189,122.3574824315,41.7183826511,56.2395298251,44.7969992161,167.8547092177,87.3831844600,83.8688229941,91.5209601079,159.2027718563,171.0978015145,56.5756279262
2013-06-13,141.3871127685,123.2232082302,41.8852585890,55.5392709454,44.7327069265,171.4373799873,90.9534162156,84.6387748992,92.6203301924,158.1250045461,171.5678053320,52.8109547018
2013-06-14,141.9120262240,121.1045591372,41.9371997856,56.8152655572,45.5110893071,169.2897456904,91.4584149120,83.3469311325,90.9264017066,154.8804930770,173.5876082049,51.4420983499
2013-06-17,144.9230181343,118.8097838943,42.4745024887,56.0524238465,44.5549924386,169.3303569705,93.6884413128,84.0035322881,91.0202822724,157.8345158363,172.2598980164,52.2338643640
2013-06-18,144.8013722010,120.4606455494,43.2497727818,54.6953355660,44.7822604382,166.5010171468,93.6930912189,83.8102479199,92.8318463180,160.7821157379,171.1061501370,53.2603004274
2013-06-19,145.8697225822,121.7614788215,42.9207310060,54.1080107167,44.7322806716,166.9355508380,94.8329639394,84.6310246200,93.5585141551,159.9686935795,175.7791866016,53.4413509906
2013-06-20,146.7487801228,120.9843831150,42.1269851983,54.7285384933,43.9472630513,171.0508253955,96.0169294082,85.0132190748,96.4364381969,158.1247846648,172.4370876610,54.7274001372
2013-06-21,149.0950702829,117.3212229397,41.8490622203,55.6824280338,43.3164845363,174.9431366500,95.3488953637,84.9708197818,97.1631452710,157.7735373638,169.2037292448,54.6244256475
2013-06-24,149.2163414263,118.4974142160,41.9440129634,54.6639146236,43.8508804282,177.3963867378,95.0934682232,84.9236915722,100.4796248459,158.7199457887,166.7684415420,54.6616780782
2013-06-25,150.6546610156,120.6769441932,41.8553593808,54.1290605893,43.1323543196,178.0919019875,90.3908717668,82.9556554844,100.1810240655,159.2001969881,167.2315289625,54.8435956998
2013-06-26,151.6134569600,120.5204749325,42.0247241142,53.5538504672,42.5560694867,178.3694743859,90.2449167972,82.0654232921,100.4134875104,160.6423826731,165.9496382383,53.6854748021
2013-06-27,150.1707370748,121.6858507711,41.6863561710,53.0509304141,42.6057282837,175.8763503142,89.3532297652,82.1946382924,99.0385907815,161.9978429355,165.6301983372,52.6400522474
2013-06-28,145.6891472924,121.0830719634,41.7929292382,55.7468342170,42.0812094841,172.5973503840,92.1304998092,83.3349670057,100.0524992735,161.5528273611,165.0570226137,53.3121445413
2013-07-01,147.6373336382,122.1760874947,42.3856622261,59.1557648841,42.1291209661,172.6030109512,94.0607773176,84.7325342581,98.9962870513,159.9419612282,165.5454550702,54.0810378158
2013-07-02,145.0078684941,121.9300193072,43.1215788877,59.5544047715,42.7107955982,168.2656755669,95.2326578788,84.4672576389,97.2927205658,158.4142670681,164.4082160669,52.3520498827
2013-07-03,145.6252766612,120.0439320124,42.8357225813,60.0413044256,42.2502020120,167.3729853379,96.7690121809,86.0211372335,99.0685384921,157.6655120964,169.0609016181,54.8209200213
2013-07-04,146.3583086270,121.8700381402,42.7307386400,62.0468533811,42.1875873193,171.6951371141,96.2984501954,86.4282095169,100.5160040437,157.9532036838,169.5017684782,55.4092346752
2013-07-05,143.8212086499,123.7054936951,42.2496196760,62.0911184236,42.1801291469,171.8981563521,96.5437149376,88.2082097733,103.1056723480,162.5551324632,162.9972310441,55.8510138260
2013-07-08,144.3937115636,120.7629577806,42.0742918747,61.8922979717,40.8199365397,175.0034407223,99.9946476419,89.2296634162,103.2856647637,160.3536095207,162.8780537004,57.2396400950
2013-07-09,145.4436469122,119.9568165110,42.3055920738,62.9571692996,41.4958337942,177.2402931489,97.3599830487,92.2753870360,105.1453848454,161.0539548001,161.3443817812,56.7809580257
2013-07-10,145.0029272101,120.8061920396,42.9328348988,64.5456089673,41.3346434678,179.2704699978,97.5430504524,90.6300741148,105.8048018003,161.3407476758,160.8262114155,56.4317347906
2013-07-11,142.5280806262,123.5595287564,43.0330934791,62.0153980366,41.6290032188,181.3416526660,96.1015214830,91.4954619970,106.8066885406,159.3375094024,167.4703942626,57.5368305860
2013-07-12,144.9116190318,124.8219831177,42.0519778038,62.3916796460,41.3172003066,182.8255670317,93.7459326587,89.2495425714,105.4480453969,159.9154412165,166.7175796444,57.1308404664
2013-07-15,143.7031785903,127.7550275578,41.4839059065,60.9750659322,41.5120106586,183.9553356641,95.2043182219,89.8597390092,108.2101296235,159.1714510408,169.5226564377,57.5787068077
2013-07-16,143.1764318339,127.5349763003,41.5669041274,62.2825730576,41.6199864359,186.5728201266,92.9099845956,88.1198584644,108.5531198673,157.0928381057,172.5403232317,55.5644008681
2013-07-17,143.7953937296,129.8346866778,42.0371894686,62.8663439785,40.2922397029,194.9130948961,91.3315825306,88.7129886161,109.8131030508,157.2635260879,172.7897315269,53.7782127767
2013-07-18,143.2852933820,129.7626692602,42.0492140157,62.2456974341,40.0116748289,191.3402566172,93.5672493014,88.9820195493,109.2382275180,156.0749205510,173.9926210164,51.9716000344
2013-07-19,143.6578769772,128.5572393317,41.9217109547,62.0572839433,40.4960026702,194.3547231082,94.2560056194,89.3084066283,108.3789058283,155.1255823257,175.7764155883,51.6249043152
2013-07-22,142.9628203473,127.6201445121,41.9350796017,61.8220706633,40.3039852173,193.9898741911,96.6952671513,89.2487275770,106.3590357990,158.0330738090,177.0784128503,52.4183636485
2013-07-23,141.8183727968,126.8454888343,42.1226189413,61.3781539789,40.2406135460,193.9053739178,96.2814105195,89.4049752158,108.1143416966,159.5622178386,182.0891363102,52.8782620209
2013-07-24,137.4321632650,123.0608571538,42.5381543358,61.0205637384,39.8824917670,189.1642802582,93.7652062540,86.8981594557,106.1839527762,158.4541719175,182.8882800320,52.5039298157
2013-07-25,137.4713166218,124.9678902003,41.5653142973,63.6916045374,40.0391873053,188.3197107093,92.3957139126,87.4617343761,104.3622684568,156.0335145192,180.6363049676,52.0594508830
2013-07-26,138.1777373558,127.7507181808,42.2236973772,64.3431138626,39.5246508703,187.5280871814,92.2823457945,87.8760081503,104.0534473777,156.6583629254,182.7009118367,51.3668277390
2013-07-29,137.1451115475,126.8414240257,42.5271302855,64.2101929928,38.8138444016,185.3388227640,92.4723576719,87.3502893188,104.1635234003,158.7311157776,185.0756419695,51.9443459965
2013-07-30,137.3244556408,128.8681061809,41.5678238280,64.3552474614,40.1542476608,184.9880615163,94.0819885772,88.1782142593,103.2818669467,158.1516729854,186.2413011528,53.3421293032
2013-07-31,135.8314169103,127.2933902439,40.9105182017,64.1094714238,41.0016132058,188.2858830048,92.2435779298,89.7437498787,103.3710100352,160.7050219661,186.7470169120,52.5022654983
2013-08-01,134.8826407653,128.4172813563,41.6488285266,64.1766729231,41.0202043626,196.1550683795,91.2107788450,90.3010271491,105.7954725963,163.0785332473,182.3518989437,54.9106119732
2013-08-02,134.7018203017,129.5288060325,41.3781793618,63.8146033351,41.3592170596,192.6070046521,93.7918669962,89.4395316045,103.0193255777,166.0050923330,183.0131260205,54.5470845420
2013-08-05,134.4062469979,129.8372254587,40.2597971733,64.1656261188,41.0635279697,189.0088061291,94.5036359238,88.2747434607,104.8713086634,163.2836728607,180.5201683643,56.9433565199
2013-08-06,135.0391563704,129.9778148533,39.3515048100,65.1760867029,41.2660141092,182.6446058006,96.1494122813,87.2012968089,106.0060268498,163.5990888906,181.5735995413,57.3939006345
2013-08-07,133.1829827212,129.9171987180,39.0243598122,66.0548577054,41.1993376020,185.4368683818,99.6288558449,88.6605277097,105.1989725066,165.2568134904,181.0608959000,56.5380713327
2013-08-08,131.5727393378,127.0081162114,39.2294983527,67.1810996204,40.2472075142,185.9633150231,99.2520636495,89.1685621184,104.2715584845,165.5770883154,180.6351124574,57.2922083504
2013-08-09,133.1056332500,127.3960014118,39.4600728246,69.6531620261,41.0549602092,191.1642478797,97.0113075814,87.9647921015,106.1605095272,163.4356195149,175.8680596767,58.9854633122
2013-08-12,134.1624895466,127.0754631558,39.4990655178,70.4258991048,40.1379316987,192.8707468477,98.4442266926,88.8173537974,106.6330030250,162.1117431684,175.3250393632,58.8818588774
2013-08-13,133.9686327641,127.1917933404,39.2570770429,70.5234387522,41.1973070468,197.9627363413,96.5407611154,89.0804339784,106.1181204409,161.6078684943,166.4149000350,59.5536233663
2013-08-14,134.2446658634,124.8064672878,39.4648442649,69.3128498271,40.9675284347,197.5280345136,98.8952537863,90.5699196386,104.7577099541,162.0928588696,165.0031678724,59.8774576125
2013-08-15,133.7620456022,125.6166618822,39.8887339491,67.3592841783,41.6467869127,200.8549088728,99.6387115374,90.0171544541,104.1369370200,163.3571832450,161.6231538514,58.6643741084
2013-08-16,132.8349637752,128.4785743275,39.7717771037,67.6777571381,41.6308768712,200.6271430436,103.0221928569,89.9314959231,105.0108945209,162.6120670052,163.2344873435,57.7069478231
2013-08-19,133.1846960637,129.5966274374,39.7952954320,67.0776166782,41.8394290629,197.7201127488,101.3289959678,92.4296704076,104.3963856956,162.3550822439,160.5752093852,54.8547463678
2013-08-20,133.4872821948,128.3232605692,40.4350208697,65.1975123646,41.3024785036,200.9372326658,102.2664564238,92.3256982364,105.1753534617,161.1368322853,163.2208970660,54.1933638564
2013-08-21,134.0409587518,126.4100679990,40.5605180700,64.4287055767,42.9167378301,196.6901801813,101.2548283414,92.4139021485,106.1280781684,158.8499062485,160.3578317462,53.7352443737
2013-08-22,131.9610248794,129.6167453909,41.4145369236,64.3378523399,42.8679429305,196.4488309661,101.3752585483,92.0543949011,106.7565827383,159.1782307594,157.6300690954,54.3567060172
2013-08-23,132.5897576659,129.0652602253,42.0033883784,66.1406950869,42.0711732580,195.9162238002,103.9420976217,92.6941077481,106.5968745811,158.8505691489,157.7175028518,54.1916689222
2013-08-26,127.4033227464,127.6536091133,42.0118555669,65.3182383140,41.3028741922,199.4238456880,105.6908014324,93.7144555497,105.1160456194,159.7037127398,157.2408883789,54.7855661031
2013-08-27,127.7729064420,127.0527570548,41.9978408372,64.5670365816,41.2690107629,197.2293378454,103.8673119322,96.3669038037,105.5270230193,160.0907825933,157.6458532857,57.0364708602
2013-08-28,128.2229639181,128.3926976153,42.6014981476,64.7656152407,41.6686530378,196.2763240069,104.1119721327,98.2442562086,108.0412092456,160.0337232929,155.0090215771,56.6604250291
2013-08-29,129.1234603839,127.9889043567,42.6268720230,66.0275966779,40.6387498508,198.0059102005,103.0998393013,98.4576325837,106.2430769525,160.7503480363,154.6412576935,55.1995856160
2013-08-30,133.7829543923,126.0980174508,42.5774998491,69.4767880645,40.5449053028,204.7101596459,102.9560796246,97.6707480043,108.2713676647,159.5769429483,153.8368114404,54.2313161795
2013-09-02,134.4674468903,125.5160436606,42.2049337829,69.4501613474,39.8830889088,200.9252812054,105.3814627527,97.6542206676,107.8119073079,158.2233296553,152.3473319608,55.0973178975
2013-09-03,133.8107850954,127.9086643696,41.5908337026,69.2333822408,40.1840707646,203.0419048913,105.1688011577,97.8869635991,105.8843365762,159.9480357844,152.5213799019,54.2276233807
2013-09-04,133.5714503172,124.4475265859,40.6060807028,67.5823937108,41.0637447232,204.3668747860,104.6102449579,100.1900999115,106.8272623845,158.3349662777,151.7235259230,53.1177796946
2013-09-05,135.5791451832,125.1352872419,40.6406320293,68.3281534724,41.3386657867,204.1907389831,105.1089984359,100.7302527882,105.5667196821,156.6049519333,146.0819514651,53.5389602455
2013-09-06,134.4275391158,128.1940208415,40.7244858146,71.7858176834,42.1425443242,203.3626810951,104.7770891478,103.0057544962,105.1961063907,155.7136258490,149.1083823807,54.4500493183
2013-09-09,131.5678853250,126.0320934906,40.8040488954,69.9157584636,42.9213732929,192.6219403536,104.9211130809,104.2840992273,108.3237081172,154.8599835194,149.1970848076,55.1997203510
2013-09-10,132.7098103246,126.6740667512,40.7376175236,72.0551117775,41.8590755506,198.0122352143,103.6952529591,102.6422365501,108.8082497544,155.3939484959,149.7881483198,54.7578732675
2013-09-11,131.9002765995,127.3746719349,40.6751360582,74.2763078061,41.5169386170,201.6282228504,104.9471088946,103.6411744670,108.9258903954,157.9634345245,144.7192980084,56.2441190915
2013-09-12,131.8724270696,125.4097487658,41.2964689198,73.3072955176,40.9953994047,202.9050489193,109.0001305240,105.4497523866,108.4579613112,158.8115344219,148.7263856327,59.3959503176
2013-09-13,129.5625134346,122.4565160084,41.5400402557,73.9376538648,40.7981998385,209.7522771562,112.2251161109,103.6226295193,106.1423586650,156.0367104669,150.8834709922,58.0426787113
2013-09-16,129.2544999456,125.0122551239,40.5854074773,73.4209953388,41.2146183505,207.9774642914,107.0150304150,102.6237269382,105.9056466912,156.3191558469,149.6221129704,57.7320624822
2013-09-17,126.1582983920,125.9771056906,39.6692044145,78.4068381305,40.8541073542,211.5266839447,107.6758859266,102.1357187030,104.8208935416,153.6606315507,145.8854104425,57.1812523908
2013-09-18,125.7280302952,126.9753986442,39.9360868783,76.0042551828,41.4389190768,213.3030116433,107.8041572910,101.7365313210,104.9423961151,153.9511659933,142.0063161891,57.8685028158
2013-09-19,126.1556140588,126.0876432257,39.2633249556,76.4103908338,42.1036713771,207.1422613094,106.4510013982,102.7195110871,106.7201504900,155.2423068024,140.7234965644,56.1817152994
2013-09-20,125.5925954227,127.2613642442,38.9333908564,76.3402738473,41.4764432156,209.3322070376,102.7553283279,103.0410554552,104.8917920444,152.7136852542,137.0691878131,56.5964446520
2013-09-23,126.7631959612,127.1253896087,39.6064476128,75.5040221848,41.4280447435,208.3761751839,105.3352850006,103.3340651490,102.5557340117,153.4447037528,137.6503509965,56.1453421593
2013-09-24,126.6436662242,128.5910640692,39.4310623660,77.2017770239,42.3781106126,206.7944519971,108.6528393949,103.5839900872,103.1611013257,152.2587470537,136.5227541490,55.4803851249
2013-09-25,127.2444048796,126.9381010072,39.0991987899,76.0412099100,42.0667903889,202.0743025924,109.0014675546,104.2574838171,101.2886714783,155.5140486356,140.8984984848,54.6286677243
2013-09-26,124.6148645212,127.5077720332,39.0198442020,78.0486294181,42.0923591140,198.9284023161,111.7950121064,103.5261124248,101.1705133984,152.9748127062,139.9428287770,56.2783119648
2013-09-27,125.6261443317,125.0852128815,38.7138423038,82.2952737860,43.4926589048,198.1141170818,110.7944647249,105.5394470080,102.8345764570,155.1599264452,141.8224091883,57.4930400347
2013-09-30,127.5004895630,126.7831476330,38.7052323471,84.8649809003,43.4041766653,196.0355935306,111.8233912962,106.4756372189,104.0137469258,156.7917308768,145.7213371572,58.2038536449
2013-10-01,127.7784749845,123.9958885336,38.5230850825,83.8864998313,42.5917929723,196.7473382639,111.3850732626,106.4885703935,106.3054406928,158.9342853065,146.2028758434,58.2053297015
2013-10-02,129.6770258886,122.7055611376,37.8463816276,81.4790513538,43.2458292649,191.3409547960,109.4968235305,105.7686607287,108.1219914883,162.3259073818,148.4836559781,58.3087389467
2013-10-03,131.3042764911,121.4607913650,37.3376862798,84.9562709277,43.5654626769,191.4925981605,111.3881661659,102.2294907655,106.5065311483,160.9726702437,150.1449530615,56.7810807811
2013-10-04,136.2564509340,121.1170885324,38.1221199306,87.1373561764,43.7257454764,190.0849425484,107.6890461421,105.9134781244,108.9034171590,161.6058411656,148.4668832359,56.8527772364
2013-10-07,135.9249279113,121.8116265263,37.7315642959,85.3162461621,45.2801340195,185.0293921417,107.5345556652,107.7678633515,108.9473403794,160.7073687804,150.7489568023,55.9176507377
2013-10-08,135.7695521038,121.6175126624,37.8273098267,81.8432821560,46.9423259650,186.7022246575,105.6747573446,105.8821461311,112.2209761797,161.7400906071,147.7374339910,56.4600411987
2013-10-09,133.2138095848,121.6084542708,38.0259985537,81.8661390894,45.7713298928,183.3366455954,105.0973623009,105.2595958741,109.8227617398,162.0564762406,146.7879833415,56.9753250923
2013-10-10,134.0454966179,120.0978693250,37.2812995822,83.0150707995,46.5784783887,189.7849652693,105.1585300858,103.8262085239,110.9530126301,160.8612379122,147.0536354388,57.4547351487
2013-10-11,133.5430084772,120.0985303726,37.7366961732,82.9402589029,45.5797782189,186.5505474330,106.4690525581,105.1400071482,110.4487644041,161.3166986421,149.7216718220,58.2779920728
2013-10-14,130.0199468981,118.2258960679,37.2802248646,84.5132277954,46.0328395955,187.2046420874,104.5672958741,106.2197638765,111.0304266340,160.1682302146,146.6111940618,58.1773946704
2013-10-15,129.9345473219,121.0319431834,37.9771074116,84.8911082605,46.4903430123,187.7315623873,105.3767121224,105.3818488849,110.9082192438,160.0090136948,147.2922403539,57.2405920212
2013-10-16,128.5349249185,119.0051510439,38.8868883158,85.2714782665,46.6633502366,184.4173059331,106.7428332440,106.2486810310,110.5198408940,160.1977239104,145.1157689917,56.8122800382
2013-10-17,127.5430536453,123.0982118275,39.4161469714,84.1711973169,46.2261602596,181.7312340869,109.3400499788,105.2605345590,108.8739277796,158.8406291698,143.1730466216,54.2090498928
2013-10-18,128.7598553384,123.6782359627,39.2041341397,84.0288913911,46.3361376124,181.1157918722,111.0550053635,103.7379813893,107.8112697545,159.0527357553,139.6288178595,52.6159950670
2013-10-21,130.8375550640,124.7858476931,39.0807476459,85.4117508994,45.0677312081,181.1435516975,110.5617401743,101.8817900472,106.6350178272,160.0505984567,139.0830478530,53.2960539101
2013-10-22,128.0054351440,130.5786401972,39.9124769581,88.9201785406,44.7340413406,184.1450523303,114.3580453243,103.5844293879,107.3329625661,159.8126216134,143.2688241064,53.1892080745
2013-10-23,129.4304833745,132.4832281516,38.8836368635,89.2386690430,45.0223206964,183.5721213271,114.7643464070,102.5091550056,105.7678079557,160.3788213167,143.7046157407,53.8766753342
2013-10-24,130.6882915562,132.0825307374,38.7099832278,87.1067766373,46.2956323118,185.2399062699,111.2998125259,102.2989797123,108.2789254801,160.6910087510,145.1789098250,54.8695641414
2013-10-25,130.8503479425,132.1699821835,39.1154310282,88.0064035685,43.9186363544,184.3540062975,110.8437945412,99.6257106943,111.0268930556,160.7020121597,144.4769383443,55.0926935544
2013-10-28,131.7235562107,132.8674263230,39.0074777333,86.6676569119,43.8225323193,187.5436915634,110.0977605994,100.8934419515,109.9352124836,164.3436271705,146.6842861762,53.7034992234
2013-10-29,132.6865671954,132.7441296145,39.6492576804,82.5453663415,43.3436344858,183.9456873672,109.4364644776,103.5926167448,110.0664188848,163.6092973189,147.0383335591,54.9272657297
2013-10-30,134.2901216075,130.4682174250,39.8943545678,85.9533943407,43.9845390139,187.1366294275,110.0813190900,105.4734117266,109.2693692344,164.5235038356,150.9300622283,55.7095159369
2013-10-31,134.9494311155,130.5965981586,40.1417526590,86.0187147985,44.2166384472,184.5306822694,110.9062979875,106.0563978415,109.1462517022,165.5564468303,151.9355074211,56.0212647587
2013-11-01,135.6181394806,128.9275259761,40.2058254860,86.3353646135,44.3980406463,185.7169456967,108.6057796284,104.2080204142,109.0727588172,165.0379402893,150.2198352448,55.0754552042
2013-11-04,135.3803364522,128.8032472102,40.3307606745,86.7962828910,43.8597067848,187.8288922606,109.4316599422,101.9734859976,111.2852215196,161.9542611425,152.0604925617,56.3583864861
2013-11-05,134.0742496991,126.6683700415,40.5135983320,85.9157832901,45.1154884090,187.2308777797,108.3435502188,99.1874171959,113.7249370237,162.9635932192,148.8633795168,55.7720258530
2013-11-06,136.1425559780,125.7238780000,39.7607401148,84.4836331295,45.4599731429,186.7344952163,110.5098668858,97.4986150121,115.5039585736,162.0467269201,150.1004549704,54.9405228780
2013-11-07,134.2262587851,127.7110159025,38.8608113690,85.5158004110,45.6474165827,186.1045846741,110.8359930445,96.0624650493,116.9272828782,162.0174207364,147.8808039839,53.8031010554
2013-11-08,135.2618844815,127.9727535988,39.1570964367,87.2171270212,46.4425296579,185.1926950901,111.9063165577,94.7334090105,119.6482932088,161.3905841309,143.4354280157,53.8245592644
2013-11-11,132.3131724065,128.0733839295,38.1708657785,87.9032982194,46.0571187968,182.2601475579,112.2870403859,97.6511461413,117.2398776084,161.0120360029,146.9978277739,52.7443056934
2013-11-12,133.6710503175,127.1521035134,37.8607745497,85.5097406109,46.2625486402,180.2974614013,111.4837785482,99.0716161823,120.6182171149,159.0527675285,145.7818224589,53.1871512163
2013-11-13,133.5921415550,128.2575610840,37.7246028571,88.3358636320,45.8095076382,177.2075522424,108.8924198499,98.4977446428,120.6265948504,156.8598068001,146.6547332204,54.8382969079
2013-11-14,136.4409524437,129.3629181362,38.0414025597,88.7256504362,45.6651649180,177.4151435330,108.4798192584,97.8716008701,123.2748590677,156.4088088745,147.8209300723,52.8483905968
2013-11-15,138.2925850343,125.6961177719,37.7850315656,87.3477645442,46.5697556243,174.5354687219,108.5327606488,98.3576776237,122.2246485121,154.9461971893,144.9095272579,53.8546532457
2013-11-18,140.1477182853,125.9652308376,38.5085344070,90.3160348639,45.4650547452,172.9379781971,110.2273774474,98.2068148277,120.8368684498,155.3741637633,145.3806026776,54.3088646139
2013-11-19,137.3114912838,128.0009962591,38.6446031950,92.3210981661,43.4934856604,176.3073358646,109.6081103106,99.4136728811,121.8471467105,152.6507763302,144.2026115775,55.1668395873
2013-11-20,137.7682672577,126.9994825860,38.4314920703,91.5122852740,44.1588967570,174.6425753879,109.7569593265,99.2258114030,124.1327061532,154.9739057643,140.8416878833,56.4791096150
2013-11-21,139.0107032893,126.8978753904,38.7404681100,91.2639638289,43.5519026257,173.9130539951,109.9510304372,96.4856959746,125.5245224007,155.7886683907,139.0566335807,56.0203528128
2013-11-22,136.6028919703,123.4937990898,38.9340631321,91.2504257957,42.1298626042,171.7457261997,110.4270542818,96.3424409158,125.6138628239,156.3702882967,143.4722469637,56.7932484052
2013-11-25,137.8522328805,121.5088533856,39.1775086361,91.9999123219,42.2525345692,173.5661399619,112.4070706422,98.2972618296,122.4150441979,159.1627647942,145.2481289506,55.7093847029
2013-11-26,134.2714661370,119.2959698520,39.1756901086,92.4194766300,42.6286234725,172.4965761280,115.4976709078,97.7616765174,122.0648655155,159.0047644615,141.9733672261,56.0946258392
2013-11-27,132.6583793350,118.3791248301,39.9608950636,91.9197491269,41.9893011714,178.7604718885,118.3135466713,96.5577493397,124.1684520510,158.4486626197,143.5715317102,55.1880060662
2013-11-28,134.3249746571,119.3869592434,40.2689224032,90.7220158963,42.7187831786,182.5896519558,119.9210550656,97.2720142105,125.3660112621,158.8649999074,139.4264570787,53.8860123493
2013-11-29,134.6496398985,118.5860987382,39.6577715683,91.9905767229,42.1730703834,181.8684719897,118.8352356652,98.4934711945,124.7906973262,160.1259400731,137.6654557229,52.2100396378
2013-12-02,134.9694258175,118.9358908016,39.7280539826,91.0665248085,41.9255424299,176.9166513282,119.0240905022,99.9181547967,127.5559892555,156.7900819177,138.9420482856,50.8978330392
2013-12-03,132.9165021274,120.5055712319,39.6254845748,88.8360734115,40.4824729325,178.7090443483,115.7949611710,100.1134500351,128.2341663434,158.0452245600,136.7230587176,51.6052989407
2013-12-04,132.8066137989,118.1358106105,39.9386593464,89.5498173642,40.9158224397,178.8809499816,116.6282180388,100.0382510857,127.6550324322,160.6800287238,138.0449408786,52.2698996395
2013-12-05,130.3466208701,117.6478916402,39.4555632708,85.5720902020,39.9536459502,172.5305167092,115.8975463895,99.6055685865,127.4243817945,160.5234078889,137.1778834267,54.2835477085
2013-12-06,131.7146525041,117.7568473286,39.6913827385,89.0749617852,39.8227279098,169.9688231133,115.8530751700,99.6751046484,127.5675372987,160.8308378866,142.1790564891,53.0222192674
2013-12-09,131.5907074129,117.8875958596,39.3103342359,88.4387766802,38.7652521180,167.5406226944,112.3458660070,99.8273157831,127.0528601385,161.6630992024,138.2352570468,51.6439929114
2013-12-10,130.3343233988,115.9792676166,38.1747038126,90.6630510674,37.2383009355,169.2343696547,111.7377106811,101.1508684100,126.2896081670,163.2767192916,133.6536105250,51.7007861412
2013-12-11,131.1062351330,114.9679858635,38.4815976315,90.1276217027,37.6366134575,170.8435065779,107.0888632223,101.0530739982,127.1226242572,165.0355201407,131.4175469442,50.5247496405
2013-12-12,130.9732164143,113.0118401159,38.9378566629,88.9063432746,39.4689431124,173.9463742558,107.3523367079,101.4248842812,125.1472341459,168.1998288262,126.4276972968,51.0027038712
2013-12-13,129.6723984217,113.6797038676,38.7150687383,90.3292710583,39.3870606217,172.2098624499,108.4996828304,99.2136534691,127.0596499182,166.7098992060,125.1869327189,50.9358565939
2013-12-16,129.8389602164,115.4763205620,38.7515334385,92.9512238468,40.3641789057,171.2983842663,106.0551363422,97.8590274155,123.9520054803,165.5344115944,125.0265559266,51.7582366565
2013-12-17,130.4195751240,112.9477954001,39.5790516910,90.1674955515,40.0652183937,171.4056838697,106.3136523072,99.3938048589,127.8697507621,166.1884827849,123.6916393673,53.1861333352
2013-12-18,127.1685655799,109.9888148705,39.0461635771,92.4991106860,40.9081199915,173.1132172814,105.7486155760,100.2744154739,129.9324269627,166.4077482728,125.6146051778,52.4336566360
2013-12-19,126.3779422383,110.3207109520,39.1309452130,96.3655532335,40.5011183955,167.0252853512,107.1855043704,99.9160258359,129.3761368141,166.9087615818,122.7755672603,52.1663399073
2013-12-20,128.7689045049,111.9892791212,38.1877844020,97.8072421119,41.5462712961,174.0760134160,103.7031082418,98.7952851498,127.0929885911,165.0829411381,121.6836461982,51.7237598526
2013-12-23,131.7118486572,111.2104997455,38.2802083641,94.4789379610,40.5774602730,174.4077399284,103.0673326789,99.4669595412,126.7591083697,164.3199747439,120.4835189615,50.9944643196
2013-12-24,130.6070440066,111.2153782198,38.6903118759,98.4353941621,40.1564707955,174.5362566450,102.6162489084,99.5245946808,128.4511581186,165.5391452935,120.2375280267,51.9224662942
2013-12-25,131.8466156352,112.6982186157,38.2943612750,97.4791444520,39.8364441515,175.4720135138,101.3821668760,100.0240499936,130.9341516811,167.7014893597,120.1000213895,52.7602603889
2013-12-26,131.5985383403,110.9219272518,37.9005948847,97.7111323272,39.8512938537,175.2411439326,100.6630876630,100.7782617259,128.8367480273,171.5583148520,118.1595333093,52.4622439331
2013-12-27,131.8638041437,111.1108227213,37.3964681403,97.5856827390,39.8196499249,177.6574406387,101.1118753479,99.9591998914,130.7489385649,170.6268058648,115.8418809383,53.9362333825
2013-12-30,133.9229036357,115.4898335115,37.7290334782,97.1982221940,38.9927643912,179.1182342375,102.5105054091,101.1505457542,129.2781611971,171.9565753166,116.2446754656,54.1642195733
2013-12-31,133.5004716728,118.0286773758,37.9672295010,93.5125887773,38.0494232613,181.2019477649,102.6465607954,99.5507841632,130.3874997744,170.8862701539,115.1458610720,53.8650861786
2014-01-01,135.0788992773,120.2406420814,37.9942101245,89.7651588066,38.8907397493,177.3636034265,99.7625465294,99.5675714498,130.5450413209,171.4616565766,114.1531459438,51.8027544377
2014-01-02,136.7370896647,120.4875944705,37.2025086500,90.8867301009,39.0190484835,175.1679114540,99.8056719265,98.4765322352,128.7416105242,168.8500233930,113.7608803113,52.1591643393
2014-01-03,136.6208539623,119.5758600419,37.3259783564,92.2938048128,38.3425686974,177.0344799712,101.3209826394,99.1808189682,130.6162733478,169.3427022533,116.5043380948,51.7307338655
2014-01-06,139.1569584049,117.5367202383,37.9408932161,92.4470512748,37.0889201227,173.7286798315,101.6627687224,99.3020745081,129.3612640911,173.2473854877,112.7070103027,49.8191303627
2014-01-07,138.0506498005,118.9037782913,38.4266189851,92.5376925300,36.6089779727,174.4523190015,101.7607772332,98.6273037744,134.1891852012,174.6289993473,110.0375236882,48.8791473683
2014-01-08,137.4685137993,119.6485815726,38.1409057490,94.7584811897,37.1421464442,175.9511645456,101.3381364660,96.9848097143,135.3757651553,172.2676030184,111.7757925709,49.2660996182
2014-01-09,140.7131161601,121.2097000733,38.5379289974,89.6446405915,37.0241916775,186.3696871352,103.2479515097,96.4616646118,138.3185468852,172.8975034545,110.0151591674,49.5535190601
2014-01-10,141.9000516436,120.4616176511,38.1987411686,90.3537736895,37.3598385025,187.0140192544,103.1055224646,98.2108514670,138.6124444517,177.1669257855,109.7118500613,48.6777707722
2014-01-13,142.0518029561,120.8840913884,37.8980726356,93.2340148795,36.0862022373,179.5668034696,104.9112183752,96.7023931614,141.3961034032,182.7652405212,106.7234331224,49.3841275272
2014-01-14,144.9765474863,123.4228229885,37.7666946382,95.5231312566,36.5992787983,178.9659646140,100.6120460348,95.6102732383,138.4929954008,185.9084369537,105.4913933851,48.9316682565
2014-01-15,145.5772192736,121.8518144092,37.8069782031,94.0300957161,36.5363795264,175.9220120286,99.9394348847,95.3015349702,140.2047065998,190.3320072055,103.5759893382,49.6308897132
2014-01-16,144.9376480390,120.1300682562,37.6081839703,94.3563729412,36.0703385866,177.7562080461,99.1238645797,95.5160846797,144.0675879791,186.3769996769,104.5989696362,49.4758477113
2014-01-17,144.8429927692,118.9132306008,37.1925782161,95.8793156266,36.2373453566,181.0274395288,99.9175825266,94.5371243528,143.3876554299,184.3101525622,103.8701207259,49.8669937504
2014-01-20,140.9055751780,119.4765482356,37.3305565974,94.3885097083,36.1907457859,182.3860776883,98.8745757995,94.1972888893,144.2395302701,184.5206788417,101.1482823798,49.4192401454
2014-01-21,138.2567855294,120.7180705583,37.2859914992,97.9898737466,36.4967933391,182.1210371524,100.1235844141,96.7161138788,140.3262316074,185.2949224289,97.8723021327,49.7731054177
2014-01-22,136.8689396516,119.2386182662,37.1978148334,97.1860066022,36.7897548256,188.3833396547,102.7696611210,98.0025846121,143.6704094427,185.5190937747,97.4462716089,48.6438857783
2014-01-23,140.8390345040,117.7912823469,37.3428810420,97.8915994141,36.8939471750,188.0615688500,101.9814074962,97.9845608809,142.7050565643,185.6473002121,96.8157832856,48.7923337693
2014-01-24,140.5025080560,116.5994010338,36.8553513964,99.2298682656,36.1320847753,188.1569206355,100.2816102411,98.5704109192,136.5687105472,185.6289479347,97.6848258790,49.9049185047
2014-01-27,141.5915359335,117.3725786064,36.7146047036,96.3510482984,36.5379912635,182.0826893575,102.4077001607,99.8526630562,138.8009794051,183.9628239582,96.2120898219,47.9214927877
2014-01-28,142.6226350308,118.8840695851,36.7087235360,91.0640854675,36.8541513696,180.4834203349,103.2575486200,98.4698358158,137.8784479023,183.4233212498,98.7681369738,46.0901762430
2014-01-29,144.9913696981,115.5460713254,36.5854391304,89.8359340355,37.4771574066,180.7699152499,103.7490856440,98.3318581032,138.4092840101,182.3580634203,97.4996928151,46.9146884443
2014-01-30,147.4427188889,117.2267482829,36.9845078139,87.7667645576,38.4488628481,181.3129981304,107.5690631691,96.2668395176,134.9479187343,183.1898082874,97.9383625179,48.6120405713
2014-01-31,151.9812319094,119.9740199551,37.1592609644,85.6706783614,37.9250354552,180.7035076048,105.8889756786,95.1084597720,134.3104459079,187.9990483826,99.2590511025,47.3046393552
2014-02-03,151.4907124444,119.2015194505,36.5356322069,83.5186019208,38.4335335954,181.4328440665,108.9802057550,95.8234773334,133.5777685036,189.3827059969,102.9947117053,47.0120849294
2014-02-04,151.6183663635,121.4171273597,36.7122554584,81.6027451153,39.3836561511,183.5847158138,109.8401630676,94.4418080822,133.3144436878,190.3697948493,103.7065997394,46.3313886132
2014-02-05,151.4551548694,119.2081296828,36.6061274087,78.5419205424,38.9721416574,187.8589298358,106.8813313720,94.7471679265,133.4928675106,187.0277566781,103.7517658523,46.9596641678
2014-02-06,151.7933139737,117.8268617142,36.7486536117,81.7062809350,39.9044432586,185.7128535001,106.4259043331,95.1359706502,133.0078248505,188.1255624925,103.9618088921,46.2560640712
2014-02-07,157.2062906549,117.5100744944,37.0269445812,82.3640998309,39.6362699573,191.4393387118,108.9831622952,95.8774495852,131.9290021215,186.9861317147,101.2882569968,48.1902052128
2014-02-10,157.8497179261,118.4348678624,37.0227100337,84.8524164095,40.0944681956,189.3798955791,109.3129189519,96.3851242655,131.3270403758,189.2350169557,103.6485750343,47.5018264193
2014-02-11,160.8706178506,120.2968840228,37.0935743399,87.0226646750,39.1322250046,189.9751555698,107.2711463846,95.1625388081,130.5393679028,184.6497334221,104.1210689700,48.1060891700
2014-02-12,163.0974138979,119.8414422396,37.6183483618,86.2984195786,38.7934800647,189.4760768712,107.1652916923,95.9274419872,129.4203971994,182.7322429059,102.7268366849,47.5042561267
2014-02-13,166.1865258756,121.0006829086,37.9393275070,85.4389592764,39.1939636247,187.8700361805,105.9133691513,97.1884182639,129.4841949894,182.3261835043,101.8219556956,47.3375432949
2014-02-14,169.6182875593,122.4614012251,38.3010099151,81.9149897753,39.5201023298,192.3878321450,104.1494519471,97.5998669396,127.3900422948,184.7868382468,103.0104603174,48.6748907974
2014-02-17,166.9951333756,124.4852857793,38.1257998497,83.6278392917,40.7521498677,195.5164088395,105.3609643598,98.1167948474,129.9176289670,185.0810670301,100.9756274766,47.9596933023
2014-02-18,168.1075788527,122.1322256024,38.1940163774,83.5764656016,39.7867147786,197.8306719293,103.4994722159,97.8747253770,131.7225110437,184.8866671819,101.7021189350,47.4557433435
2014-02-19,165.0296614860,123.2594815071,37.3167839184,81.7909324181,39.2262975652,201.5973223575,102.5382529322,98.5814887793,131.3825656042,184.9808667078,101.9447613317,47.3218155747
2014-02-20,163.0484414548,122.3596787458,37.4128172406,81.3979123101,38.7862854067,196.2854195518,104.4146347566,99.1779277180,130.1772618914,181.6480265288,100.6918959007,46.6886527613
2014-02-21,165.1592824871,122.4146390676,37.4264861270,80.4882332416,38.7015649445,197.1012308543,102.9821834678,99.9462105838,130.0416339326,176.9361109579,99.7907744963,47.6555047313
2014-02-24,166.5901985904,123.7468859867,37.3991987176,79.2902063620,39.0924451734,195.1298332137,103.5156368977,100.5779842424,132.0323202664,175.6546571085,95.2134411094,48.2118281010
2014-02-25,169.6589740938,123.3994437119,37.8911507247,77.1072808335,38.8952487944,195.4088594197,103.1469758986,100.9042422314,134.6004031486,172.5388332991,95.4900767394,48.1543061042
2014-02-26,168.3066823296,121.9944935184,37.6857826309,75.2151062887,38.0320509250,195.5958801621,104.1022941823,100.2101378516,134.6132999861,170.2830131470,94.3769465027,48.9008128472
2014-02-27,165.0217042257,120.8414788555,37.3852953353,74.7688505964,37.8805412267,192.0662269083,104.9998402257,97.5991280837,135.2682296624,167.0444346991,95.3116816086,49.3527379225
2014-02-28,168.1658868995,122.7995025180,37.9019954041,73.2347709132,38.0446034587,192.6108002135,109.8742486199,97.2000664628,131.8993684144,168.0194250797,91.5873525611,48.7522868427
2014-03-03,167.2382587487,120.8019549041,38.2847824668,73.3333819078,38.4502129620,195.5294382104,111.2682496456,95.8941135600,131.5763509608,166.1207044523,89.9557355677,47.9655713325
2014-03-04,167.0206045179,119.4703626907,37.9842290106,71.1163149029,39.5071280682,197.4625706012,110.0730677295,95.2898802247,130.0102640505,168.5733132915,87.7917886392,50.0228948230
2014-03-05,165.2510435177,120.4231382818,37.7005295210,71.8646097075,38.5962438474,197.1774360183,111.0116337294,94.8943429369,131.0118105781,168.2335664446,88.7616164235,50.7223060050
2014-03-06,165.9704236049,119.5248097862,37.6330249166,72.8589380826,38.1992358935,197.1570193604,112.4559206364,92.3206738709,127.3827054681,170.2238258473,88.9926374730,52.3819825203
2014-03-07,166.3307859150,122.3454775587,37.3601370174,75.4437390969,38.3943786374,200.6239255989,113.6443212678,92.9164150805,128.4667789056,171.2967486540,88.0795495936,53.1163305945
2014-03-10,163.3643064966,121.6040040149,36.6199705891,72.1240577336,38.1896307679,205.5457735246,112.9589805376,94.5825241182,126.9153321018,172.1459863770,87.9691740353,53.0826974066
2014-03-11,163.2411453602,123.0714163453,35.6397735484,73.2672589712,37.8646578033,207.9505531234,112.9879526221,93.0177825166,129.5091862991,169.0103223565,89.3274672832,54.3151732663
2014-03-12,166.5830037583,121.3519741380,36.0823821490,73.8949177363,38.9781046977,207.0659597946,118.0535299221,92.8078917830,127.9414590276,168.1947591729,88.7353203883,55.6776906504
2014-03-13,166.3717758675,119.7952649927,35.9043628763,72.9266596453,38.7357224670,207.1086103170,117.5218572161,93.7999130786,126.8165288914,171.1918976431,90.6876709050,54.3922516922
2014-03-14,167.6255556469,122.7353966221,36.2675455233,73.0486415271,38.8400916777,209.7174747753,117.8244056083,95.7059466240,126.4351374410,167.8904325539,91.5911100269,53.9855347867
2014-03-17,170.6555473620,123.5837047825,36.0471644771,76.2300065802,37.5208033597,214.2862984274,118.2390577133,97.2324170296,128.2097340604,170.0426023051,92.2701624195,54.6764972798
2014-03-18,171.9498543046,126.0922394778,36.6940686467,77.8418481296,36.7361083575,215.5944817000,116.6653780615,95.6184765901,126.8810480815,170.6457212707,93.4127827324,53.6925193849
2014-03-19,169.1049961391,126.3071361400,36.5755202417,76.6678847587,35.8162902624,214.1947835864,120.1504511624,97.2296259567,129.9016377227,169.2681406474,93.4217058469,53.9609684556
2014-03-20,169.6441475125,125.7307695352,36.3225654901,77.7767335338,35.4352943005,208.3725586626,121.9503730389,99.1140098986,130.7415587525,168.4470141158,92.0112465591,55.2630583774
2014-03-21,168.0143136061,123.4580716883,35.9784829791,81.3011754856,35.6260315741,206.2839631208,123.8051159721,97.5751698183,129.9286173704,168.9587294096,90.4220551390,56.0245524835
2014-03-24,166.2202664179,123.4501795678,35.7593285833,81.0123821979,36.1268240352,204.3249989189,121.4825888408,97.1945143708,126.2566421734,169.3860021511,93.5100862097,57.9061425197
2014-03-25,164.0209560900,122.1134970628,36.5030236727,82.3676519898,35.4932233538,202.1301315900,121.6731105272,97.4531853816,125.0145154019,171.0390798480,94.6317006532,56.4943481541
2014-03-26,165.3788356297,121.6305336831,36.7535949914,81.9612169029,35.9133290220,204.3151315933,123.0377904102,96.5423763550,121.4659141918,169.2991429395,91.2970776627,55.8609406540
2014-03-27,165.5788862257,118.4350305106,36.3792314670,82.7772022163,35.5644912156,203.7749744410,123.0431480184,95.5961881910,119.9997355147,171.7334754180,90.6232820088,56.5423189312
2014-03-28,160.4544084290,119.6244662960,36.5759801865,84.6844560805,35.7067872797,202.8498704456,123.8191724677,96.0412550007,117.1648828917,168.4157750523,91.1387950861,55.9625202032
2014-03-31,162.0242975436,117.3056252202,36.5577272072,88.0553115933,36.6736053495,203.4191731313,122.7279977905,98.6257661292,117.4044677261,169.1478495054,91.0622769874,55.8220750087
2014-04-01,163.6562745332,115.8038638571,36.7672236902,90.4222743145,36.6902012787,205.2921327369,121.9097167413,104.1124762335,117.3171506072,170.0214277865,91.0148476638,56.8013444126
2014-04-02,163.0938386578,113.6615797110,37.0564585394,88.7516883264,36.3540215188,206.5495189319,120.2464302986,104.4135619407,116.2619306252,169.9337926302,91.8698471419,57.9772430205
2014-04-03,159.3197820164,112.8705268114,37.5139403642,88.4324344298,36.5731300429,208.5692729975,121.5209162714,104.4529176176,115.2940302691,168.7502636490,90.3186567898,59.4730468383
2014-04-04,156.7754091534,114.4054923496,37.7874912000,87.8444571038,38.1181341924,208.5752709098,123.4401521162,102.6911261630,114.9830402947,165.9333689552,93.4974070651,58.3360652315
2014-04-07,157.2778053108,114.6387242987,38.7473988626,89.5390003493,38.0086241838,207.9875910260,119.0111538049,101.1560229310,113.4285847796,167.0532867202,93.0983250817,58.8580953843
2014-04-08,157.5458052455,114.1572657646,39.2366137501,90.3270236125,37.0920882364,215.3871940793,119.6056735173,101.5228552536,114.6167014253,166.5705807241,91.9600821830,57.9924465425
2014-04-09,160.0249553181,116.8810118016,39.1123869807,88.4561174192,38.1900551987,212.0114527467,120.1979966562,103.2911966222,114.4198677609,163.6213894064,94.0774053889,57.4568778974
2014-04-10,160.6289967852,117.8922158153,38.2056679072,93.0341119258,38.6472714101,211.3261590088,119.6504158937,105.8281633453,115.3123893937,161.6839677871,95.2331945623,57.7273412773
2014-04-11,157.3874834538,117.7791084672,39.0631531340,90.5599804908,39.5447871532,208.9288922624,116.2772224097,101.1593013277,112.5769925121,159.5437414994,93.5011037511,58.3685653091
2014-04-14,155.8824766927,122.9356533611,38.7530641546,92.8325731573,40.0243572890,205.3159034537,115.8208565497,97.7875501778,112.6070030462,159.5688787634,94.4150349887,59.6567434952
2014-04-15,155.4883335388,121.9732914707,38.6793001680,92.4252555941,39.9882835530,206.8114085001,114.6497008251,99.3036802614,111.5762288727,160.4066250635,94.6198206645,57.4246301206
2014-04-16,155.9355001905,122.9773033681,38.3958130144,92.4202732562,39.1808413402,210.7866720630,112.3674306003,100.7405168220,110.2424098835,163.2035771321,96.4593786781,57.2710638666
2014-04-17,155.4807955174,122.0581014583,38.5180694003,93.0844961293,39.7418432410,213.3708206002,111.3024490267,100.0119811351,109.4211306778,161.5191864330,96.9872798985,59.3508668407
2014-04-18,157.3203120906,120.9683139920,38.4282126431,90.5725301161,40.2143038977,215.7652004169,111.3591976945,98.9406528905,108.4718879303,161.4076034972,98.0163225736,58.8523765142
2014-04-21,158.6371132413,120.3351522077,38.0287863239,87.7947140955,40.8940131030,210.9594859560,109.7551377453,98.0125595779,110.1609042550,161.0147419338,101.5420943156,58.7875409738
2014-04-22,158.8595348461,119.7870010681,37.6792970822,85.4899595485,41.9020767314,210.1238570062,108.6635023624,95.8123478311,110.0328073408,159.7955218254,102.5868313776,57.6059213221
2014-04-23,155.1089361371,120.4695889025,38.3492093030,87.7137365056,41.8113015333,214.8191516100,106.9082842951,97.2250362085,110.9349128321,162.3063903967,99.7909755122,57.7413751374
2014-04-24,157.6069490783,122.1804211758,38.4569907646,89.4623795227,41.1188393141,221.2643838967,109.2945357922,94.4077369213,111.3398916996,163.0914356718,100.3423488313,55.2076491197
2014-04-25,162.1422852238,119.1067908655,38.6174085681,91.3107406472,40.0943046138,217.0614031132,110.2046133458,94.1214170298,113.4950223957,164.5669452772,99.2280702102,53.4064017375
2014-04-28,163.2619315744,116.4366784091,38.8214990220,91.9118100487,40.2049244196,219.7679393065,108.9209230534,93.5448030583,112.0715302776,162.0091306833,97.7089249342,54.0214807864
2014-04-29,162.6019830614,117.1233642003,38.9802068205,92.0738294224,41.0385119707,215.2993596407,108.9046649883,93.4031759097,109.8211790638,161.6984734884,100.1350483866,54.5829597224
2014-04-30,159.1503307997,114.5694663647,39.0899172307,94.7372991734,41.2006807440,220.6688719052,107.8543167615,94.1263012700,109.5192142651,161.3026546142,102.9042324539,54.0542403912
2014-05-01,157.8902579476,114.5592720553,38.9334302785,89.2870121191,41.5773247972,215.6960965180,107.7004021721,93.7723311869,111.7200509266,157.5489934057,102.2735203431,53.7874773455
2014-05-02,160.8904374379,115.5925746278,38.3542561802,87.9295816949,41.4073825473,219.1755887939,110.7194534386,91.8076643113,112.2360810182,157.1185705068,101.7675316914,53.2490088395
2014-05-05,162.6660030620,114.0663426165,38.8129450631,89.8972948840,40.0456058619,220.3498114013,108.4408813766,92.2589997951,113.3290269511,157.7558335664,102.9437421113,54.7106014087
2014-05-06,166.8132383843,113.5267932728,38.2960345356,92.9365417017,41.1667251662,221.1730937553,108.7390612071,93.5403248456,112.1387904978,159.2113888828,100.8187699474,54.8391100252
2014-05-07,166.9543694362,115.3006929468,38.3058350298,90.8808220780,41.2416979585,222.2622636864,108.4629795617,91.8050971683,111.6989522574,160.4337697413,105.0448493049,53.9597067510
2014-05-08,165.3606319841,113.4584400053,38.3204981673,90.9401551502,42.2055840709,220.0331142900,104.8887547197,89.2119227772,112.1709667928,162.0579911519,104.5335519019,54.0967300549
2014-05-09,165.9228597840,113.6893478881,38.0448218605,90.7158534896,41.6830569773,232.2979767606,108.0274163456,91.0193840843,114.0169225116,163.2000438700,104.8007409120,53.2055158392
2014-05-12,165.3274526436,113.8297446726,37.5330378765,89.7216595740,40.2660382483,233.6051114981,106.5605672658,91.3030790810,115.9027845497,160.1095989855,105.3875325788,50.7266500677
2014-05-13,162.8495952524,114.5042101883,38.1138492757,91.9018092144,40.3156753299,230.3272254699,109.5819163533,93.2775352145,117.3445842206,161.3869695759,104.3484971500,49.0087389817
2014-05-14,163.2949998266,115.5374674628,38.4069018743,96.1488853393,40.1501334955,230.9117243458,112.0703364181,92.7146306092,117.0673948586,158.7158426601,104.9252052759,49.0622053035
2014-05-15,161.8905253015,117.0056221426,37.9858135831,97.0113582109,40.0394815041,232.6497008566,110.8980904168,94.9342685302,116.1721649912,158.8564708393,102.7928706434,49.8512175362
2014-05-16,159.9507016395,115.3136492088,37.7749100401,97.8783807461,39.1206241198,237.4455583299,109.2846569398,94.2884231937,118.2582714460,160.1695606676,104.2980897044,49.6939415617
2014-05-19,158.2965170018,114.2172171577,36.8861302317,97.1769153616,39.5069225802,235.6213276400,105.7595690643,92.2079405191,118.9144795445,155.5865412979,105.5003307800,51.1389009400
2014-05-20,160.6683475076,113.3775372746,36.6653474837,99.3964338854,39.1594149817,243.1591205573,107.0125273049,91.3112946349,117.7687485750,152.9478333436,104.7319041845,52.1593751537
2014-05-21,160.9355791983,113.8220338796,37.1965009754,98.9113342338,40.2852721832,239.6196462268,106.5710031532,92.5450962698,119.0298127487,153.7101840484,106.9848210691,50.3749303098
2014-05-22,158.9474142123,113.7150853861,37.3073310432,98.6956184105,40.7775727327,239.7906682508,103.7211729953,90.8319916593,122.7818399822,152.0934901919,106.3560687994,50.5209229152
2014-05-23,157.2043949509,114.3139032159,37.1417582416,101.9663177195,41.0273540996,238.0648740732,104.4328010374,92.0649641409,122.7405231393,150.0992960074,106.6187215731,50.4574155645
2014-05-26,155.1862591860,114.3929600185,36.8893996312,101.7289558869,39.2582377676,242.8753145597,105.4913616850,94.1623297468,124.1633771528,149.9604647505,106.7479992379,50.7948765294
2014-05-27,157.4737453831,114.4843470369,36.3211054824,99.6577799640,39.3908183786,245.1037142693,104.4390134339,93.1772614164,124.6531169091,150.9389579268,108.2383689556,48.8615035832
2014-05-28,157.3227131017,113.0737544642,36.3206956988,98.5355893344,39.2701349677,251.7181976778,105.7733755211,93.3427666395,123.5839491579,151.0390733416,107.5856373270,49.0091123074
2014-05-29,159.1300566197,115.9836226890,36.4952092031,99.1171190688,40.0433473551,258.1933150841,107.5089215569,94.3354794002,125.0802328767,151.7771632182,108.1178853037,50.6075463831
2014-05-30,156.3048873453,117.6073081559,37.1315882001,95.3403887276,40.5739990285,259.9798673729,108.9301609907,92.0890040746,123.6217121548,152.9155762305,106.9371999183,50.1036552911
2014-06-02,157.0112416613,117.5082774198,37.4292118063,96.5518243164,40.8936974290,259.9821660425,110.2768219982,89.9309279846,126.0332387416,151.6942748230,104.9611609408,51.4558993871
2014-06-03,156.1611406699,119.3026639643,38.3747026119,98.9853618406,41.1443085812,265.8772094394,110.1322783872,88.6308823275,123.2028247548,155.4921778715,105.1379812481,51.4936780608
2014-06-04,154.9126938118,119.1869867562,38.5344680806,99.4239784265,41.4352679350,267.8977649370,106.8267107967,90.3645515211,123.9945028050,156.2560517796,106.5532461587,52.0360985126
2014-06-05,157.7368620977,120.5887815337,38.0326184473,98.3234656845,41.5178550863,270.9692819274,106.9539351105,93.4551582892,125.5264595652,156.8804955267,105.9411724859,52.3789734332
2014-06-06,158.6321906563,121.7822738999,38.1263356930,98.0475947263,41.1398756491,272.7916254481,107.2387276254,93.2730008328,125.2811959113,158.1480457031,105.7161260079,52.0107221312
2014-06-09,158.3187045044,119.2410758973,38.8057697591,98.1714392074,40.4912576654,274.7560307606,107.9022782749,91.3146910830,126.5321046216,159.2576013331,108.1823377469,52.5687820920
2014-06-10,158.4383223427,119.0857637709,39.5251007036,99.7478737868,40.7824690457,267.2731745500,109.3421156509,93.8476889362,126.6827829574,160.3256476457,106.4642345605,52.8979801977
2014-06-11,162.3774311365,116.9631900315,40.0997460488,100.4671899724,41.3707755607,273.8241033641,107.7396134355,92.8257723981,126.1121740559,159.0181597077,103.3845798724,53.4416628780
2014-06-12,158.7132709656,118.4532218278,39.6007772865,97.8982793710,41.5711263519,276.2617205145,105.2327701972,92.5868061021,127.8645758496,158.8092481180,104.0876947526,53.6215571789
2014-06-13,161.6878130722,121.0819500197,40.3615979722,97.3013617986,41.3336992966,269.3033030808,105.0340695660,94.3234965983,127.1306896576,156.0705934523,103.5314008886,52.9858973008
2014-06-16,159.4068748136,122.7309775144,40.2486073187,97.5740776030,41.8759159508,269.8362821393,105.8409857851,94.9748551848,127.6677347148,154.2386236526,103.4481203759,52.6666656373
2014-06-17,161.1676233190,122.3947739602,40.5558239346,99.6780816128,42.5341920920,262.8440281057,104.7604580685,95.8976126524,125.8648175876,155.2239771857,104.1700417810,50.8581869861
2014-06-18,161.1599732453,122.7446668589,40.6868224795,106.0364590222,42.0392029534,266.2451846872,107.1590615918,95.0971739399,126.2625975421,158.7036760360,105.1282542474,51.6085015397
2014-06-19,160.6927309058,124.9526492339,41.2735844149,106.9913581381,42.2186030817,265.9739593870,104.6816538101,95.0720534330,125.5746674737,162.5297355512,107.0692166699,51.5785133931
2014-06-20,159.7625430615,127.6586534624,41.1002142423,107.4788155414,41.8055210092,261.3730303889,102.7301137371,96.0805367174,124.2191669124,157.7305463349,106.2627924606,51.6756152304
2014-06-23,159.0555382934,124.8000691415,41.3542320021,106.8540699631,41.2186251183,263.6218037821,104.1690086232,95.2659021561,121.7789585655,158.8704052875,109.5405521911,50.5943329904
2014-06-24,157.7386480831,122.7198709042,42.6812953343,105.9698516570,39.9780822799,263.4060658524,103.4140362068,94.9133556989,126.0857481197,153.8045543499,107.5916393436,51.0784838677
2014-06-25,157.6714195097,122.1693874061,42.4413430579,108.5895925760,40.6597629525,262.4537054378,103.6921916486,95.0040225920,124.9492804502,153.9364066208,106.7632254702,50.8066891217
2014-06-26,158.3143150850,122.1827521397,42.4758269175,112.2913654818,40.7884398110,270.4521448930,104.8450236185,96.0282066016,129.2928075509,156.7733755124,106.6452213361,50.8153508465
2014-06-27,157.1803096524,122.3773265201,42.8740398235,108.9252847296,41.2241814476,263.3142331533,106.5503261183,96.6310887130,129.5040506782,156.0384754350,108.1567197037,51.9156972956
2014-06-30,158.6890599332,122.2208823476,42.5129651995,108.9613822325,41.1490870580,263.8046189018,104.5728985469,95.9386325336,129.0125862717,157.9515220502,106.3973146998,51.8183828612
2014-07-01,158.5499991439,124.2460173337,41.1339941359,108.8453671920,41.0476696457,269.8747133828,104.8586018451,97.1862898733,128.4035404341,162.3239291246,106.1899028251,50.9966220126
2014-07-02,160.5833250175,126.2074365353,39.9071731676,107.4507949150,42.3037171528,263.7727947335,106.1889193660,95.7521140412,129.5683133553,159.9196503074,107.5256012039,52.4853825461
2014-07-03,158.7421453761,128.4740727090,39.7736707009,108.7886394382,42.4734347753,258.9891831215,108.0340459641,94.3458069461,130.2280479076,161.0376851236,106.6933452721,53.8353771127
2014-07-04,154.0637590031,130.7686647421,40.7732116702,106.2172972374,43.1427192897,258.4637370322,107.3184046068,95.0879961648,131.6897579368,164.0094370565,106.8305620395,53.2618946603
2014-07-07,154.1706751993,129.8063121024,40.8194375867,108.6153859162,43.1322181014,258.5712378567,107.9264065040,95.0894954716,128.1760598972,165.4287631811,110.5636634315,53.1575462855
2014-07-08,151.8851634936,131.8202574618,39.8402075812,107.2472838170,43.4230026954,249.7593006054,106.7698091999,95.7336592175,128.0323633987,166.9327075319,113.6684568147,53.9542899237
2014-07-09,150.2469059117,132.9217018147,39.9236569906,106.0218580267,43.3608571193,252.0881181516,106.8233234281,96.1544925636,127.9629264283,164.9225463327,113.3325703804,53.8751389339
2014-07-10,149.6674197941,133.3260741190,39.8496908744,109.6606110856,42.0508780567,251.8459146158,106.6690827583,93.8802535277,129.2531976893,167.6458664539,114.0675673559,54.0699066732
2014-07-11,153.3156500382,130.8758073119,39.4995505944,108.0784047426,42.5700550946,244.7822313110,106.9330445917,93.0276731801,128.4240918052,168.8832346950,113.1414850661,53.9510625523
2014-07-14,154.6102475868,131.3373482238,39.7285921089,106.1385578196,41.9322495888,242.4003194841,108.9316317691,93.1573597160,131.4834844903,168.7792735460,111.9942724658,54.2440456263
2014-07-15,158.5573328306,131.6363057593,39.4952952951,106.7908720876,42.0532279322,241.7001524613,109.2824860770,92.0423465709,133.0536341534,169.1179509507,115.3130165979,55.5786722325
2014-07-16,163.2070979187,129.6682654708,39.5598222579,104.8471267395,42.5101330313,235.5431958529,107.3005662217,91.6142614531,134.1020027216,168.0700925394,114.5785992937,54.7395838511
2014-07-17,166.1303351999,132.8468951964,40.8326287323,101.0650612247,41.5490372234,237.6654479780,106.1182947738,90.6323383403,134.5679890917,167.5138120409,114.4441607068,53.0864743805
2014-07-18,164.7682159190,134.5110347758,40.7504276588,96.2203424752,41.5210616499,241.2870317883,104.5608594625,92.5077312281,133.6174763561,165.0215951018,113.1342186983,52.5755101235
2014-07-21,164.0366183192,134.3925956439,40.8481090347,97.3449617482,40.5311154168,235.9551874522,103.5513389717,93.1184836648,133.6611334382,163.5616159695,109.2874149784,51.9086115168
2014-07-22,164.3452908536,137.7396865102,40.1855386767,96.8863244323,40.1715849274,233.6378020049,101.7343042837,93.3162364348,126.7096471862,162.6627581728,111.0966773706,52.7674565311
2014-07-23,165.4940249080,139.7185066673,40.0847582550,96.1035163036,39.2886859252,227.8363731871,103.3300398964,91.9840345780,126.0824858633,163.4671095117,111.7775782574,50.1779451761
2014-07-24,165.4104366251,139.1030957294,40.1068501927,94.9923563203,38.3702553343,225.9716456789,100.6975176370,89.1552226141,123.0413863131,161.5449442604,112.7115271591,51.1905543489
2014-07-25,167.6361500273,136.6431230864,40.0289487099,97.2049282701,37.4522776116,226.5346884543,99.6323185464,88.3394569508,123.9879651724,163.6177893560,113.4428150861,50.7550163986
2014-07-28,165.6891094316,134.1572636170,39.7917841382,97.0601637003,37.1839149325,220.9980507891,101.8763172954,89.9697889956,124.2965895062,164.6928781417,112.0769007504,51.2640142103
2014-07-29,164.5364084321,136.7737868879,39.7300670854,92.8759366775,37.7363178265,214.2517505775,100.7889854931,89.9602197039,125.6018234648,166.2994291791,111.7780663917,51.4642688069
2014-07-30,164.9589553331,135.8974085908,40.1869736276,91.8071378205,37.3452434862,224.5780576109,102.6613146350,91.7670185384,122.8184350794,165.7082615053,111.4794971200,48.5440105948
2014-07-31,163.1871354954,135.4007609301,40.6753498683,88.0021498052,37.1385404810,224.8623621847,103.2285584399,88.1304568400,124.2431403764,168.1587577050,114.2545954693,49.5500644585
2014-08-01,166.8519598294,135.6111644145,40.7806364867,88.2144231974,37.5342431513,221.5910206667,100.3987930418,90.0700062722,123.2685443157,167.6884266842,113.0308727966,49.2473610812
2014-08-04,169.9149711528,132.3663400831,40.5177774932,87.3318664368,37.2699973079,221.8317847423,100.5911185741,92.0198082110,122.8975468959,166.1449711644,114.6108032556,48.1413091085
2014-08-05,169.0466287943,135.1209064135,40.0170738635,88.9639403852,36.8521766494,224.9904623176,102.6286599275,92.4930126605,122.9362929321,166.7275880900,115.3873261170,48.2386435718
2014-08-06,169.9844633347,135.8250731730,39.8057505968,91.7508327249,36.8774279188,222.6069615991,103.3294826403,92.8559447922,123.8084890258,167.2510005935,115.3594029780,50.1610395195
2014-08-07,172.5981723475,135.4466044425,39.9722508677,93.1569855714,36.8401729784,223.8148075682,102.4156802234,93.0672358273,125.2623550613,167.8509116757,118.0031558649,49.0110886764
2014-08-08,173.8995642868,134.5144871029,39.6107483898,93.7217610363,36.6770038933,221.2391762609,102.9894625189,91.2155155301,123.3126867362,166.6422240545,118.2496320652,47.6121155836
2014-08-11,176.1682971909,134.1420060742,39.4193279441,88.0394521970,36.9465081303,221.1310577053,100.8793545007,93.3613606956,120.8968274492,165.8890228415,120.7432100291,49.0397178657
2014-08-12,176.7248972076,135.7963552432,38.8566919430,89.3716078676,37.9197265882,223.4670235845,101.0739475571,95.6333831280,119.8508629133,168.7879179254,121.0688790768,50.0265809168
2014-08-13,172.7985966913,134.0293937732,38.5821648901,89.4280887729,36.9938260603,224.8240040017,102.8569177228,97.2426519625,117.7220019381,170.8856433397,122.6739103997,50.7229594512
2014-08-14,172.0689426530,131.8308341445,38.6513751549,87.3569875014,37.7490716088,218.8337480202,106.4884038537,99.3847533305,117.0357835914,174.4517137271,124.1427205895,50.1704290865
2014-08-15,172.9020930798,133.6695493240,37.6372484382,86.4948986744,37.0373978029,224.2293689617,107.1111873955,97.6619127764,116.1391287581,172.8501588713,125.5121921730,50.4601821962
2014-08-18,170.3474364511,134.0637826801,38.0085400353,87.3240407512,36.5694554773,221.6324363170,105.5283182114,98.6935053787,113.4176307559,176.1913469700,127.1765348276,49.6673837764
2014-08-19,167.0129222808,138.1360211540,38.2622878799,88.6575383725,36.6002948013,221.5790351982,106.2631495910,98.1984774188,113.2663651400,175.9661211704,125.8160334810,49.4674336546
2014-08-20,168.7297481634,139.0596824197,38.2229811966,87.6934024951,36.6532550977,223.5260933747,106.7217202332,98.5525591855,113.7957481312,174.2291539347,124.3807508040,50.1731488016
2014-08-21,166.1361022188,137.9395021996,38.1430730379,89.4513368112,36.1467262101,225.6434551751,106.2800646162,97.3853335221,111.7805972524,174.2945127561,126.9435881060,47.6633603046
2014-08-22,165.8235634296,135.5302636682,37.3770367197,89.1392097039,35.1225524290,231.5347965840,108.9902589913,95.4148818286,112.6993016837,172.6154467712,128.0403471118,46.8963290913
2014-08-25,169.3766785924,133.0848011931,36.9143164977,90.9285695350,34.6908674854,225.7854250386,108.5439647978,97.5250747561,113.0673979619,170.4456655421,124.7274294501,47.0060720763
2014-08-26,169.5455247248,131.1753940590,36.6779225144,91.9906603026,34.7804736965,233.3050386201,107.6339522759,98.1402928032,111.8592184222,168.2597327604,122.6232998910,46.6714516938
2014-08-27,164.9330317250,131.8991859592,35.6007772993,90.7532061572,34.6028828120,230.3228932518,108.2122141746,97.6052322247,110.5986691044,170.4374576616,120.2981503513,46.8608230615
2014-08-28,166.0679938472,131.5239910415,35.2150151235,88.0761388298,35.5724739938,231.9696728012,105.9852518127,99.0389049115,107.5644669214,173.5209268037,123.2766826998,46.0736436648
2014-08-29,164.3052642767,131.2525590545,35.2131756069,91.3084131275,35.2343604272,235.6559997010,105.0145469976,99.8810193180,109.0052686262,173.7290546038,122.5936202702,46.1376869547
2014-09-01,165.6950034597,132.0586291269,34.9881350721,91.1737823099,35.2625805722,235.2347314435,105.8363479395,100.3737349191,110.9097485659,173.6054348839,123.7434712213,46.1334124197
2014-09-02,164.0408777889,130.8233774271,34.9254557302,92.3204443163,35.2111239980,238.6582015667,104.6553235730,99.1667196539,111.8533701985,175.1888361011,123.7053626283,46.4074310554
2014-09-03,167.4498325459,129.5026127427,35.4786825023,93.6577324646,34.5516463841,232.6102638589,104.9843454064,96.8909760878,109.3725648259,175.7572775939,124.9134624693,46.9375162624
2014-09-04,167.0773047790,132.0403763070,34.8910551338,94.3369806803,34.6152382819,234.9398434308,100.9776014914,97.3322721722,111.9042782564,178.6268072914,127.1067953206,47.6391748868
2014-09-05,166.2801035546,135.3041591584,35.5721107807,93.9403917923,35.0313899263,239.3753483349,104.3210673691,98.5598940859,113.7598202579,178.7915206694,127.3393061541,48.5704381695
2014-09-08,166.7221255429,134.5370886684,35.2838719768,94.8453083705,35.2001421600,236.8063127905,102.8755798418,97.7932358306,113.1097793155,180.7360804272,126.7394890780,49.7768700332
2014-09-09,164.0563859442,132.0332037957,35.0759200310,96.4114934822,36.1918194913,234.1976898562,102.8972757474,99.0460710399,113.2737525559,181.9734838148,129.7391780350,49.6793588187
2014-09-10,164.6681583160,128.3601673027,35.3791317634,96.0591730749,36.6876760266,240.1548876533,101.0885590233,98.6406290949,114.7283193018,181.9368671052,128.3794080633,49.3213111829
2014-09-11,161.5637713525,127.1497918291,34.9402460494,93.3854398617,36.9833538634,237.9750003782,99.7785740580,96.2244620472,114.2048437224,183.4696256521,126.0310227074,48.6002516055
2014-09-12,161.1498817849,124.4562192305,35.0840701852,90.7873131774,36.2546479348,238.5235700028,101.4907348432,96.5429856024,110.3206718680,184.2966936623,124.3921940414,48.4752235772
2014-09-15,162.8489097191,125.4946090771,35.4336534501,91.3300251282,35.6030704530,232.0396747871,104.8735714238,96.2050687479,110.5547966863,185.3845363552,121.8620804785,49.9900447688
2014-09-16,161.3930122298,127.9679003530,34.9089883977,86.4472556600,35.0833242325,230.6628155730,104.5312444730,94.2438640296,109.3634389137,187.0844001964,123.8353829432,49.4599108947
2014-09-17,164.8791401029,130.5808673795,34.9341244529,90.8985280059,36.0118528309,229.5330012736,107.1118106171,94.8504383052,109.9621100995,191.1364782154,124.5554320765,49.0113336102
2014-09-18,167.1476879328,129.0830664976,33.9763035195,89.2400036993,36.0306983428,228.7970966336,105.7428605677,93.8835620581,108.3499590209,197.1858651832,126.2010985402,50.3147577617
2014-09-19,170.2913329125,129.5052358624,33.5916770934,93.2516025492,36.0056082406,230.5270759380,106.5974351783,93.6353640427,106.1191753252,195.6224812786,124.5140472295,49.3052379939
2014-09-22,170.8324991791,129.4585047376,33.3086508419,93.0140791840,36.5990805206,230.5438720928,106.1639219620,91.0716164905,104.2562791741,196.1547906533,124.3930811373,49.9537851703
2014-09-23,172.5603564687,130.7775133562,33.3971471839,92.5087730042,36.7550151616,231.5876500115,104.5300644628,92.3866360494,101.8570468151,195.8604119371,125.4920409904,50.5075734733
2014-09-24,171.7336590765,130.4566929827,33.8122846386,93.1424767418,36.2311255554,233.3565360375,103.6025667139,91.0418355235,102.8323851235,195.9590671230,126.9327912583,51.9068219051
2014-09-25,171.9187320737,134.7343711076,33.8700014022,92.3202862167,35.4306928943,240.7288478524,100.3029492897,92.0355009573,101.1269438156,200.5818941341,124.6515513228,50.8353263932
2014-09-26,171.8520125240,133.2968994289,34.2858538148,92.3895402780,35.7012081422,245.2938237887,99.8938544518,90.8398440048,101.1184581649,201.3241062665,123.0920767341,52.0252125827
2014-09-29,173.2206423444,136.5035081737,34.2656524192,96.5399701990,34.6144257850,245.6050202872,97.4764000608,88.4322030194,102.6787069347,204.1163700147,122.0508878888,52.2052048034
2014-09-30,173.0822575901,135.2253425619,34.0343433275,95.8017726794,34.5507227417,245.6921368582,95.7235215180,89.1799891888,101.6567234004,203.0451864991,120.5474470989,53.5272523169
2014-10-01,172.2908379604,136.9908155283,33.9755908032,95.3983474796,34.4220587360,248.4954812000,96.7730592893,89.3627448863,101.4730122217,200.5494797697,122.8824781469,52.6726939164
2014-10-02,172.4893753092,136.6230071753,33.9242148568,97.5183398405,33.0556942699,249.0614292496,97.0681245717,88.6725151238,100.5175932334,196.6738146641,121.5794744644,52.7896924577
2014-10-03,171.7621301926,140.2026802551,34.0745412697,99.8816319131,32.9231087976,248.5383041051,97.5523126381,88.4780933659,98.1227902764,197.7124645938,121.7186680175,52.2129370813
2014-10-06,173.4311655101,139.8820162007,33.4770992597,99.4336156029,33.3552350884,246.9609470408,96.4534970782,91.1557449947,97.6695135189,199.2341644237,119.8197723893,51.3867495136
2014-10-07,171.3273645518,137.1143538556,34.5205749497,98.3338073725,32.5006565233,250.2859401671,97.1495375974,90.6256232239,96.8756090502,197.4475805791,117.8571525780,53.1317511058
2014-10-08,173.4048112000,133.9296274635,34.5099338968,97.2127135924,32.9730651483,251.6669408997,97.7137884383,89.8718214556,97.9168509617,194.8502029101,116.5263878476,54.3304652637
2014-10-09,171.5979439914,131.4771858298,34.3331220410,95.2603897564,33.1352134066,255.2107333270,97.8110913026,91.2654404204,98.2695631027,193.9338382640,116.9139246099,54.9488264512
2014-10-10,170.2920973699,131.0631356626,34.1259478682,95.6481678035,32.5168109151,251.1245994058,98.6613816981,90.7197042042,99.0821635927,192.6539341094,120.6473806575,56.7428223365
2014-10-13,170.7309679740,129.2841742918,34.0100386403,97.8142238837,32.3041290894,256.1597756163,100.3253963713,89.9145314614,99.3476530908,186.7456413102,118.8699017109,58.4171849554
2014-10-14,174.2959332471,129.4687501231,33.5162521008,99.4605425601,32.3860136002,255.0109736890,99.9238879007,90.1644651872,100.0448095928,185.5920689276,122.2460873077,58.5991179631
2014-10-15,171.8474157289,131.9808010464,34.0087642157,102.9359222363,32.4296840227,257.2564769397,101.4598092586,89.3250214532,102.9974843487,185.0430098953,119.4639571257,59.4407396501
2014-10-16,172.9294907849,134.4007387427,34.3360867205,103.8909944975,32.4704347349,260.6164657609,101.9357973525,90.0259617825,103.5469636463,185.3048140285,118.2942848509,59.8694302233
2014-10-17,171.5325671136,135.0567297658,34.7396925548,98.8106412313,32.3804156073,260.3042385065,103.6439000226,91.4929369278,102.2379312983,183.9303699570,119.8828505508,62.1688740711
2014-10-20,165.0038355357,136.2985209588,34.8301993209,99.5871621668,31.7636452345,259.2402987242,104.3330189775,92.7578973164,104.5378158585,182.1505810580,117.2867704392,62.5775319751
2014-10-21,166.7664723328,140.6486088707,34.1895660103,104.4688724206,32.0802160491,259.0083952630,104.5427921843,92.2515417025,103.2249408679,184.2964214996,114.1756841060,63.1332263938
2014-10-22,168.6231862743,147.3987277497,33.9786997170,104.1130190686,33.0346399814,255.1113910810,107.9678737892,92.3020770202,105.8565703450,186.9601398348,114.4902782419,61.8012297048
2014-10-23,170.7892872925,145.3083268549,34.5799131561,102.1733598062,32.8195279220,251.7147038869,109.1062557338,91.8471896339,107.7734125216,186.8062369650,114.7781870317,61.8157031917
2014-10-24,175.8334210203,144.3541228149,34.5695876412,102.0395624806,33.3887477706,254.0538408877,110.6341349124,91.0470212194,106.7667997876,186.7899621049,113.0068694250,64.7703627021
2014-10-27,174.4141301740,147.4089511593,35.2310351074,101.1158012755,33.5690332962,246.6127850867,110.7243765154,90.6285989466,105.9289859863,187.7934799990,114.1418645324,65.5622854288
2014-10-28,178.0695453593,146.9918528587,35.5973930631,99.3008104352,33.4892312525,247.7360752576,110.4939108379,89.2295560248,105.7113589218,186.3700932775,115.6168044383,63.4721717088
2014-10-29,179.0089957900,150.0491046733,35.9303836808,96.9258397467,33.3184253807,253.0776242572,108.0804069714,86.8589501197,105.1729143234,186.9330508431,112.1053443225,62.1356057601
2014-10-30,183.7341771142,150.1419465163,35.8655056524,99.0672276863,33.7220980319,254.4991003274,108.9489706415,86.7975050383,106.2635158272,187.5629652065,112.1422949084,62.2031010922
2014-10-31,181.7975420271,149.0100196299,35.8164704607,99.5701807157,33.0760365995,249.9525759146,106.5760638336,87.6831592424,108.6773071714,189.8828179496,112.0350745873,61.6455615344
2014-11-03,182.4083605293,147.6357744204,36.1528200286,99.6233202043,33.3772642427,245.9404527985,108.2674224544,88.2765179259,108.3373133229,190.6003738396,113.4977362887,61.5199571860
2014-11-04,183.7223099111,148.2252698530,36.8247619631,100.0816645972,33.8400369711,251.2525376030,109.3886661181,91.0577737180,109.1358651926,190.0260949975,112.6426037920,59.6166013795
2014-11-05,185.8149332215,148.2662915421,36.6398354120,99.1135565334,33.2596237633,252.5851299706,109.8907168738,91.8700696222,107.2214825274,191.6316401569,110.2425864955,60.6481637838
2014-11-06,182.4087258733,147.0715235633,36.3814157652,98.6115185696,33.3386479051,241.9509739641,107.0588667071,91.3971983643,106.2067498635,192.2969871481,107.7897498553,62.0517254679
2014-11-07,180.1191156832,147.6183800792,35.8898295320,96.2853179175,32.9319280744,244.5445919381,108.2187610192,89.6171568705,106.5369769815,189.6179762146,109.2787764095,62.1348166517
2014-11-10,180.5731866972,144.4375790276,35.7565676980,97.1414831845,33.6082567575,248.3736083532,110.7828326495,88.9512791833,107.6887921896,192.6132977316,108.3675831510,62.0947306882
2014-11-11,181.1858590605,146.9165081973,35.7030562929,96.3208819190,34.4752899269,247.8780367043,110.6505731417,91.0287502473,107.7405538033,192.5449628226,107.1407253822,64.7540114471
2014-11-12,177.3598571979,143.9485028182,36.5515224375,97.3035697944,35.3604952088,246.2388922035,112.0384999540,86.2504847161,107.3767753168,194.8739335773,109.3563418692,64.3866988063
2014-11-13,176.9536266969,144.1527676909,36.9001546323,97.6542384029,35.3493517191,244.6050377171,109.7009188670,86.1192987801,106.2712277682,198.3531100109,107.1504480792,65.9867106243
2014-11-14,177.9439397656,146.5467424788,36.5541541984,97.6185739974,34.9084953207,245.0858497944,108.1868635470,86.6067227790,106.3151068216,199.3664613613,107.9689679485,65.0783272595
2014-11-17,181.4852963924,148.0764735632,36.4605986196,98.3992476019,35.1121687052,247.5206690434,109.6931719709,83.6860158826,105.3813898057,198.6683359014,108.8130998004,64.9229587896
2014-11-18,178.6671040941,145.8148661367,37.4234535689,98.3252601864,35.3237133215,251.8036296631,111.7949419962,83.9432934706,105.5525350197,196.7255828470,108.7017603569,63.2234559282
2014-11-19,177.6030870077,144.6973658901,36.9525652554,99.4791766939,35.7926476835,248.1494957946,112.8699469800,84.5636906394,104.6747629553,196.9326225517,109.3901893099,62.6399459572
2014-11-20,184.3855652240,143.8919694152,37.1769481774,100.1017138094,35.8252465539,247.9215041588,117.3875006004,86.2073006019,105.7538097535,198.5965782176,107.8226991684,63.1752883496
2014-11-21,185.0619035257,145.2866160238,36.8725255266,103.5848549585,35.9421237885,246.2438297470,119.0546245248,86.7036453306,106.1209185807,197.7097208208,109.3663088093,65.4145384149
2014-11-24,185.7495248580,147.6054424643,36.3922156729,104.3516562629,35.3812300107,242.3141955631,123.1424330336,86.4781551188,102.9939316115,196.3899934334,111.4715062595,66.7374847166
2014-11-25,188.8181758989,145.0342844625,36.0652898915,103.3013976270,35.3770108336,241.6651053899,125.1388668650,83.0513128182,101.4366501353,193.3500967149,110.7994732575,68.2856046169
2014-11-26,186.1555396846,146.9835420024,36.8054671739,103.9706314841,34.9770330151,236.7485559215,128.2878303610,83.2336366932,100.8976625218,190.8775933404,109.1115993807,70.9651220984
2014-11-27,187.7255461888,151.1331441875,37.1325466719,106.8937095150,34.4887809724,238.3721406470,125.9776176577,84.9503839338,102.4157004609,186.7714312021,106.2330016025,70.5156867196
2014-11-28,184.6139008798,147.3056971601,36.8191830372,107.8972077616,34.7101392929,238.7478328556,124.2794929169,83.7665790754,99.6309601250,186.3957434158,105.9476856109,74.1634761130
2014-12-01,185.6691154404,146.4028923743,37.6494201069,106.1761811948,34.0112080115,234.1258338373,124.8046855958,83.7926778733,99.1697909227,186.2502268925,104.3919893323,74.4001233256
2014-12-02,188.4331695564,147.2634586777,38.3497558959,108.7745466100,33.9570997544,236.4249663930,126.8105917511,83.9621273579,100.1318763390,189.8304975462,106.6441829375,73.1331638165
2014-12-03,183.2039646836,148.5501357330,38.2225872524,107.0689282013,33.5650781408,236.8540731501,128.7001359164,86.0225904394,99.6795422152,189.2078105188,103.4409369500,72.2001651107
2014-12-04,180.9416703087,148.3263145432,37.5909924900,110.4762481315,33.3283492219,233.8261244330,128.9015993678,86.2908299860,98.8859748700,190.3695343684,103.2604532366,72.5914011874
2014-12-05,176.9663053370,151.1990775441,38.2854917297,109.8244279933,33.3462947667,229.8584859941,129.5317769683,85.6498750606,97.1205737015,190.3059482640,103.8128213206,72.4029046560
2014-12-08,175.1839427760,150.4683132990,38.4812712847,112.3097188520,33.3133512016,235.4397527638,128.1277103593,86.7223992229,98.9839420971,191.8067287974,101.0545438598,74.0300587356
2014-12-09,178.8251602001,147.8228185453,38.1498503168,118.2657092122,33.9392001599,234.3631159091,126.1157775236,87.3787053686,98.5382995721,191.6906870759,98.1686497309,75.9547898636
2014-12-10,182.2689905884,151.9125578783,38.6583849550,115.1791307511,32.9046891240,229.4412839429,128.3637858640,89.3382716213,99.3853287764,193.6995867573,99.7870216453,76.7381139807
2014-12-11,186.6966091806,151.3912287392,38.7091454406,116.4202131564,32.2739260950,228.2558435100,127.6850532916,88.2527914848,100.3954555696,194.4933617579,101.6567769174,73.7976920736
2014-12-12,187.1703927367,149.4140968213,38.4696878249,118.5286240142,32.3274808555,223.3583633980,129.5245229034,86.2041960064,102.3173800504,194.0039702343,97.6306823289,75.8750803014
2014-12-15,187.6715623629,146.6323251967,37.9720872422,113.9339012254,33.0478513905,230.4646244546,130.5775849507,84.4028639118,102.5724885714,195.3191738566,97.2218585166,77.7052873897
2014-12-16,189.0615159744,145.2068205968,38.1541432158,113.2493718001,33.0530872698,227.1225426108,126.1998655112,81.9914332045,100.3900077952,195.2014356387,97.4833409154,75.9269127663
2014-12-17,187.9599028587,148.7675173692,39.0324819248,110.9113025157,32.9170293003,220.8493299182,129.0522273901,82.0175530539,98.0470342363,199.1611373333,97.4200020572,74.8589855167
2014-12-18,189.4465816350,153.8866982799,39.5500726334,110.6842109861,33.1615532835,228.2412761938,127.2918829494,83.4277491625,96.3926927624,197.2110316290,97.7987219020,76.9949316277
2014-12-19,187.8502662878,152.7888498588,39.9384595612,108.1076491462,32.3400843933,235.1335943126,124.5978412790,84.3556579255,95.4819077320,199.3699124444,97.2480429649,75.6703704874
2014-12-22,186.6859338195,150.8965077046,39.9639711387,113.5533044029,32.4235292513,233.3804111966,125.9761896052,82.6460500260,96.3047935676,198.3711135370,97.0265435176,74.4617622806
2014-12-23,188.4494732053,147.0807481101,39.9980491874,114.8324946994,32.3992433823,229.2371797886,124.9995930320,80.4754094376,95.5685542101,199.0758069266,95.0001862645,76.3823975440
2014-12-24,185.3286740858,146.9772410242,39.9171666511,110.9602688781,32.3627020718,226.7234152251,128.7817489344,78.8179284622,94.8031773191,199.8530714267,97.0616707448,77.1105174560
2014-12-25,182.5754255241,150.1196574535,39.9653869623,114.3891254509,32.4253276024,231.6740554054,129.2593695627,78.7940664675,96.7121981187,194.1096022504,94.8593192884,75.9349813282
2014-12-26,181.1003186816,149.6208197809,39.6643871501,116.8169458551,32.1833679658,240.0359137204,131.4766065238,80.0217641798,97.2908700811,193.5113702185,94.2051504127,74.9365817612
2014-12-29,182.1704507849,149.4341884231,38.5021314199,113.5622542203,31.5757654659,240.9862620768,130.2852856614,78.5692478577,96.0589926526,189.6173612130,93.8367574751,76.1824716668
2014-12-30,179.0896030802,151.3478614591,37.9861504252,114.9715432086,31.8548901626,244.6146787638,131.5140342000,80.2383955352,95.3628927364,193.1400312510,94.1667304797,78.4478774190
2014-12-31,180.4293152018,151.4497369003,37.8247982558,114.0778762094,30.8123583058,238.1190648882,128.6831814108,79.4573742165,95.2945056192,192.3689138193,96.0902077994,77.0604387509
2015-01-01,178.8302052164,152.0378392775,38.0758032564,116.6992982081,31.0685154361,244.3272555563,127.7255452368,78.7499404157,94.9244678738,195.8601027867,94.7528285136,74.7485600684
2015-01-02,178.8305338766,155.0773539067,38.4665887809,122.4182866698,30.3762590856,245.8949720301,125.5270311261,77.9985829740,95.3612359568,192.8128764527,93.1204328498,75.6416697662
2015-01-05,175.5945200167,152.1162372483,38.0428034067,122.6935725284,30.0856055174,253.0529731585,125.6251948230,78.9385281990,95.7907443394,192.7547462210,93.9802558343,74.8869932607
2015-01-06,177.8897591185,153.4656666593,37.4598986735,124.1591717903,30.8386865438,260.1134525140,127.7760396274,79.4227371323,94.4743111472,195.3493287006,92.8890042331,72.9123722617
2015-01-07,176.4456670651,153.8298871269,37.1625086628,125.5329760848,30.5371325817,252.7544578971,127.1749504023,80.9292161121,95.9651556298,199.3044426970,91.6093201276,71.6766725567
2015-01-08,171.8643637950,152.1609131542,36.3652949059,123.8728749651,30.6486887576,256.2247882161,126.8369274036,80.4674904225,96.7745378386,199.6587837523,93.8277865676,71.6841944112
2015-01-09,168.6607520717,152.1602135961,35.9046599009,121.4228399659,30.6685544982,255.4790392799,125.5586110851,81.0396666786,94.3215706959,202.8180867728,93.1488136066,72.1535041106
2015-01-12,169.3491858914,154.0254889921,34.9335031948,124.2978849638,30.6301713235,259.2309465121,124.3990475634,83.0041346542,93.9358841804,201.4803636537,94.1885852730,73.0792295625
2015-01-13,172.0200312493,151.0196581080,35.2648574971,123.0160782764,31.3068424634,262.6476319880,122.2837319420,82.6548045574,94.0184656124,202.2905654651,95.1343995950,72.5391091751
2015-01-14,175.1384448766,155.3571330364,35.0811403711,125.9655454593,31.2104422500,265.0301085359,119.1940981600,81.7206166185,96.3372239489,202.3882767089,95.9989344790,73.0793605392
2015-01-15,175.6107527533,155.8462276335,35.3116340601,123.8540887190,31.9208323540,272.2023918859,114.3294185387,82.2122053941,94.3953828874,199.4343199688,97.1688564051,72.6263493683
2015-01-16,174.3632083539,157.6740794800,34.7424084783,120.9750501558,31.4006648031,276.5459441233,114.2507630239,81.7486787993,92.5499072858,199.0406376682,95.5303027129,72.3655518679
2015-01-19,172.7228306613,157.1455509853,34.2398072733,119.5950011301,31.2009344196,277.2063219785,112.2752833996,81.5006465707,93.2972464810,198.2355183314,98.8498104259,72.1361829395
2015-01-20,173.2045933741,157.1814320469,34.9253155051,123.0825346057,31.5837161879,267.3379355098,111.4596094068,81.7082433542,93.0148810399,195.7373750916,100.8870653390,71.3190052509
2015-01-21,173.5225233310,158.9664455044,35.0456330514,121.9034265315,31.6245550614,270.9949993012,111.0467647513,80.6279300220,92.9853340261,196.2071923897,99.0620730730,72.1131825232
2015-01-22,171.7213176578,158.9053741156,34.3315748993,129.6334955810,32.2872967157,276.2057056254,109.4821377350,79.1698880126,95.0155392653,194.4614231131,101.0959028215,72.0640137619
2015-01-23,172.0805201377,163.7287511608,33.7080962961,133.5918915724,32.1686941266,274.2094118591,110.5214059709,79.7443363228,95.4905705135,197.6159819649,100.9612211811,72.0333011579
2015-01-26,172.5157153928,166.0069901946,33.6233280697,138.1721240998,31.1876320552,276.5939946567,111.9409301610,79.4087109534,95.2835569919,195.5819044048,101.9833325239,73.0423861176
2015-01-27,174.2981520878,162.4051357071,33.1035787278,138.8066002267,31.6706367309,274.1782465494,114.2116160711,77.3350624151,94.7276722380,191.2698691778,102.9251347637,71.7132338610
2015-01-28,170.9014656125,163.4547059530,32.2187611321,136.4676998205,31.9122111074,269.4575377434,113.5493277907,76.0874359252,95.0312093431,194.1291946516,104.7520620035,71.6388584051
2015-01-29,174.7429209554,160.8031023056,32.9065236023,137.0389236299,31.9703155395,269.0428559434,113.9245784427,73.6374375824,95.8451653863,195.2185491608,102.5965848004,72.0000445070
2015-01-30,176.4810252210,158.9575678480,32.9759039396,140.4563996530,31.4883908301,278.3482151143,110.2343768374,73.8741141197,95.3675024668,194.1780233508,102.8291595031,73.9282898206
2015-02-02,177.5629895323,157.5311449254,32.7973937758,137.7550237457,31.0122475178,276.7627918994,111.4063714130,74.4826963225,94.4138175139,191.3274150765,102.5134423958,73.1458210655
2015-02-03,175.4319262517,158.4394207754,33.0450803494,138.6416792271,30.9064530593,285.0789385654,111.8555625351,75.4266590918,95.8856092448,193.0578289730,101.1947945114,73.3504765990
2015-02-04,175.6895855331,161.2048851079,32.9560471891,143.0082951822,30.1139024019,290.2733814817,109.5302931865,75.0235171236,94.6677584369,192.0732073684,102.3127156572,75.7383465507
2015-02-05,178.2905292960,156.5054550579,33.2111915201,138.5512786605,30.7819413815,284.8517472994,108.9288540031,75.8752341942,94.2007381036,190.8000902520,105.0542308046,74.7658647959
2015-02-06,178.0985948943,154.7751883480,33.7943338896,138.7259515790,30.6529557876,284.3292617516,107.0314080682,75.8529308642,94.0685273106,188.7567197125,105.1253338433,76.5362318338
2015-02-09,175.5636318027,154.6148490498,33.5667977664,142.3494001223,30.4678221692,284.4558164456,105.3867020164,76.6041087512,95.2905119122,187.7723989825,104.3143498452,77.0245408997
2015-02-10,174.8451300876,156.6501734782,33.5372593923,142.5103654755,30.6395801794,289.1130282591,102.8511910652,80.7746976220,95.1447787049,187.9612914147,102.1980059616,78.0942255436
2015-02-11,174.9488350281,158.5328626721,33.3604073734,139.2310614752,30.5767314651,290.0426512601,106.9475257553,80.3815083153,95.1628024450,187.8980045227,102.9970564567,76.0029997380
2015-02-12,178.9027943905,162.0599140305,33.4851676115,143.5121738719,30.5229159011,294.6637505899,108.1784455721,78.4871785179,94.2372479263,188.7806300670,102.6646417708,74.0075387939
2015-02-13,176.7560486587,161.7605375064,33.5117231535,145.1851425713,30.0740692509,296.7884536896,110.1535220973,80.4205774338,95.1659993881,189.4632458081,101.7363175133,75.0239697661
2015-02-16,179.2712954728,156.6881041201,33.4333327503,144.7275879196,29.9354777415,299.4153966117,112.1127297120,80.7887425984,93.8832784116,189.0608103240,102.6422598537,76.2265275893
2015-02-17,183.6178342024,157.4260916990,32.6792242810,149.1551667876,29.8017562274,296.1005342309,112.2256484778,80.8750902063,95.0892224672,191.9360453512,103.1281525933,77.0974257890
2015-02-18,185.6287261529,158.7607838349,32.6727050484,156.8305756357,29.4809256675,305.7969099760,112.3626734732,81.1683462004,96.0309963793,192.7304067445,101.7881051466,76.8363859980
2015-02-19,185.7894578281,159.5642610060,33.5618006253,158.2434858077,29.1379937411,309.9548355215,113.4020049108,81.5111341839,96.9233317322,195.8052903356,104.8824232085,77.4551586545
2015-02-20,186.7373673666,159.0611644579,33.5600492367,163.4604854476,29.5089718782,311.0103178911,116.1392509745,83.7146082458,98.1220770055,194.7044413210,102.8655484493,76.7157686770
2015-02-23,189.5864519298,160.2225133005,34.1072680087,162.4627621526,29.1255767963,321.3209930327,115.1757504110,83.3772975769,97.7691683896,192.6349067656,102.4536958384,74.5435008770
2015-02-24,184.9039187268,157.8113668812,34.7179340757,164.8425972673,28.5983585379,318.4939161646,113.8629529202,83.0871185706,97.6475089278,192.4853983411,103.5739973138,73.7233077107
2015-02-25,185.3627583146,154.7789239854,34.7927539171,167.9344548989,28.2773667380,313.9856020906,111.6017113439,87.1142874913,99.0595965255,192.6122248832,101.3685919219,74.9663554119
2015-02-26,183.0672205196,150.3236569365,34.9280473334,167.2868710251,28.2533587632,314.7468396346,114.7526366193,88.7571528470,98.9662856400,192.2035706459,100.7991674699,74.7498773419
2015-02-27,181.2393842742,150.8492472580,34.5442557482,163.2260196065,28.6625420661,312.3663670721,112.5710308686,88.9722047141,96.8655236511,191.3406121603,101.9008447060,72.8671426304
2015-03-02,180.4088172318,150.3055431344,34.8398216887,165.0347842747,28.2244016268,322.2566476102,111.7382559505,86.4556586243,98.2104943682,193.0459061050,102.3364841110,75.2882165246
2015-03-03,177.9788475364,152.9194239130,35.6041358624,167.4497089150,28.9201138310,332.3126279472,110.8427457519,86.7547505588,99.5754269100,194.1437174293,102.5886182413,77.2890777079
2015-03-04,177.4288443519,155.0730439668,35.5061654620,169.8578844711,28.9733477223,330.2023395326,111.4518405363,86.5730353825,99.0439430513,196.2875919651,102.1641467220,79.9658091156
2015-03-05,176.7177376311,152.9013455417,35.0388194338,175.5109788685,28.3701932661,333.2415635058,108.9218158834,86.1053539698,97.2275997231,196.0093884496,103.9656485248,79.0188645229
2015-03-06,180.2047058202,153.1859102128,35.0559788543,173.7901266454,28.5398206451,325.7273910361,110.1680626888,86.0383345589,98.6961131922,197.6836626701,100.7561680312,77.2936915848
2015-03-09,175.7275724059,152.8624836530,35.1950025946,174.1997714323,29.3734815659,332.0445596015,109.8945322426,87.0393165542,98.0431199458,198.1931352541,104.0941307771,77.1652352181
2015-03-10,177.6552181899,154.3420776145,35.1477497329,178.8898021764,28.5541083006,336.9504131306,110.8059466370,82.7156092487,98.8007150143,199.7337614053,105.8829886242,75.5825680654
2015-03-11,177.6371526861,154.1225309846,35.0446540428,183.8962975146,28.6677581046,331.0380203099,110.4485524303,84.0743422875,96.0564502401,196.9831888559,104.5069152047,72.6654909156
2015-03-12,177.6122895877,151.8107731904,34.3484635036,181.5738279040,28.6751021091,335.9943826272,112.6957208541,86.5252246878,96.4175003691,195.1449227012,101.9368835490,71.7034621525
2015-03-13,178.2370971013,149.3484820838,34.3477974876,187.3112713143,28.6249922174,335.4763675318,112.2290717093,86.0483325431,98.0052924535,195.3954254523,102.4925639825,73.3619619637
2015-03-16,182.0719056552,148.9559451648,34.2334395268,187.8937508311,28.2142201532,336.3435250118,111.7413771016,88.1278391726,96.6236927128,195.9432414197,100.8505168850,73.6837989891
2015-03-17,180.1500097517,147.4068598500,33.8676475561,191.8062720815,28.1533328604,337.9502737620,111.7703156811,85.6715829117,96.3213663263,194.0733867659,98.9072336210,73.6458951807
2015-03-18,173.0683835356,147.8429484821,33.9987077876,194.2473846907,28.3482659753,337.3543642983,111.5378657311,86.1467566366,94.6839679154,197.8568732073,100.3546851414,75.0523026271
2015-03-19,173.1313733840,146.0734504723,33.6194049920,191.6576882962,26.7236957327,338.0562027327,113.8889115652,87.2731445839,96.6133843385,196.7905149199,101.5550058283,72.0181484925
2015-03-20,172.0480374719,148.7247848356,34.2306034123,188.6661516744,27.2793651306,341.9008120381,114.9624230536,88.8997588320,96.6610387736,194.9127328261,104.2910699067,71.8070714620
2015-03-23,170.9577617746,149.8889512841,34.2150509002,185.6982450810,27.3379911431,344.0595841421,116.0695603122,89.3077164880,95.9901215184,192.0645387173,106.3960827104,70.1427633110
2015-03-24,173.4448935309,150.3924466173,34.4096352669,184.2289267098,27.6155567403,352.6446708664,112.6973278509,89.4545366909,97.7453873740,193.4610202965,106.4006267087,70.4173238024
2015-03-25,169.1278071194,152.7526632861,34.2598712432,189.5146887494,28.0284555942,359.6442515174,112.6358383930,89.3397390219,96.8081314537,195.2239632643,108.5118598273,72.0843526385
2015-03-26,167.4491460292,152.8866361424,34.1287966835,189.2487165443,27.8048494882,357.8967796296,115.9773993894,88.8991878646,97.8949958455,192.8601765687,108.4842456266,70.7134734545
2015-03-27,171.5869104481,153.9633249478,34.7043900256,184.3975336923,28.5408754206,345.6643701134,115.3389827840,89.0878845211,98.1365419073,195.9609066080,109.5382433096,72.5167042047
2015-03-30,167.1572900165,156.2992705269,34.5390995660,187.0019802050,28.3202708623,345.8511152121,118.6275746090,91.0876317373,99.7252598121,197.9380231101,109.0269157749,75.0410879538
2015-03-31,167.8007360473,157.8174940943,34.3019470919,186.9664173923,28.5573554030,355.4679374931,117.9356527650,91.2582600553,99.3834011455,194.5109714075,106.7239932197,76.2253907768
2015-04-01,166.1518964422,159.1856543342,33.3178841827,187.4423218060,29.1429876295,365.4902193610,117.3120378239,89.7635425040,101.0480612919,195.7503456269,107.8391588627,76.2965715469
2015-04-02,167.5933113029,162.4746394093,33.2189562142,196.6185134761,29.6284084096,363.3108960072,113.7430659975,90.0465078705,101.3841507711,196.6150529498,109.1873707533,75.9116874779
2015-04-03,167.6861850170,160.6322417989,33.1181024063,196.9181637148,29.6620466154,367.7112369259,109.5441600085,91.3119857548,100.9305152882,199.7538244729,108.8977515945,80.2604756059
2015-04-06,169.9811647557,162.0303826181,33.1729228373,192.5392941343,29.1729611598,362.0762614805,110.4439603086,90.4768125232,101.0044441144,200.3880619123,110.6179624848,80.8453106568
2015-04-07,165.6391514657,162.7378190250,33.1189784695,191.1025728237,29.1431380522,363.6882997548,109.0045687860,89.8999382052,100.8200840265,197.6453483191,110.7846514600,79.8239924151
2015-04-08,160.4359002876,166.3016294473,32.1228429579,188.0870242643,28.5719044699,361.8552632397,109.0815322452,89.5774834733,102.6356302619,198.1506596583,111.3773748162,82.9110156448
2015-04-09,159.4823576920,168.9878737788,32.1954181001,183.2620953615,27.7723176122,354.0752545907,108.3780815802,86.8410371053,102.9935072390,200.5828187083,111.6394591945,81.6572382147
2015-04-10,161.5092812478,171.3916554591,32.1091274569,182.6162033764,29.1336382147,354.3424931294,106.7269634193,87.2211654495,102.0082908683,197.3267734550,115.0526098130,80.2230512776
2015-04-13,156.4423667084,168.2672285893,32.2972791527,179.5141524758,28.9864700328,359.0489075576,105.3042882663,88.1659244947,100.6619343294,197.3891944691,117.8534978844,84.1438152329
2015-04-14,157.5513908160,168.3140642862,31.3993221955,180.9694332477,29.3256670225,366.6305177596,105.6266023210,89.3891234596,98.5637461820,197.0361632147,118.2517072568,85.8454910098
2015-04-15,157.5259510728,166.0173158071,31.0984182034,186.9609447705,29.1282766163,368.2453004778,105.9626520229,87.0493544617,99.0014981573,195.8139172530,117.5584725291,86.3048542383
2015-04-16,155.9957546115,165.7703698489,31.2461918308,189.7745998299,29.6858204753,374.3633256974,105.7100863216,87.2540807799,96.7936058673,197.9651372469,119.8779960204,86.1662426982
2015-04-17,155.1975999389,167.8936787347,31.5292066566,188.4350697062,29.3364434774,365.1825995836,105.3923915189,87.4361361185,95.3357150871,199.0511978714,117.4122844651,87.3661837005
2015-04-20,152.6025636717,169.9368352420,31.5572988530,187.2992663387,29.3007166089,366.5382813370,107.4233362706,86.4753645617,96.3193310719,199.0322726575,119.6077260627,88.8838111208
2015-04-21,151.8575423330,170.2299176460,31.0702808848,184.8248197529,29.4514220024,367.2652612596,109.5223670969,86.5402520267,96.7803541382,196.4945788351,123.0082226915,89.4362759241
2015-04-22,150.2014097494,173.5109090433,30.9266144335,181.0012483341,29.5584612236,360.4697051441,109.3294348610,85.0445485765,97.9962613728,195.1888229016,124.3115503587,92.3651483424
2015-04-23,149.6791170313,171.2534489857,31.3099315396,184.4362496336,29.4491496941,364.1475267690,109.4317434382,86.5237119794,98.5873414442,191.3970876400,125.8635045566,92.3393496330
2015-04-24,147.2517082890,175.2706251244,31.1046152201,192.4941722064,30.0651461458,365.4210177200,107.7168539709,86.7280331398,99.1202050261,190.7604112867,122.7482526770,89.8084449876
2015-04-27,145.6424614254,177.0452537439,30.5079093232,189.1296466227,29.8071250074,373.2762377232,108.9235708186,87.0709744289,98.1168810358,191.1060920273,122.1833104683,91.3566803798
2015-04-28,143.5100286553,176.1111023476,30.0249916057,190.6498843681,28.5331154129,375.0896320267,108.6464795926,86.6027424456,96.8343973285,192.6425677228,121.1558379870,92.9915553633
2015-04-29,144.4551833026,174.3445812450,29.3852648124,191.0673795537,28.3416234359,378.0587967850,108.0984295819,85.7359826835,97.7852482391,191.7794087826,121.0495822045,92.5099948703
2015-04-30,143.1015522970,176.0788334211,28.5769215866,192.6881997235,28.0063237828,385.1797507411,109.6007146325,86.5936176210,97.1922145103,188.8556924731,116.6801804066,96.1769307581
2015-05-01,142.4794043140,171.0914000517,28.6973895225,189.9766618229,27.8258199547,388.0153210327,111.3742615362,87.4729084799,98.6417142035,188.3165823908,113.4343412084,96.8559804154
2015-05-04,141.8492481623,171.7480139558,28.7015945165,192.9376080482,27.5974743908,381.9247407390,108.8799975354,90.1063979346,99.5677422695,188.5877478621,115.2485420135,92.8841982461
2015-05-05,143.6006657349,167.3866267328,28.8537461661,197.1870524014,26.6718527526,380.8124903530,109.3330967589,91.4194863675,98.4676891029,187.1646401967,117.2615539101,95.2562229754
2015-05-06,143.3081115397,167.4442867434,28.5508313684,202.1573510993,26.0586510049,365.2004739050,113.1633230041,90.4892612747,98.4247996009,183.6470462662,118.8212067124,94.6726505439
2015-05-07,144.7298982057,171.5673958546,29.1812221078,199.2884877406,26.5926572736,358.9801262563,115.6804512854,91.6894983728,96.2354298423,183.6418597769,117.5671297903,92.1740195234
2015-05-08,144.7754638456,168.6500055800,29.1327286678,200.4959325445,26.0352756170,360.0981238700,117.2919870005,90.4076473262,96.7172958946,183.0517808998,121.3568189358,89.2523975312
2015-05-11,145.0299571321,166.1317620517,29.4463951143,212.7629798046,25.4743713318,361.8792045884,120.2084662422,90.6125814498,95.0992998935,181.1988949406,123.2353825223,88.2212374674
2015-05-12,145.3057565161,163.3579691336,30.1347786526,216.2623466398,25.7370301561,351.6534135662,119.0711148489,90.5070629164,94.6661578087,181.2086226423,122.4604525184,88.6481110975
2015-05-13,144.8903080597,166.9613158707,30.2374835181,211.8324326771,25.6093253902,348.0242855226,119.6184397930,93.0170486272,95.4143329637,178.4768507599,121.9270639192,87.3475961781
2015-05-14,148.0088593363,165.2239179990,30.4017929288,211.4577738782,25.5548401619,350.4110200678,119.9001020305,95.9363695470,94.6285413481,176.8981865930,120.1221353928,87.9775793602
2015-05-15,147.9257292540,164.4445872178,30.1240629859,214.8091321687,25.0826019976,347.3906263298,119.5259866934,96.4643627089,95.5826806740,178.2220892944,124.2360027312,90.0609336445
2015-05-18,151.8126109330,159.8919173007,30.3728198506,217.2540147535,25.5863514795,347.4945076118,123.8792418186,93.0323239849,98.6151056370,176.5977638826,123.3728694652,92.1169705368
2015-05-19,147.9074699068,157.1953243384,30.4217444885,212.5162501637,25.8913092015,353.3639268540,124.5429068560,94.0820551637,98.4741281205,177.0920461639,120.3213241204,91.6989869993
2015-05-20,148.1501608421,158.5675774855,30.0106333091,216.6287801231,25.6838201157,355.9602499160,125.7495341424,92.9848752041,100.5278809361,175.2419527090,118.0522730172,94.6265946233
2015-05-21,148.4976121394,158.7044756451,29.8769390727,221.3735028239,26.5161481243,370.0857024227,124.7369500121,94.8014776466,99.6081387959,176.3164503743,118.1163951682,94.1741270341
2015-05-22,152.5726234319,156.8954357053,30.1669202475,230.8861968110,26.9911208307,365.1411340145,124.3150680225,94.9719696570,102.2540545914,173.5332390027,118.1019889724,93.9354161935
2015-05-25,154.7036264790,156.7750712998,29.8880808725,225.6739116416,26.7717491753,370.2272842402,120.9532643391,97.7956352557,102.2150397371,172.0349229135,118.9762510086,94.3419236155
2015-05-26,151.9956363393,157.4009011599,29.7403426803,230.8238582113,27.2162081615,361.4491737686,122.5195761035,101.0196496354,100.9017695459,168.5291138724,119.2574885615,94.2923855148
2015-05-27,148.8199355421,160.8630292108,29.8738999228,228.4853311399,27.3264621410,366.2199453615,121.3768144266,99.5728874893,101.3267034591,167.3141208014,117.1526443131,93.7848038827
2015-05-28,150.7308602322,162.9123651881,29.6479478161,234.8923494599,27.1839737908,366.8473641923,121.8522084967,99.3261342374,99.7153990830,166.5227571713,115.4037737951,89.4794683825
2015-05-29,152.2587497653,161.3407385519,29.3312145541,231.2288488339,27.6104105023,365.4437999145,123.5446891222,97.4096693492,98.4679269050,165.9307987357,118.3358939608,92.8029003999
2015-06-01,158.6591582430,158.4578997347,28.5406166893,233.2494091135,27.9808221447,364.1095658897,122.3113418733,98.0558005748,97.7360272206,164.3296560306,120.0902575789,91.0593512440
2015-06-02,161.0933781751,159.3528565233,28.8069626236,236.2422476606,28.1332544904,372.0287673854,121.5791268139,96.4944736372,96.7110791063,169.3719815155,120.6578865485,93.1301681536
2015-06-03,162.4154047535,160.8004384674,29.3725958817,232.6356792235,28.1236531109,376.9649465132,125.1344931893,95.5939377079,93.3839313248,171.2431776057,120.6727089019,93.6042642764
2015-06-04,159.5678981487,160.6440545772,29.3096948512,228.4847070331,28.1709971169,373.1541094264,121.4250781833,95.0130673823,93.7522933964,174.7669917755,118.9396757922,90.0445516988
2015-06-05,163.3370696678,160.0988401561,29.1221715787,232.2677924943,28.4390656041,368.8863044343,123.1124388713,94.6176635217,92.8002441592,175.0821039029,117.0366003089,89.2998523070
2015-06-08,162.3922056468,163.3853334392,28.7397052359,233.2492025505,29.1694310616,379.2262015867,127.6535726909,95.0958367545,91.7414735268,175.2639484449,116.7307856410,90.1509035625
2015-06-09,162.8858124062,166.7041081867,28.4886506510,229.3477370804,29.2803280995,382.5528751904,131.4027406068,100.8425027297,93.5561214909,176.9427861775,117.1306114543,87.6150654316
2015-06-10,161.5059564437,168.5960352283,28.5999038743,223.5308120034,28.6496469856,398.1808492170,129.4457726653,101.2496555646,94.2398185916,178.3049205298,118.4069146281,89.4127336754
2015-06-11,162.5240721976,169.2426812700,27.6949944373,230.0077798389,28.7130817669,393.2805939415,131.5667169835,102.6207594666,93.9731957567,177.4421387576,119.0300931229,90.8590131806
2015-06-12,162.7132124312,166.5825512369,28.2387209941,218.2752786493,28.5876253594,392.9118045639,129.9020482478,103.9040781712,91.5305560875,174.9796432080,119.5662385783,92.6325044554
2015-06-15,165.7581879097,165.2248056153,27.9015596075,221.3974923292,28.3983748119,379.8409273106,129.6988100006,104.5507492655,91.2208181226,175.7346866347,118.8175590556,90.2571800567
2015-06-16,164.6025435471,163.9302267404,27.5673009679,226.8563055841,28.0390504987,383.7913903891,129.4665614903,103.8253182672,92.1275770759,173.1504628404,121.1369095281,91.4107193866
2015-06-17,163.8922684996,164.9544512792,27.7551725530,223.2547702016,28.3623407211,384.1081731835,129.1178316339,104.1658127308,90.0723738100,171.1330736590,120.5680068393,92.6545554236
2015-06-18,164.2602873086,167.5122994530,27.8726845408,223.6853685549,28.9692384974,391.2068339923,131.7656622375,106.9036994786,91.8016399015,170.3403652760,115.4478459417,91.2461955516
2015-06-19,163.1162377138,164.6896019352,27.7421086804,222.4707549445,29.1253796261,395.3508134252,129.5876085889,108.5520364477,90.9786650937,171.3988245836,112.8826463294,91.0902828144
2015-06-22,165.6339830100,166.1257297517,27.5014024372,223.2300143052,29.1957610564,394.0491525748,128.7066763417,108.9558255245,88.1861944022,168.0086346450,115.0159577834,88.5610366041
2015-06-23,165.6144793146,166.8353147041,27.0719309675,213.0803792703,29.1901567456,399.6795355868,130.6409153427,105.6787553538,87.2906812089,167.1630817362,116.9617117709,89.5937560835
2015-06-24,163.8033196843,167.0597893765,26.9876090083,216.4982490297,28.3692025362,392.9261018485,128.6678824753,105.4408722334,85.8532389984,166.9413117803,112.9548679402,89.6973327870
2015-06-25,164.4753684572,171.2538893894,26.7899155847,224.7369575075,29.0969911687,393.8638218988,133.0101987149,105.0247344194,85.4495875162,164.6630558696,110.9751603692,90.8991524138
2015-06-26,162.8932347068,167.7800647892,26.3918516006,226.6392214230,28.9232557149,398.1044051370,133.4994511386,106.3466375952,83.8519839961,163.5581076969,110.5942082199,91.7467714560
2015-06-29,161.8974563600,167.8106185488,25.9613338307,225.0864223209,29.5829848345,393.5225521137,132.9067488755,106.6311470781,84.1025630367,164.5967562390,113.1893488159,93.4961112441
2015-06-30,162.9486170268,169.4259596087,26.5081791968,233.8261430913,29.6073842196,392.8744891862,131.3724565556,108.6186698942,82.8949226271,165.6528015209,111.2138936223,93.2161876271
2015-07-01,160.3506668612,172.3342427020,26.5376778893,233.2525140626,29.4745019888,395.7362463853,129.7985025462,107.8520886211,80.7117440096,166.7983541280,113.5117435525,96.9629046638
2015-07-02,159.8605027543,171.8133285915,26.4694554406,236.7380886797,28.9833440913,394.5748177609,128.0062788138,107.7251020602,78.7697424052,168.7252613760,113.1410400610,96.5419711263
2015-07-03,162.0474722033,173.9548639636,26.7919034987,236.5810549656,28.9927697867,390.8186167567,129.9594438027,110.1943113281,78.4355761518,170.6945875816,110.9072026347,97.9704354411
2015-07-06,164.5200040946,175.4640209629,27.3604367705,232.1185215413,28.3861355788,395.5507164289,129.5376638981,109.1681706289,79.7572332669,170.3854359237,109.6380675726,94.2299167054
2015-07-07,163.0187455975,171.5413891164,27.4931868442,230.2406642938,28.2132342295,404.8390032626,129.6016126748,111.0414034782,79.3926020963,169.9531338096,108.2985459494,95.6406063262
2015-07-08,161.2713081346,171.4341748093,27.5878752471,232.2942725271,28.0021891475,400.3485341823,129.4345675772,110.8610481836,80.0444748475,168.0443604789,108.4032324152,96.8931902971
2015-07-09,162.1594145509,170.6363731357,27.3004572139,229.3392074875,27.5847755044,389.9619115877,126.9642983849,110.3493970687,80.1005042183,167.0724326997,110.3048610146,99.3538234213
2015-07-10,162.7846257715,168.4070775283,27.0752415334,232.0055459933,27.9120105331,389.9452638675,129.4597345215,107.7980462916,80.0317380692,164.1028498947,113.2525175227,101.9499335162
2015-07-13,165.4668766484,173.2184772859,27.4673333258,236.9839719896,27.9566415179,385.6047350035,129.5963342349,109.5272281007,79.3498646333,163.5048494396,114.9597141576,102.0439898313
2015-07-14,164.7104828698,172.7618355671,27.8383003773,235.9513033192,27.6141278994,388.6038531956,127.5432849221,109.1187797128,79.6224925097,165.2682754956,115.2138992608,99.3539268011
2015-07-15,162.3005104417,173.9907708543,28.1387159528,232.5935829752,27.6121920245,391.1644033072,126.1429783619,108.6708122772,79.7206802332,165.9197061581,112.5733210270,98.0769721910
2015-07-16,162.2778798083,172.5807343655,28.6951860665,233.5438110575,27.9987270075,387.2856843328,125.8519329696,109.6612383352,79.3760452950,163.3379570048,113.4778505480,97.8236710718
2015-07-17,160.7431740416,171.4216756389,28.1453460273,234.5488834399,27.2697113430,392.6207954112,124.4206613953,110.3474782703,79.2134816287,165.2384308688,111.1404824605,96.6910418902
2015-07-20,160.3058141091,170.1871255577,28.5786276878,235.5149153912,27.4738632498,382.3077723158,127.2853675125,110.0589384003,80.1055807740,167.2213540970,106.4823141429,93.7510338279
2015-07-21,157.6989354300,164.9154046556,28.3756154741,243.5973731751,27.7724510291,389.8473847905,125.8950352106,110.4430235763,81.9136872846,166.3635631794,106.3028003518,94.1097807690
2015-07-22,158.1103619376,162.1244777373,27.7581656913,247.1244843001,28.1222986360,406.2614269723,122.0468739131,108.3149502018,84.6628716489,166.2577201548,108.4759196933,92.5187453482
2015-07-23,157.0732841742,165.2962725014,27.7185431255,248.6311390996,28.3530497987,404.7737636981,120.6040861728,106.9007810885,84.2553268006,166.0178199516,109.2613269659,91.1026333935
2015-07-24,153.6057584309,164.9186734377,27.5751904680,247.3022994091,28.1624341781,407.5924767369,120.8936055516,109.2648078901,84.0542351462,168.5858446524,107.3503063821,93.0388482294
2015-07-27,156.3046786563,163.1885115009,27.9061356115,249.6363611863,27.9637552416,408.6718347336,118.7077911205,108.2649856227,83.9132589572,169.7864881608,108.6425554716,94.9678806783
2015-07-28,153.7109081531,164.1964471672,27.5725850957,250.4415280900,27.0662047455,404.2954184517,121.8071479865,108.0579278548,82.6499504683,169.7353160504,109.2165069561,94.2551201429
2015-07-29,153.9793605301,162.1810476076,27.9182572045,258.4976913917,26.7073791180,401.8302193192,123.0095153609,108.0653635455,81.8930199254,167.9647747144,110.5528121583,95.8281141218
2015-07-30,153.7674054634,161.7565384813,27.6946092061,273.8371006445,27.0338314029,399.0636988013,125.4014080139,108.1380949604,81.1493986986,172.1567292751,112.7642818730,94.7430677171
2015-07-31,153.1799098892,163.1387710461,27.4382009099,276.7695982776,27.5667487299,399.0049723497,124.6499941635,108.7170679344,82.6757036330,172.3613341467,113.8130081375,94.7620068611
2015-08-03,153.4530309400,160.6311132440,27.1808893822,276.6517466757,27.0759043980,401.3207234728,123.4144823288,109.7949664146,83.4654706462,168.9772146639,117.0635902893,96.7412570353
2015-08-04,152.9185763863,161.9000168466,26.6745270890,272.4501250296,26.2735818013,422.2227356662,123.8620146773,109.8922834890,83.7846453866,172.7211691567,118.5199079911,101.5671117120
2015-08-05,154.7996533876,159.5567402058,26.8187701225,265.3707575573,25.9644779315,425.7372995635,123.9605777117,110.8117300402,85.1350073918,170.3687211890,119.5538354675,100.4492970579
2015-08-06,155.7298455741,156.6527349366,26.6921969108,271.1295378103,26.6955682375,426.5867494429,121.3597184275,112.0459812663,83.4291649007,172.3872226227,120.6468619959,100.0198022607
2015-08-07,154.8555661482,152.4411239610,26.5349561185,274.4917931759,26.8901920645,427.9278222150,121.5871607947,113.7115629231,84.8644537841,173.2594566601,123.9740403270,98.7072102094
2015-08-10,152.5722908582,153.8900109908,26.5393515688,276.0633963662,26.4439560374,431.5067377096,123.0212019195,112.0024640280,84.2161255260,170.5454075504,125.6159259672,98.5965612016
2015-08-11,149.4171479577,159.1067032354,26.7397664780,273.7088993158,26.4720585735,440.6872472866,120.4180901906,114.7699999365,84.5584241345,170.9389521680,125.2676280199,97.2951667219
2015-08-12,146.8858025892,159.9422751169,26.4628640801,271.1469288814,25.9142824235,429.2177655414,123.4552503935,116.5277915661,84.4837846064,170.7470989026,121.4407526634,96.3703846531
2015-08-13,144.4109397696,159.0224681183,25.9425312452,271.2089990799,26.6308847686,442.3324844857,124.8066285815,116.1302026407,85.5471700544,170.4945918423,119.1409723178,95.8804887038
2015-08-14,145.8916458195,160.0397812976,26.0858212397,263.6837631918,26.7485748152,449.2416606834,126.7365633855,116.4917880100,86.7012457932,168.0277418554,120.9521663609,97.3991161316
2015-08-17,144.1274892026,160.3863625686,26.2315974400,261.3310754385,27.1979138491,450.3950760052,124.1145667417,112.9382878547,86.6296240763,165.3833513292,120.1328533923,97.3503308804
2015-08-18,142.2105541190,159.9772834894,26.2744423198,258.9892172389,27.2624395577,444.7015333784,122.3379438325,113.3880400858,88.8185001838,165.1233336042,118.2266024450,99.0283657748
2015-08-19,139.8294423228,160.4433055113,26.3424263946,260.9327248552,27.0993896344,446.7642015451,119.6234231809,116.3404858338,86.6516612225,163.2938212853,119.6031253478,97.9413743904
2015-08-20,143.2688028721,159.8793038972,25.3270988463,261.9426048313,27.4624158598,444.2546243019,120.5086536313,119.6534942654,86.8787947951,161.9206515066,117.7218860231,98.1083321255
2015-08-21,141.3652471416,160.2134847868,25.3685777776,261.2655299891,28.2051399104,443.4486115353,120.2468091776,116.5010206802,87.5607465811,162.4397672521,116.9762774271,99.4661189622
2015-08-24,140.7443483191,158.1778263693,25.8779375493,266.8161453457,28.4769156600,437.2773038274,121.8642588681,115.6153109430,86.6057527959,164.6735938388,116.1296262842,97.4330079403
2015-08-25,140.2018586491,158.3686839584,26.3518477756,261.0020533904,28.2623981330,431.0067795633,121.2271274010,115.3305385478,87.2733249039,163.5654341093,114.0240082006,95.7133700451
2015-08-26,139.7809041868,157.6592058387,26.4055976755,267.1244213070,29.2875357847,437.8479511692,120.4438141840,116.1805884197,85.5037034319,165.6308172851,115.9320260883,92.3709355361
2015-08-27,137.7021947397,155.3717595347,26.2150928994,251.4012245706,30.2161096083,434.2064676136,120.3530888519,115.0192125451,85.3869927809,169.3665469909,120.2375140932,92.2908991815
2015-08-28,138.8174599243,154.8901728980,26.0093330818,244.1251644128,29.7516267615,441.9705401144,118.4743711208,116.0299638643,84.1556621778,170.8866922806,118.7097407029,93.8025146930
2015-08-31,139.1991836989,154.6285105022,26.4708967521,238.4009602248,30.0944840645,436.4374749624,117.9532522380,118.1257853579,83.3766687860,168.2560811013,119.5254446239,97.7229939115
2015-09-01,137.8212922320,152.5253885133,26.0610311180,235.6416817124,29.6105307245,437.4127471859,117.2347900255,116.2339379967,81.7670906163,165.7896742935,120.0671601223,97.9846256670
2015-09-02,139.2477796394,151.6147204679,26.3947087856,235.3880936326,29.1889034904,438.6202328433,117.6910229594,116.6166910652,80.1933387668,165.7365238643,122.5417428953,98.6799744630
2015-09-03,140.1374849670,156.2408678712,26.5720945285,234.8475259590,29.3384845485,435.1605333422,114.3098707390,115.0512587227,80.7336212711,165.8256088987,121.8344839858,99.9477230690
2015-09-04,140.0023215179,156.4545300389,26.0972759985,234.5535956961,29.4158116747,431.1337956582,115.6965478264,112.5470905837,80.8498667520,165.6366439964,121.0307119525,101.4056314127
2015-09-07,138.3768071633,157.7765703077,26.5009978407,230.4857208852,29.9446174984,423.3638448003,121.3536259456,112.4715857154,81.0054272171,163.7969881033,117.2395591922,100.0711438437
2015-09-08,137.1596869389,157.6569793172,25.9840287324,241.8297747973,30.5609337737,423.7279116412,121.2140488125,110.2276593528,79.6962025014,165.3111323332,118.3606227121,98.4100176832
2015-09-09,136.5857701257,158.2960086025,25.7946967471,237.5535104694,29.8740274136,415.9406862659,119.4306511192,110.3725710674,79.5175343690,166.9159125162,118.7211102347,100.8471725512
2015-09-10,135.7779464726,155.8120466195,25.8650005639,233.5275344460,29.6484642613,413.9750238785,119.1441151493,107.6250044832,78.6716860124,165.7324798039,116.3083510073,101.6444782692
2015-09-11,136.6910693797,158.7357771655,26.3093459814,234.8908659131,29.5173519874,412.3230558147,119.6516261023,104.9406459893,79.3830737363,166.3189277283,118.0702199941,103.9224300969
2015-09-14,136.7746443992,155.0028838844,26.1748701683,233.3506218490,29.7325321420,396.7118027632,118.4259915357,103.2633854389,78.3257546094,165.4628017686,121.8031958659,104.5659628359
2015-09-15,137.8518812228,154.7994580172,26.6693622193,222.9320707606,30.4298622112,404.7732132857,116.9946922579,104.0784881268,77.0034726876,162.2057531776,119.5467187934,100.6529536619
2015-09-16,139.0588610553,153.7134479057,26.4816582805,222.9641740715,30.5979884459,410.1698535000,115.7484915428,104.6635794825,76.9989663627,164.7715653242,121.3337988119,103.9998139735
2015-09-17,142.2091299517,155.0016222479,26.9203354410,222.9132004261,30.7027401482,400.7155054126,115.5884323560,102.8137768638,78.1830449947,165.8064206482,123.1600618396,104.8185973999
2015-09-18,141.3597329349,156.1446146804,26.8645451915,222.6233555970,30.0335620893,404.1664041417,116.0324390723,104.3779397449,77.2097300166,165.6355201316,123.9369373052,103.8096351955
2015-09-21,144.8367821432,157.9624546416,26.9750558839,217.9599324978,30.5897957486,408.3405148527,117.2415417164,103.4191444534,77.3750549187,164.8783891659,124.9159188752,107.7301331739
2015-09-22,142.0121889161,155.8875368747,26.9885455349,224.0114282287,31.0355214150,406.3020407204,119.1725385525,101.8914722375,77.9316023085,164.1204266808,124.4467655256,109.6684279189
2015-09-23,142.4000721218,155.0618078936,26.4248379179,219.0669552400,30.9412645065,413.2864526612,119.5026715553,103.0895905362,77.1226049807,164.4373412651,123.8003459107,115.4959584060
2015-09-24,140.6759065759,154.7065758665,25.7735177739,214.9321011557,30.9872858964,408.5009163102,121.2207299789,102.9681118027,78.0057198070,166.6056453044,122.6261286651,117.3137315648
2015-09-25,139.3474823858,155.4704492284,25.8373332637,221.2271724142,31.7928229814,404.0912656226,125.3081244695,102.2426002277,78.1828393163,167.3776078362,123.1165465596,116.8814432919
2015-09-28,140.0329369280,157.2041150320,25.8161442331,222.7477183665,33.6976430953,410.3336776892,125.1082753368,102.1553121641,78.5290774550,166.4281946117,124.8336458144,119.0959831905
2015-09-29,138.6944790511,158.4265041039,26.1292747063,219.9920158245,33.3672379935,403.3906172156,123.3521624479,102.4017149223,77.6759412109,166.7421304342,123.4071052742,117.5694858378
2015-09-30,137.9833892597,158.0410085446,26.4453326864,220.4994703299,34.0369737602,403.5062102251,118.5664627388,100.7303614595,76.4907042303,169.3591948558,119.8111896861,114.2768735337
2015-10-01,141.1781783018,161.2005314218,26.0462561487,222.5865241636,34.2662954476,404.1596256332,120.9077943476,100.6237417759,76.8655370627,169.0773888362,122.9792877787,114.7033371824
2015-10-02,142.7137646234,160.2871177620,25.5384837935,227.2568409415,34.4218973420,396.0381999417,120.8602097912,98.9846484395,78.3686569565,167.8184882716,120.0414259097,110.9985096832
2015-10-05,142.4002896077,163.6911330348,25.2394976958,236.7398390719,34.8482098231,384.9686613106,119.3929070785,97.6126662583,77.0608694718,170.7159686875,119.6313804009,114.0630018466
2015-10-06,142.2105449808,162.3665406603,25.1286945522,226.9442145765,35.9506107468,387.8710317821,117.5280325750,96.8766351437,76.4201841112,173.4546311603,115.7550140719,115.6275098709
2015-10-07,144.5709441419,163.7503867450,25.4399582079,220.8912338899,36.4224023245,392.8376915052,116.0170768690,97.2203636580,75.4817900188,176.8578517533,118.6987443113,117.8712612883
2015-10-08,143.4232187784,161.3456248390,25.5105807518,223.3365495043,36.0159087996,394.5916536847,114.7706595463,98.3678283929,76.2496734113,175.9709665375,118.1927700362,124.2124896065
2015-10-09,146.8115040655,157.7116202036,25.2361568150,225.7393866597,35.6963671294,391.6982181782,116.6575323877,97.4776211956,76.1647504444,176.1178131626,116.0723095068,122.6741907528
2015-10-12,146.0676202078,158.2403707230,24.7591183039,230.7126877876,35.1482567050,397.6821518033,117.7995277908,94.9972380116,76.6058544950,176.8697737665,118.9618543628,124.4856279738
2015-10-13,144.3218001953,163.6107606118,24.8469929867,236.9982732436,34.7496853768,388.9123308225,117.1165709962,97.2083277111,77.1157287495,174.9373427993,118.3151520501,126.9180251673
2015-10-14,148.1600350834,162.9077289382,24.4152107078,231.6789656030,35.8615726586,390.3476935009,117.7268483025,99.5409011040,78.3943759211,174.5322456046,119.5779157777,129.4873715699
2015-10-15,143.9210094600,158.4098538056,24.2697187060,231.7499163593,35.2275818061,387.4390397031,114.5495343455,100.2393665439,78.7554324326,176.5492439482,119.8106870920,128.3975485470
2015-10-16,146.9125939700,163.4204967651,24.5704536832,223.4723107807,34.4023284768,391.4049150557,114.7388167238,101.0293893562,77.8689180143,174.4658096177,122.2303064647,134.8399859762
2015-10-19,148.4111889015,166.5652085605,24.7133127036,229.4320924891,34.7192029691,381.7583256439,116.3722949925,101.4589242433,78.3056382786,175.1245507564,123.5048605672,135.2891840412
2015-10-20,150.5640550311,162.6962357052,24.8645157704,236.2211084548,34.2950329484,367.4146412882,116.7561560384,101.0118682997,79.6459327119,170.5135537138,123.4733192452,138.5826968353
2015-10-21,149.9771122551,167.1299003209,25.1005843629,235.7280642624,33.0653934569,360.1907869009,118.7843878368,99.4763478604,79.2249663799,168.2782083471,123.8852957931,140.2308688798
2015-10-22,150.2398907187,168.1610176261,25.0100135801,239.4298156324,33.4590126952,364.1834589862,120.3530742828,98.6738457015,78.7192049205,164.6378032274,124.3203904814,142.3698858901
2015-10-23,151.3533644214,168.1991483963,24.6980916589,246.9684812984,33.4751213772,372.6433015738,120.1994971375,101.5500708638,78.2409182045,166.0571412895,125.5430790743,143.7750578232
2015-10-26,153.7373617959,167.7056182623,24.9339456668,249.0439293526,33.4050689332,370.4200463099,121.6911696121,101.8858739437,80.0509427341,165.1872511217,128.0785988860,142.1894410476
2015-10-27,152.3884808149,165.8248756939,24.6500469159,250.6794848092,34.1855648385,369.5925052955,120.3737064282,102.1860178170,79.6413011669,167.2207780138,131.7738761475,143.6885537157
2015-10-28,151.6875725859,168.7976573391,24.6747874134,259.0739869460,35.0598702471,365.9801961799,119.8564725302,100.7560199791,78.8215979054,166.7009858552,135.1899093956,145.4297143123
2015-10-29,151.7540891237,168.9266985621,24.4502550498,258.4714537545,35.3058294186,370.9182611173,119.6737110683,99.7021382217,77.3513739886,168.2082803707,133.9105683922,149.6308121904
2015-10-30,148.0376411786,165.7141537939,24.4855461422,253.0714127886,35.2272278174,365.9769819673,119.0895297502,100.7132569031,78.0231625877,170.9784073841,134.9608184888,154.4491755533
2015-11-02,145.1146098992,166.1599274797,24.6781309224,259.3811803507,36.0154661127,363.5779877407,120.6196068684,99.7644229358,79.7493452170,169.6963847130,133.0195121049,154.5801111025
2015-11-03,144.5261053495,166.9727881580,24.3580318301,251.3919962953,36.4923910826,362.2754636925,119.0592607004,100.6524397407,78.8127251998,168.8317668353,133.8625743283,150.4371778895
2015-11-04,143.4168355902,164.9997522616,24.7659327528,249.3443606712,37.1911094021,353.5704269683,119.4321201427,101.2429189480,79.2911676419,171.6098561273,133.0183361631,151.9205831492
2015-11-05,144.3394563389,169.1610565091,24.8151187171,249.1847786550,38.3861201613,352.0746386908,119.6280369991,100.8891001880,81.1805404941,172.3134896798,132.2858753125,151.1306322407
2015-11-06,146.4466617294,169.3015417908,25.3143678575,253.1819149132,39.0733578462,352.7038845665,118.8818620607,100.6701595535,81.3932884972,172.6301303602,135.1020266743,146.1284532616
2015-11-09,147.5793927485,168.2223680501,25.5249801422,257.6550337696,39.8498665131,343.0024266762,120.2237970743,103.0762434427,81.5727224077,171.0580634672,130.7826717470,142.9344307876
2015-11-10,147.1907722250,165.7380744956,25.3805465283,259.8391528289,41.1240708455,341.5407435983,122.4550528478,105.3775078031,80.7765646107,171.7928362895,131.8503633059,146.9421777038
2015-11-11,145.4792440855,164.9712757582,25.1080288988,245.6782544114,41.9181597195,341.6061616889,121.0594601914,105.4835201853,80.9448268335,173.0081463751,132.3792785063,146.8100138975
2015-11-12,146.5358834190,166.0479976194,25.2351605000,244.4027103408,41.5366666092,339.8992287566,118.7554744547,107.3591826916,80.0916317095,173.5049294919,133.4278621635,147.0581002086
2015-11-13,147.5635514662,165.8252767936,24.7904736059,245.7637219517,42.2277859378,345.8462099171,119.9406015215,110.0729622404,81.4833389955,169.3440427209,136.9399537407,147.2980733487
2015-11-16,144.7003187638,168.5181493055,25.5230717139,251.7427167436,41.9330101179,339.7209566514,121.7997745144,108.7656156157,81.6012933771,168.3174759281,141.2589791016,151.0370261541
2015-11-17,144.9848930894,170.2821759802,25.5505940070,260.7921032558,42.9465907339,346.9973293382,123.9355143923,107.2993697535,82.1497132291,167.1710322129,138.3511774117,147.8030112358
2015-11-18,140.9348516206,165.8469564649,25.6137740546,253.7356510807,42.5561900020,355.2900697783,122.3028679104,107.7278276413,81.3484312229,170.4178039876,139.5362385941,149.4108404851
2015-11-19,141.1567211916,164.4467291506,25.5088986097,250.7447735207,42.3410978012,353.9492610188,122.9022808230,108.8522816454,82.3712776374,171.4071430717,138.7568544473,151.3146491912
2015-11-20,140.4418757379,162.5581501397,25.5439101242,251.1306449691,43.1276824556,359.1104222853,120.2723773942,109.1899580831,84.8370161396,170.5096773662,140.2098391931,152.7425453968
2015-11-23,140.1410530268,161.2054869782,25.2379032269,260.1979654926,43.2002503022,354.7261427442,119.6242412690,110.5359647546,84.3560738529,170.9964792459,140.0439442238,152.3446212905
2015-11-24,141.3715948711,164.2106849410,25.3182745504,262.0667793175,43.5954903177,362.6192013854,121.3592184047,107.3627181046,86.5619817362,171.3961881942,137.3932904032,150.7010601522
2015-11-25,141.4195528643,164.4043517408,25.5734695318,257.3628225060,43.1711502642,357.1668709948,121.4862959146,107.2993310902,86.0905754933,170.7622239121,133.9259679769,146.8854241414
2015-11-26,142.7130878379,160.6647947271,25.4992367105,249.0011334109,42.5796692606,361.6886833624,121.9484533670,108.1465297259,85.5654873691,173.7779036838,134.8835751181,144.4283125360
2015-11-27,142.0116068755,161.4824159633,25.0826382049,254.1375037013,42.8546324957,366.9220794559,123.3501496535,109.5334135544,84.1018609588,174.1833924609,132.7548897286,142.5942607125
2015-11-30,140.1785950457,162.6882563057,24.8633976775,249.1958488281,43.1837265313,374.8288583581,119.7645148911,108.4439325967,82.8619190966,174.6229637111,130.4439506225,145.3911767461
2015-12-01,143.5925389066,164.4684655874,25.0077180185,257.2926764598,43.0769715393,377.2509042326,117.8886801123,110.2400448121,80.8562312313,175.3357362553,129.0728824012,141.3243516550
2015-12-02,144.2084919738,158.7591835387,24.6776509451,259.8148645101,42.4379188753,379.6003476642,118.3953152337,112.2007363978,81.1061243126,174.7409447304,131.3506814201,138.2726128995
2015-12-03,142.6322310889,155.5309412342,24.7199117293,263.9192213032,43.6006226077,376.0454870248,117.4743775249,112.7571813015,80.8356500575,176.3996664337,130.3914309077,134.3432754681
2015-12-04,143.2078358470,153.7818656963,24.7045700559,257.0526030941,44.3104158788,383.9285169134,116.6975978149,112.6415958043,81.1505148147,174.6747103869,133.1916190983,133.9325747020
2015-12-07,141.8301665866,150.5082532708,24.7512050835,249.6015319763,44.4870152642,384.4378569353,115.1299887589,111.6014420522,82.4556544601,177.2405725556,135.0463827906,138.3122083614
2015-12-08,142.9962511572,146.8961056278,24.7647357251,245.8145137599,45.7820170780,377.8056161429,112.4989232488,112.9373831541,82.4402165555,180.4661738110,133.3526905820,142.2885658364
2015-12-09,140.4660773450,143.4509001591,24.7875315431,238.4273939080,45.4832318812,390.7169374678,111.7454164857,111.8536545394,84.8266571678,184.0489188470,136.6416264280,145.6283756475
2015-12-10,138.5640757778,139.4785786038,24.5770280958,239.1180261143,45.8276016310,389.1768431259,112.8884758512,111.2799181693,83.4903678773,184.9004290376,137.3660375358,148.1467372477
2015-12-11,137.8134509951,139.5361433432,24.6193344957,244.1137620553,46.0647403599,400.2960403529,114.3534949330,113.7494793378,83.3624492374,185.9009987285,139.5698761305,151.5849950234
2015-12-14,140.0161134741,139.6462024877,24.4475448515,250.0857762499,46.4176237012,401.2697806950,113.4928791540,112.5069850149,83.5607711466,184.7103328724,140.8215471692,151.1450209632
2015-12-15,139.2704924551,141.6150481064,24.5561406842,242.0874753165,46.1986144887,399.6029032008,113.4275021422,113.3478641010,83.6042227798,183.0619207103,135.5093566885,158.4590357713
2015-12-16,137.5231258777,139.0957036629,24.5546791636,243.6833541818,46.9088448217,401.6094852331,109.5884481025,113.1769250100,83.0946820822,184.7124737686,135.0109008567,158.3032400725
2015-12-17,136.8876448840,139.8783499340,24.5472716235,235.8915629259,46.8247456007,419.1743137802,107.7329606732,112.3469889876,82.3012506419,189.4621742117,134.6526520711,160.4790127277
2015-12-18,133.6709733946,145.9337628330,25.0112110484,230.3209229605,45.8948291658,415.6191159744,106.4933129283,110.3058503776,83.8821847231,191.2917320051,133.1364924258,160.1853636662
2015-12-21,132.5189369709,145.8882596255,24.6521271377,225.6308612798,45.4634502180,418.2789902015,112.2609816303,108.3231910838,82.2787404804,191.0055340145,133.6312816699,156.4042375251
2015-12-22,131.3519485173,144.6672008511,24.6105339948,235.4923820817,44.5377313704,417.3313845907,111.6751461148,107.7230252758,80.7489234355,191.4779970792,135.5432855691,162.2780604028
2015-12-23,130.8693342162,146.2448740400,25.0711661157,242.2346005350,43.6166013614,422.3367841434,112.6579877655,107.9272527095,79.8561100717,195.1927041012,136.0801947153,157.5225494770
2015-12-24,129.6718821525,143.5042858418,24.7110675367,238.6757447994,44.1366645224,423.7920335031,113.7681418128,112.4867740735,79.0547698498,192.7947450681,136.0347743994,158.9767655803
2015-12-25,128.6474274011,145.1115865566,24.7709825982,243.6075647998,43.3890068978,424.2636067673,114.0862141374,111.3513030874,79.2019709190,192.4489773605,141.2182960811,159.6396124613
2015-12-28,128.3077162574,143.3214281098,24.9751236740,243.8703069851,43.6762976065,426.5744667410,118.1462186878,114.6263464411,80.8563760696,192.3009804742,140.6970632205,162.2777702171
2015-12-29,130.0615500995,145.4745493855,25.4422004417,250.3652860621,43.3013502187,427.1802923444,115.4088148523,117.2741393151,82.1386448459,188.5538797692,143.4117099635,166.3507919243
2015-12-30,129.0343019195,142.5299497017,25.0254202440,247.7242503939,42.3205836489,429.8684805654,116.6156760160,119.1038598090,82.6867210433,189.1911003566,145.6081469397,168.1802109908
2015-12-31,126.5917650492,141.0149506728,25.3341731752,247.8478159731,42.5156941898,416.1214187159,114.7127770846,120.2797496181,82.4624308153,194.1059720187,143.2267209964,166.2617499133
2016-01-01,127.0654853091,140.8919548166,25.1836044800,243.6524183326,41.9017921486,413.6258117882,110.9832027355,121.8787557362,83.3805177246,195.0461116152,145.7622391570,166.7073019070
2016-01-04,126.4973893216,141.8441974159,25.2494258115,247.0647756513,42.0860181633,405.9635416727,110.2817335923,120.7190898708,84.6728103585,190.2038910945,146.0116171942,163.8270118227
2016-01-05,126.6261255288,140.9299537995,24.9370965963,246.2404268073,41.3984006020,405.2927749957,107.8365679728,121.8937307765,85.5040373359,190.1813590658,149.3608061441,170.4380849828
2016-01-06,125.5059505413,141.4855870379,24.6330025716,245.8038926796,41.0303555112,411.7596957762,113.6320236481,121.7097095326,83.6660271242,192.1895553042,148.8898083947,172.9200701074
2016-01-07,125.1421287011,140.4428564409,24.8796472030,256.9338609015,41.0346844859,412.9057219606,109.8038383312,120.0937649429,85.2101160717,189.0933371637,146.1506413266,172.4259540710
2016-01-08,127.5355431011,139.3356994129,24.6062583585,257.6647307774,42.2999469326,415.1050304705,108.4616640775,118.7370699306,87.2821106968,186.9746616734,146.6578037503,164.4144657461
2016-01-11,130.4512719734,138.3342176666,24.6271647473,251.7611180755,41.8346111621,418.8799842574,110.1360444071,122.5195623390,87.5620629009,181.2107241126,145.6936518057,167.3413229052
2016-01-12,131.3925599956,136.7104492058,24.4071234110,256.1473610970,41.8294548424,419.2696380445,110.0673294458,121.5810447871,88.2217870313,182.1440494955,144.0569310004,161.1824403262
2016-01-13,134.7000911395,138.0583189196,24.6128513848,260.8601917489,41.7633716118,416.3984196514,109.2492256893,121.8471653431,87.9156933282,181.9203281406,140.9290058735,160.1108241365
2016-01-14,138.5801430295,139.0256146959,23.9411676355,254.2561256967,41.2740081660,414.2806238791,108.5316924610,120.0658611337,89.4113842175,182.8218416569,140.4028179998,165.6403948177
2016-01-15,141.3395957952,139.0313852326,23.6470896469,256.0736237952,40.5873587980,417.7089576758,105.4519840224,119.1201721931,91.3218943373,184.1235577159,138.0660265808,162.8709695186
2016-01-18,141.5222001211,136.7893237399,23.9345464365,263.3043792856,41.5705854767,417.1092459174,104.7892588147,120.9966596069,91.4254385988,185.6119452148,136.9862495244,167.3607617808
2016-01-19,142.2377659798,138.0136160785,23.8541742485,262.8845771699,41.4922563031,419.4583477756,106.0494236610,120.8114394732,91.6280809868,188.4340134868,137.4221980751,163.7490025457
2016-01-20,140.7363254504,139.8875245616,23.7048301461,251.4003628030,40.9852031201,429.4852371536,106.6889793242,121.3376701244,92.2261236778,191.9654565048,137.9597081946,162.4354560271
2016-01-21,140.7072387770,141.0191586084,23.6334508292,243.8282885692,42.0995331616,429.0086135143,106.0719611932,116.1923281984,90.6393011825,194.7444003871,134.0398564440,166.0075964686
2016-01-22,141.9200793924,139.6455651778,23.6498967513,249.9453552969,42.3510391622,411.2553545512,107.8454751109,114.1201656685,89.8391447035,194.7647977030,135.2103996888,168.9135434132
2016-01-25,142.6955103962,137.5368641555,23.9053445440,250.8969594725,41.6902252724,405.7443854911,106.1082418107,112.5342221245,90.2811003415,192.3309884733,136.7483457943,170.8340292270
2016-01-26,143.4403406607,138.7626117238,24.0741069174,258.7811750706,41.5354187676,408.9435217785,108.4118477380,112.4006121808,90.0732741410,191.1800362577,136.1942168466,174.8923233242
2016-01-27,143.9855002201,137.5108442128,23.9457846588,264.0500569640,41.7765418373,410.2791123407,109.8316492635,112.8936929682,88.8285754682,193.4141394369,134.1525225810,171.8567751984
2016-01-28,143.0261988244,139.3949984690,23.9448251338,265.4630866641,42.2171958422,402.1763851223,109.4796757704,112.7642425407,89.8549178805,195.9233452987,129.9201760999,170.9820013991
2016-01-29,141.9005896535,137.4944236100,23.8683687558,265.4822137573,41.9088386242,406.4756399399,109.8109761057,112.7257862924,90.5310023071,197.9050950215,128.7767390721,167.4163767539
2016-02-01,141.3587974374,134.4642929867,23.6099293839,259.1195972436,41.8845790422,414.6083687449,110.2893734211,113.8774183596,90.9494448847,197.1209964894,130.2009912531,169.5082805191
2016-02-02,143.4041930203,135.0753595935,24.0438969378,255.3258957693,41.4743321965,419.5832785168,107.8986025964,111.8101276475,90.9372090613,199.9623697318,133.3176043523,169.1520858925
2016-02-03,142.0895714889,134.9110075335,23.9836184890,253.0845283163,41.2106747254,421.0859250837,106.0355098658,112.8472628179,90.4650323102,196.1412541006,137.3833081766,171.5876167888
2016-02-04,141.6131745961,133.5039628221,24.1105524939,250.8126561778,41.5880735177,419.5986644921,105.3628336286,109.6046131301,90.5979448000,193.7160019240,134.9820615486,166.6404960491
2016-02-05,141.1410370151,134.6028405887,24.2615615639,245.8791201946,41.8338134819,418.2231394089,107.9791672287,107.9645487258,90.0001203932,193.5460030421,133.0879307669,165.3267832562
2016-02-08,137.3353048797,135.1733449388,24.5720383603,246.8968213537,42.1567406459,419.9305153075,106.9188958426,105.5117290110,89.1512796716,193.8272644366,130.2081975555,161.0013817445
2016-02-09,139.5323824857,134.1742349124,24.4188020798,241.5941380712,42.6348294231,429.1191586342,106.4839372580,106.9215189730,90.0266933726,188.9230806456,129.9298535668,165.7879950427
2016-02-10,137.2367552964,135.1998555807,24.1586036638,238.0416177910,42.4385739427,425.8236323551,107.1384207498,106.6202289377,88.7066217198,186.8391475096,127.8439888884,165.1019830030
2016-02-11,135.4502396621,138.0316286862,24.1958359431,235.2450130111,42.9925728561,425.9268023389,105.2345014715,105.3820172319,88.8668581309,189.0757795405,129.0992891955,167.1428310908
2016-02-12,132.9060178688,138.3961383738,24.3464451600,232.5559520512,42.2987797801,417.7595753079,105.3264691458,106.2402272774,88.0168713594,188.4821648322,129.1872825274,166.9546031778
2016-02-15,131.3320804430,137.6367789131,24.7058088797,233.2107020300,42.4917854155,432.6283499005,108.2235997164,106.5040480354,88.5439445356,187.5047471392,130.2139098069,172.9274201711
2016-02-16,133.7746094865,137.8238403755,24.7647339807,233.5247336673,41.3765761517,425.7710650830,106.3883631530,106.5246827676,86.8862790720,191.3121371540,126.5025939933,172.3752906484
2016-02-17,133.5371369237,139.1938477779,25.0494193047,222.1633278879,41.3356010980,419.5295918888,104.2669500617,106.7496648623,85.7154208613,190.1001219388,126.5449093119,171.5820518073
2016-02-18,132.8020622813,135.8201923052,25.1263108180,212.2167661674,42.0371260810,407.8789499542,105.1386260175,110.2282975352,85.7733166257,190.0501526683,128.8561585517,169.1730783890
2016-02-19,132.9612326353,132.9154111211,25.4400108470,212.3495850215,41.7229478198,406.4359415604,101.7101314860,113.2840919987,83.7766190594,189.7790011003,125.1057166560,172.5998393010
2016-02-22,129.9216744763,132.8196781773,25.3786499679,219.8219934098,42.5597061857,401.5662702624,101.2717155409,112.2194554676,84.0117234465,190.2903054868,127.0324705140,171.9351411700
2016-02-23,130.2592667053,130.6496146486,25.7650013254,216.0940087221,42.3193611220,414.5566969465,101.2348205269,110.2362032159,86.1260384061,190.3109628501,124.9788973936,179.5198321787
2016-02-24,128.9912197367,130.7246933466,25.8851949507,216.5860153893,42.4101864742,402.7560682371,101.3201435197,108.5677622090,84.6560350661,193.2019223082,124.0945561906,176.8853192834
2016-02-25,127.2985257408,133.2867525381,26.4056987048,219.1613015749,41.0807834185,414.3878487157,100.2954769353,108.2744284617,83.8658446469,195.7538486364,123.7283044469,173.5243537468
2016-02-26,126.3212834661,132.9851486385,26.4161297752,217.5449819179,40.6878536225,410.5954502167,98.3588236588,108.7610146217,83.4526368251,199.6840115836,122.1439127094,182.3523100389
2016-02-29,125.0903409145,130.5627355272,26.6122631067,216.6715131197,40.4588772204,417.6994597316,99.1725568073,108.6175953181,83.5939090937,200.7987381354,124.2571297507,188.3786962323
2016-03-01,125.6829680760,128.5197066570,26.8704777561,216.1849544592,41.5291165815,403.7074222435,100.6423633083,111.3296380731,83.8337942641,200.6158118000,121.4198945406,188.8029487460
2016-03-02,125.5534156196,130.1169680207,27.5921701837,218.9665049414,40.8335359137,396.0248537841,101.0829987759,109.0028759864,82.6660942764,200.4261440688,122.4917554987,188.2445868337
2016-03-03,123.5436389355,131.8562837988,27.8913445133,219.9622576165,40.9910657455,390.7823080536,101.1079853405,109.9464001718,84.9508800844,199.9136931441,122.2213665336,189.9229290610
2016-03-04,125.6730768296,134.9196601863,28.2677212608,223.8097800603,41.2651296673,397.9140879919,100.7511931944,108.9050792261,86.2094502943,202.6889625209,123.4954898580,187.0372573940
2016-03-07,127.0081703401,135.6864501800,27.7417058385,227.6574994783,40.8970990389,397.3773550346,99.5713836220,107.9592449501,84.8912731289,199.2781622591,122.1913713024,191.0984552351
2016-03-08,128.0341059341,132.8374759455,27.6912201166,227.2906435584,41.7705830792,398.8846604479,98.2371103008,106.5600592463,84.4209978372,197.3404702664,123.9353430709,198.0746897174
2016-03-09,128.0941758718,133.6706411295,27.8008648451,228.4889937682,41.3074916533,408.8404193123,99.5077234709,107.7310129166,85.0484777967,198.4943940985,124.4925007680,194.3255445556
2016-03-10,128.2076004927,133.1251924543,28.0495009169,234.7020072747,40.1616752253,395.8719631198,100.8292330555,109.2415915052,85.3694720597,199.6693792476,121.2888478920,196.7123983427
2016-03-11,127.1821954610,131.8320552387,28.1874320368,232.3424818948,39.9405139566,385.8599385790,100.4583664456,108.6528326750,85.4142599128,199.7887388723,121.7722490796,191.9670199454
2016-03-14,125.0859231176,134.8844476458,27.8431785515,238.7935251563,39.6958545800,383.1254055900,98.0384856779,106.9203084144,84.3914481112,204.4842374395,122.3471584664,192.7458790700
2016-03-15,126.0855849713,138.9958475062,27.9642715955,240.9869525295,39.1757912125,388.6502129658,97.5432565612,107.2719117737,83.9676260322,208.8092783045,120.0016452826,190.1572966680
2016-03-16,125.2766093974,138.0047017349,27.9531335950,242.8270688306,39.0057956531,389.0028841112,96.9277919833,106.4350640490,84.3246002850,206.8911395442,121.4303336574,192.0430380842
2016-03-17,124.1563248951,138.5779017207,27.9998346123,247.7787173742,38.8057036643,392.3244032522,94.3457352786,108.1438972969,85.0462474911,211.2667247930,121.2791409498,191.9283792659
2016-03-18,125.9290464401,135.7909863073,28.3271419255,250.3686193374,38.1479716171,388.8180907246,97.8462694302,108.5939547953,85.0451131842,209.6466799675,117.8090916586,189.4044333058
2016-03-21,123.2648039642,137.9971306264,28.8151690616,251.7952814148,39.1835527207,386.3461651748,98.8043656940,104.6369217318,85.1240088916,208.8612778991,115.0479917056,190.6179122532
2016-03-22,121.2585202306,139.2793533902,29.1532172753,248.4852503616,39.1143314357,388.5172732577,97.7234824287,102.6551955365,84.7528991006,209.5527237491,112.8601738870,192.2428472890
2016-03-23,120.6898352554,136.2958244064,28.5760111922,257.1113212259,39.4198458019,386.0311952763,96.8313350596,102.5407125181,85.2343167020,210.2524597591,110.7058452233,187.6106325000
2016-03-24,118.8246834870,135.2976366379,28.7814021435,265.6057668034,40.5450621429,380.3577244492,98.3142301411,104.4576513256,85.0356600879,206.2078393966,109.6696143286,190.4912147054
2016-03-25,118.0403942091,139.4606684088,28.8654708765,273.6431283597,40.7945557059,391.5553264435,98.7472792258,103.1771064468,84.7563760853,205.8100537895,108.8312977046,190.5363816529
2016-03-28,120.1418447151,138.7835448936,28.3516884234,279.9236718907,40.4512745722,390.7061667640,97.8054868812,101.2732926986,85.9444402225,204.9992980780,106.4517087218,189.7527623218
2016-03-29,119.7955325030,137.2822007768,27.8269487196,288.9478907045,39.8093432809,394.2277215987,99.1840001185,100.4131100444,88.7145440887,202.8246513880,106.3904382953,191.7352372260
2016-03-30,121.5518500518,139.4285955468,27.2164193094,287.4827986567,39.5472033553,390.2643510365,101.9214398216,100.9400118950,89.4870943095,200.8658282505,106.2152090011,197.9690640652
2016-03-31,120.0161112012,141.1958263812,26.5792181300,278.7237008471,39.3713092820,394.1131979247,102.2836799293,103.7365082011,89.3470781619,197.4395925492,105.3576404942,200.2579702283
2016-04-01,116.9897756215,143.2303643045,26.5531478603,279.7381217865,38.7213763475,400.6345278286,101.6679822342,100.6157138211,89.1160837457,196.3368310873,105.5096930399,200.8447399797
2016-04-04,118.0863732113,146.1130646493,26.3101883087,283.6193909811,38.7879128655,388.4314999418,102.1234073553,100.3285816054,87.9727684026,194.0754076243,106.5779180279,205.7935317058
2016-04-05,117.9859861396,145.8248585898,25.5963107992,286.7625221439,39.6620402415,388.6208913904,99.2073631973,101.4606629297,89.7828189799,193.7752327221,105.0294754141,204.6433544874
2016-04-06,119.8349569813,147.9640275217,25.8201822981,286.5547762067,39.9029068615,392.8913239172,96.1065005019,103.0958042187,88.7659952889,191.7668075647,106.5178959329,200.9514986320
2016-04-07,118.0459400964,144.6356546287,26.4142433157,281.3211407415,39.6577990178,414.0610460746,99.0494035968,103.4298571978,91.6081384908,192.8054232266,104.8277326080,192.6611124638
2016-04-08,118.5476190905,145.9645914362,27.1073096398,276.2761376065,39.8105645061,420.0020746319,99.8195914283,104.2329867430,90.0705721997,191.9030542707,103.1480099678,197.3747245097
2016-04-11,119.2455374728,145.3366609859,27.5012686688,271.2400468596,39.8913458815,420.0423711276,101.6190046312,102.5037482172,91.1530490031,192.7436461205,105.1036985580,203.0381331963
2016-04-12,118.7407535634,147.1829001106,27.5344358424,273.1328549108,39.7094695378,427.3564155009,98.6197195062,102.0341095437,94.5485111571,196.7417101337,105.4586917760,196.9837779490
2016-04-13,116.2745788494,148.9205868646,27.9932134202,277.5783611602,40.3154240586,443.8094629191,95.7715543445,100.0577911203,94.6754506491,195.7107194421,105.6124259429,197.3402925239
2016-04-14,114.3883007310,147.1923567667,27.9148452464,282.6387627626,41.2794514198,439.4768262818,94.7563716934,99.4840175407,94.9179095693,194.8869171578,107.6481705479,190.2265933898
2016-04-15,115.0455933591,147.5242367025,28.0710032879,278.1526495775,40.1807926685,436.5812605755,94.1292501415,96.9851232387,95.4968315612,193.6773222255,107.9735439079,190.3842814690
2016-04-18,115.7599123365,145.3795936419,28.1217730043,281.5809649350,41.8366396109,437.2482761584,94.9576559104,98.8475018670,96.5213021794,197.1874071262,107.2081953347,184.6821929615
2016-04-19,115.6506777259,142.0113425989,28.6470271737,281.5322082865,41.8452051166,451.0479334703,92.1469885819,99.7845768643,97.3247942351,198.1651516419,108.2366208959,179.7431679631
2016-04-20,116.9753279592,142.4805380097,28.3250979232,282.1436231815,41.2123189300,448.8538038734,91.5732450314,99.7740406736,95.3610781612,196.1402808513,110.1354498960,176.3210164957
2016-04-21,119.3099571289,142.4848281411,28.0867964232,273.6247329915,42.5495445524,443.2763684074,90.2539908340,100.3450285607,94.6457911029,196.7360692041,110.2444921814,178.8514252937
2016-04-22,120.0252488940,143.2096373455,27.4900856476,276.5914063632,42.7827282138,446.2645216251,88.0589461453,100.6411601840,93.2967037007,194.2240107009,111.5592508208,181.7655800823
2016-04-25,118.7196684049,142.2875914242,27.9061617770,269.2188679493,43.6434027613,460.8727617795,87.5449960147,98.7241739225,93.6463867043,196.3536181307,113.0373900441,177.4292332477
2016-04-26,117.4114313484,146.4544816304,28.2852439113,282.9804495759,43.9991379270,455.1986719070,86.6368347380,97.8051507500,93.1205820729,195.4559759861,114.4170224869,173.7968666208
2016-04-27,118.2141074905,146.6212558851,27.7964261803,291.8938717802,42.4220600927,447.7588588946,83.6571117201,96.8685702329,92.0515068645,195.0021087456,112.3978770091,179.1533134314
2016-04-28,120.2973431251,148.7235109041,27.3561562748,292.5858656909,42.3137502990,440.0136677847,82.2910560705,100.4124079933,92.5545393076,194.9830535576,110.8062606707,176.8870132507
2016-04-29,117.8403868175,147.4698433616,26.9353917252,288.5781656793,41.2828906100,443.1803942348,80.6860181182,99.6572748302,91.5003535814,193.1885487244,112.3425217180,177.1810530173
2016-05-02,117.9559435293,147.4091631025,27.0277872762,287.2972875395,40.4973617857,436.5673243245,83.1975849437,100.2035618047,91.3498585336,190.2158528470,114.5883566139,179.0803230327
2016-05-03,119.2160910267,147.6929589700,27.0188543746,292.3915524458,40.1698647296,428.5446458475,84.2949405541,98.5438905287,90.8958439537,190.4519439136,117.1149863462,179.5705610852
2016-05-04,120.3648398996,144.3251539693,27.2898536494,289.5715772600,41.5590222034,415.2327906650,85.7228628649,97.2745234689,92.2509749506,188.7667010502,115.0790376439,177.2755449004
2016-05-05,120.4211881561,141.6353008976,27.2418761532,290.8421712383,43.6428602722,416.3940261403,88.5383475782,99.1890091771,93.2626411547,185.9336594379,113.1396897354,176.0437355285
2016-05-06,117.9851832549,139.8882654984,27.4004263780,292.7511686865,43.0225281316,417.2342515272,89.0218553369,101.4510071218,96.3019371221,185.7474202177,111.1689432524,174.4808887054
2016-05-09,118.5566371375,140.2120276699,27.1590391088,282.7505458976,42.8700268000,418.7231439444,87.7713368090,99.8810205081,95.2352562375,185.8447005785,110.2990384926,174.7569267187
2016-05-10,118.8050284460,138.1944374348,27.3765788808,286.8266538212,42.0284835680,414.9527816056,88.2477417944,100.6179363887,91.9399564625,186.1972273190,108.5608534225,172.3359665207
2016-05-11,121.2843516680,138.6303456136,27.5179373337,282.4054545396,41.5510384427,414.6994047981,86.6769249853,98.6249291676,91.8754990419,187.1262838138,108.6474836255,173.5360575280
2016-05-12,122.7852849202,137.8466945211,27.3930193995,284.5032395257,39.7302036718,420.5984668045,88.2711778309,98.6736339864,91.3585081384,188.7368530673,109.9894736616,167.8765344357
2016-05-13,121.1152188053,138.7680033781,26.9401021514,293.4466582302,41.0125062881,429.1759285531,86.5062147068,97.6620854037,90.5982255064,189.2301911830,107.1057643007,170.2920790787
2016-05-16,120.6193209640,140.4346060054,26.5750284424,287.4125452608,40.5909938300,426.6517585844,87.4239492039,96.1359897780,89.4150896030,189.4113257706,107.5910997965,177.9934910081
2016-05-17,118.3891807511,141.2068547117,26.7451979746,292.4507164351,40.8918247161,418.8453663188,90.1711077533,99.7265793754,91.1303715122,187.3143311114,109.6706654397,174.4695068486
2016-05-18,115.9532127946,138.0840090371,26.8617294171,292.0873563144,40.7282689463,430.1112076269,91.7087132911,100.1848980401,92.4980274197,184.6065527920,109.0310368536,172.3419346726
2016-05-19,117.1286775334,139.9901618363,26.6689482283,281.6632635824,41.3780925270,431.2980739720,93.3208583297,102.9517124014,93.4682229692,185.6639686240,107.0929048477,172.5820715501
2016-05-20,113.8032316326,140.3655718896,26.9722436833,281.2791913377,41.9448856177,430.3106775115,98.0158118782,101.3377372412,93.2407283173,184.0337540932,110.4793076499,176.7888943364
2016-05-23,114.8648650111,138.7929028760,26.5232988508,289.4436405896,41.3018139373,432.4204141215,97.5197086968,102.0995321962,93.1679367047,186.7490131425,110.6038764011,175.2825308456
2016-05-24,116.8883030113,137.6269579105,26.8544200014,278.6943166896,41.6384218453,429.9554160043,97.1551990434,101.3904841814,94.7395853089,185.3753379422,113.6224244938,182.6378785975
2016-05-25,117.6421526390,140.3232597750,27.3471228918,272.5750502474,41.6456929462,424.2637835082,97.2299267145,101.8437674654,92.8208343068,186.2054627490,113.4710939210,184.3851688420
2016-05-26,117.5186559890,135.0615809942,27.7667892827,276.1446009210,41.5685801167,430.9130335581,97.0759560153,103.0419225050,91.0081451609,184.2356059766,115.1003346341,183.9020623733
2016-05-27,116.2390200851,133.8505947388,27.9921872201,280.5371254300,41.8258483190,445.5783149427,97.7586842508,106.4213056555,89.3150125714,184.4400977583,116.8821897769,186.2579058291
2016-05-30,116.1357623918,133.4035994719,27.8871477291,275.6943647954,42.0966624215,446.4324013592,97.0361224428,107.9852748787,87.6708259995,183.5745177292,118.5945532018,180.1371327430
2016-05-31,117.5445915456,136.9199049282,28.2912583428,281.9848929244,41.4167722852,447.5298552823,98.7331325548,107.6142246209,86.4541832559,182.8503812737,117.5527371840,176.8385618838
2016-06-01,117.6170650530,136.0920294081,27.6522424626,286.2362662598,41.2795724350,445.9616900469,99.3874067375,108.6703735176,87.2751653062,186.3620522491,115.4094968452,174.1629657674
2016-06-02,117.0876156183,137.1762877452,27.7871375915,286.6087304481,40.1236225382,442.6289534545,98.9384000178,109.0513238066,89.0979484279,186.6549296899,114.9527350164,177.7996486797
2016-06-03,117.4309658016,139.7116079223,27.9742652410,297.9291178481,40.8251078615,437.2813740899,98.3640997873,109.1635975238,89.3591899853,189.9835211961,118.1743672349,176.1587922118
2016-06-06,117.3503529491,137.0029775757,28.2613514516,301.7149700792,41.8165817597,434.5040601780,97.4721281149,108.5270085847,89.7152317803,190.6191424178,117.3091339421,174.5440397009
2016-06-07,119.6012933847,137.5058829354,28.7751931004,299.9662666133,41.7884834411,437.2035231999,96.0333867643,107.3180483367,91.5989615997,186.9302086314,118.5488428658,176.5496146503
2016-06-08,120.5266409975,138.5504993011,29.4260499290,304.5328398003,41.6315813794,440.3520205485,94.0792777047,106.4715027630,92.6794221846,184.4555867682,119.1075853701,175.4498715275
2016-06-09,122.6393520626,139.9831697349,29.8799157891,313.7685129063,40.6276054530,439.1799102981,94.6365550133,107.0462045113,92.8182574747,184.3378829803,115.6004326045,175.6952038033
2016-06-10,123.3021303485,137.6175833231,29.9583124490,313.6206637957,40.5908257540,432.4468527721,93.6914802098,107.6531209917,94.4869484375,183.1221092123,116.9755366067,172.9602994055
2016-06-13,121.3874282952,139.3724157261,30.4641222875,318.3303216728,40.6254441668,436.7308596913,94.3991977008,106.8576005077,94.7908738532,183.4516398145,116.6257487304,168.9451322745
2016-06-14,120.5868890460,142.3774552988,30.3103831442,315.9500395225,39.9660635854,440.8828770249,92.4442273540,109.5142116536,95.4391567190,181.2537442341,115.9017510206,167.1609941456
2016-06-15,123.0803698510,145.7772706286,31.1517003161,308.9454763979,40.0972310273,443.4995232164,94.3491815552,107.8633071059,95.0365908961,184.1589040744,119.3668101014,171.4276606496
2016-06-16,122.8494118970,143.1899454037,31.5415504687,310.8554270202,40.2904352944,442.4573401296,92.6675342104,108.6724330117,94.0819274237,184.1091234731,123.6354268410,170.4547532172
2016-06-17,122.0418997231,148.0130408845,31.6274346862,300.7871142188,39.2456602430,439.6655410627,93.5720072082,107.7608551899,92.6094942791,181.2627851838,120.7390419611,172.0746913612
2016-06-20,122.9743792508,149.1967962403,31.9099697735,305.3699516028,38.5199403308,428.5690987109,92.4436125910,108.6149955546,91.9206277549,182.8732303405,119.6768858452,170.0735301918
2016-06-21,123.6896753837,147.4964226203,32.4067904612,320.6654340197,38.7357270982,439.6220313139,89.2127915800,109.2075419010,90.4937842669,182.6337859041,122.0084673991,163.4742317918
2016-06-22,123.3187069794,147.0664454576,32.9650437584,324.3717048226,39.3080825645,439.5903216518,90.8631602314,106.6458833002,92.0373643086,178.1224263198,121.6340288944,159.9469255096
2016-06-23,123.4903750854,150.0883588859,32.7919063554,328.5150305726,41.0248927015,429.1258678472,88.1036725065,104.3199862641,90.6914343297,174.4546541022,124.1065189224,154.5962823388
2016-06-24,122.6653837450,150.5995567447,32.2063038508,325.5253044754,41.3275255319,421.5684589492,88.8442996396,103.5986005980,89.3532107471,174.7525784501,122.8724903874,156.3972097978
2016-06-27,120.5302739987,153.7616994941,32.6527806170,327.9102912959,41.4783795154,422.2197690435,87.8826129103,104.7414680486,90.3134906129,175.8746393309,119.7633253176,156.6580307837
2016-06-28,122.0794719304,152.1363018134,32.6532133970,336.0440036641,41.4658745947,421.7453321946,87.8109236179,104.5230175352,90.6088604720,176.4680347472,120.2651295306,155.3216770892
2016-06-29,120.0592920611,154.2571783725,32.5483743955,326.2720119621,41.9330462215,419.1637563296,88.3832543208,108.2304904684,90.2690947076,175.6213566292,116.8173024519,158.5665092791
2016-06-30,118.7143044129,154.2608940151,31.6133201734,320.9709628684,41.9181817429,427.4612850284,85.4772204495,110.0582009593,89.7230533648,176.9426591667,114.2731668385,158.8070865060
2016-07-01,116.3858380954,153.0365933110,31.8725498172,314.0198633359,42.4255857044,422.5012382497,86.0353613042,113.0532803327,90.8211278134,180.7475837270,113.0468681953,156.0291917791
2016-07-04,115.2270692449,152.6625623395,31.9556572529,319.6075994046,43.6076112681,429.2152818672,84.1790986030,113.4169500514,90.4101227243,178.8600508781,113.4650780006,157.5237331569
2016-07-05,116.1378602167,153.4591980456,31.9708532933,319.9783140762,43.7345055468,431.2151508968,83.4435786288,113.5984351061,90.5599727307,177.6017179362,113.0733068134,163.7126881341
2016-07-06,115.5253536565,154.6349879765,32.3685814577,310.9734914389,44.8639882190,426.6778336956,84.3832626269,118.7003157984,89.5452682143,177.6315258038,114.6644454945,162.1438429801
2016-07-07,114.8174539718,154.6410594912,32.3264704248,316.9597206298,44.2611665684,431.7892347673,83.2887601839,119.2219876886,90.1301981450,176.0480430854,115.8458335192,158.5401409651
2016-07-08,115.7697120289,157.8653439705,32.1654541594,319.8469503281,44.5754057125,436.9682028741,81.8452375688,120.7335586244,88.9891476903,176.6085841699,119.7396648785,152.2669966272
2016-07-11,112.4377107215,161.1327991488,31.5969392050,311.1205654320,44.2675570350,432.6352017475,80.3331061174,123.5748553659,89.8917435861,175.1571151967,119.8800110420,155.1673035988
2016-07-12,111.5236827402,164.9482568005,31.7342303353,310.1946853970,44.6430544290,431.0075773435,81.1284238712,124.5024328514,91.7980926402,173.8897246472,120.6566529532,156.8410946858
2016-07-13,111.6594544607,166.8146534332,32.1659493153,306.7286844930,44.6078277452,445.4697113384,81.9678097463,123.6722004309,91.8540833323,173.3231885105,122.5373285221,157.0372136250
2016-07-14,111.2175854772,171.4108613491,32.1688543194,309.2084216075,44.6255503665,449.2136102882,82.4637320108,123.7630264975,94.9285000126,173.5816246062,123.3906040460,157.7442829207
2016-07-15,108.3418957675,169.8033637636,32.1887373823,300.7245088238,44.6776077328,440.9878919665,82.9666658465,125.7068421331,93.0228555480,172.2989984502,122.2217925025,158.5819215216
2016-07-18,111.5874976167,168.3059256472,32.1563490981,295.9859684990,45.2404963313,451.2975862402,84.3300709289,126.1968177879,92.4046125793,173.2276964084,122.8148899129,158.8237397666
2016-07-19,110.6017446723,168.9949005147,32.1799888094,298.0243508136,44.9890121482,445.1525860682,86.2946302236,128.1836249393,90.1802815746,171.2467643426,124.2584726438,159.3240129064
2016-07-20,107.7717727567,166.8098318576,31.8283047320,295.2169479751,45.2021986922,447.7971988136,85.5409524019,129.0492641558,92.0163319191,171.3267277793,124.9307153984,160.7821297759
2016-07-21,108.1378122375,164.9894855744,32.3297204806,299.9342249475,45.0325283625,441.8087978972,86.1296204152,128.5666774899,91.0298265628,170.2095083962,127.1192907141,157.6732362138
2016-07-22,106.3947794130,163.9024971769,32.4011788810,290.8052209558,45.5984534590,446.9691568653,84.6484316826,128.9089656029,90.4381262328,167.6146173514,124.3415313751,156.8205985989
2016-07-25,105.5000917496,165.3923892714,32.0930194714,294.3146026667,45.1052118148,446.7601178651,84.4073815181,128.1507014884,90.1260319576,169.1539760572,122.8437117126,159.4320369071
2016-07-26,104.4979483860,167.8645149679,32.1740999726,288.8812888953,44.6580280146,449.2494815059,87.6784535105,130.3267889762,90.3894829823,168.4637019028,122.7638327424,162.6102790013
2016-07-27,105.0753756448,165.3300742153,33.1989440455,286.6092375759,44.8543585748,433.2676523937,87.7782506945,128.8994578399,89.4068863941,170.1107778778,121.2387700837,167.4747729438
2016-07-28,105.3903613562,166.7083635427,32.6653625564,287.4457753543,44.7909161279,438.6545605333,84.8220777328,127.4288749011,91.3903814822,172.3940494652,124.9031307231,167.6132770221
2016-07-29,105.5606994259,170.5767296839,33.1717869107,291.2541095448,44.5713660947,427.4738283923,85.7177935757,125.0886518104,93.8807970911,172.3518282094,120.5495538316,169.6786710419
2016-08-01,104.4350677589,168.0255512607,32.5621940037,295.5256952049,44.3021329151,418.5440432411,85.7854128305,122.0092357114,94.2500234145,175.4669621065,118.8404326524,163.3019702188
2016-08-02,105.4805331264,169.5070599836,32.7776217607,294.5730551892,45.7011567572,416.8908667713,83.8735242415,123.6387174011,95.9052988420,173.7809006474,120.4191836128,156.4700781745
2016-08-03,104.8232984388,169.7340148669,33.0529585493,287.8937028648,46.4452256335,411.0852443597,82.0197094475,121.5800764978,97.6486377579,172.2488069510,118.6837823135,157.5356451743
2016-08-04,103.8754758142,166.3352088545,33.2321918770,288.5933935007,45.9789058109,413.3130141508,81.9573132135,122.8489485775,97.7502531018,173.5137188459,117.8262308148,162.9304215987
2016-08-05,106.2468796922,166.3322054190,33.2371957144,282.6046613870,45.7669750829,403.6317358371,84.5032810353,128.6630301395,97.9512455686,172.4526167070,119.4622653416,163.3724985949
2016-08-08,107.0772519598,168.8885943967,33.5528094256,291.3403100660,44.7915541336,400.3205197806,83.5133934281,129.2832651154,99.4620648390,168.2054694253,119.0999062536,159.8909269686
2016-08-09,106.2649758384,166.7324431441,33.7301897747,304.1052870617,43.9178034032,396.6508438905,81.1614598719,127.1614243933,96.6854671094,168.1130972685,117.9609558440,164.3007477547
2016-08-10,106.5266584443,164.6346065588,33.9448606005,302.0291955364,43.9717784829,396.0368466387,80.2433375084,127.0406591417,97.5189516668,167.3206760349,120.1049809308,166.5535563200
2016-08-11,108.1849819011,163.2086623246,33.7794735972,301.2965694773,43.3200893755,399.1242200278,79.5053154161,130.9718930320,99.4875083405,166.4188553841,120.7938439436,167.5491217455
2016-08-12,105.5549497617,162.6628039702,33.0744943565,297.1431692735,42.3757924694,396.0258235415,77.8561748158,126.7762512846,97.0546043248,168.4328157366,123.7087858907,164.5570345052
2016-08-15,106.4338082634,163.2357268923,32.8760346207,291.5349317817,43.0626122342,401.2104900552,77.4224469217,127.0065995230,97.0014608653,171.9056912830,123.0677037572,165.4022480359
2016-08-16,107.7923082800,165.4849638377,32.8210133404,291.1560704597,41.9219370052,401.6263758247,78.7213199690,126.9659618409,95.6298950030,171.0542516441,123.2156993952,166.6174649779
2016-08-17,108.1882383571,164.0052142335,32.9626569114,290.1658751832,41.8272494763,404.9658370813,79.0471064178,129.3944978262,95.7993124128,168.8519175702,121.9476512073,172.2087811793
2016-08-18,106.6383742276,163.0092508194,33.1281721648,292.6576794296,42.2914187655,395.3636598725,78.2622217291,129.3999977378,97.4720631032,166.2578900603,122.5250164344,170.8084300000
2016-08-19,106.5220622269,163.2268520355,32.7041057912,285.7424437942,42.6496045072,393.3462028341,78.9617765528,130.1839696040,97.3539345467,165.9545381417,121.3774137054,170.9069150430
2016-08-22,106.5979061736,162.4055393859,32.0611598705,293.4007408404,41.9698892937,400.3845617978,80.5270548312,131.6336612446,97.9441310823,165.0062501489,119.7072777545,174.6958477718
2016-08-23,106.4972046748,162.4523228802,32.4388414202,292.3573924349,41.3437881037,397.1273586281,77.7131404882,133.1028231675,99.3266853745,167.3836024259,118.8172398306,174.9941320274
2016-08-24,108.9438829270,165.7671219969,32.8676016973,288.5511136336,42.3137802191,391.7353070695,77.8679752037,134.1859566921,99.6492387595,168.9679306071,117.3369174765,169.7364063224
2016-08-25,108.5276620470,163.9703461142,33.4113959000,299.0683488749,42.5493125036,392.2409741697,79.4855686174,133.5889041671,97.2226734422,167.7217218508,116.8353575285,173.6853070838
2016-08-26,105.9284369977,162.7711099198,33.5923788978,304.7682051310,43.5439379776,387.8445422210,78.7874971572,137.5818138836,97.7736225273,166.4284035300,117.4677269883,173.4548624473
2016-08-29,108.2394366937,162.3107230790,33.3066002784,302.0422789274,43.7008317982,389.3376634961,79.9289265774,138.2933992145,100.1704298280,167.7415057052,119.3912621147,173.7187294809
2016-08-30,109.9507777025,167.1949431161,32.7515779067,304.4038216302,42.9245850613,388.6693318318,78.8330225088,137.8420208097,101.5835036506,167.5482057827,118.6100720885,171.5405248662
2016-08-31,110.4018146905,168.5671939502,32.4870573653,307.3145915311,41.9183670165,385.3176949387,79.8260770530,135.6213662043,104.2999336403,165.1777341213,115.5328329313,169.3240583386
2016-09-01,111.6661457301,170.6358392245,33.0179165187,309.6835308535,42.8343743883,390.9932384876,81.2433872530,130.0990399785,104.8049234558,167.0624332972,114.6735157167,175.2965929888
2016-09-02,114.1831223874,170.5111174528,33.0165599254,316.0035460036,42.6620009755,394.6694694590,81.6525019764,129.4041522815,106.0299449854,171.5830139545,114.4396966369,180.0345673486
2016-09-05,115.7848474932,170.0764105714,33.7006005510,311.8094321875,42.4149071759,381.5156924347,79.9471411941,129.4786648058,103.5182764553,171.0139776863,114.8682396780,181.8350434738
2016-09-06,115.7005937787,171.4858840685,33.4536124435,313.5181485701,40.9075459314,383.7722591714,81.8606632439,133.4192843923,102.3620484802,171.5775483267,114.9550651342,179.1659895574
2016-09-07,114.6743569774,171.3221567119,33.8477542868,320.0684224941,41.4403861010,371.3886521028,81.9264971126,128.6287744278,102.4256743203,171.1618820615,114.5658810959,173.4067569952
2016-09-08,115.8240938786,174.4451638942,33.5264405235,316.2530594113,42.1131366629,375.2121917478,82.5681188730,128.3920139356,103.1807594117,170.1435003010,113.5572774024,173.1947129222
2016-09-09,116.4224344345,175.1727200878,33.9547446943,313.4658246236,41.6842019839,365.5592698381,82.0229362609,126.6588090764,104.2416337186,168.4846347797,111.1957089464,176.6468334354
2016-09-12,118.6066479811,179.4270475653,33.4702083833,312.7619836887,41.7836536588,365.1020281515,82.3777805113,123.1646341300,104.5530004763,168.4826469415,112.7500963203,169.0260777140
2016-09-13,121.6666770874,178.4806289446,33.4814686579,294.5582498591,41.1658687845,364.9492649832,82.1089655057,122.1074844335,104.9852942575,167.2707726741,113.4072751063,168.2216881200
2016-09-14,121.7821811079,180.9788093275,33.3016254527,294.3687753420,41.7275466427,369.9431015141,83.9887403464,125.3648472273,105.1972511619,170.7155391131,112.8419509271,164.6854509124
2016-09-15,120.8647348203,178.8223660891,33.0205828156,283.1256717540,41.1187668148,373.4399789808,82.9391809679,125.5645130259,105.1259154418,165.8500740608,113.2308233407,163.7176906184
2016-09-16,119.5251419363,179.0771683971,32.5231813407,283.0775941720,41.3217692148,378.0490192908,83.9317444827,123.0098737544,107.5737558794,164.3305391642,110.8607403745,160.9280850091
2016-09-19,118.2614840175,177.4406090856,32.0211683781,288.5194965097,40.9340643263,384.6242167494,81.7102560364,120.7585770223,106.9348438652,164.0392877621,109.8180967729,160.9591682911
2016-09-20,117.7954050902,176.5088684282,32.1383159682,292.2174945964,40.9976723222,391.4596211134,84.1643280394,119.3042541793,108.2806866692,161.0004492773,107.9992691529,160.9069975454
2016-09-21,117.7836463059,178.3038580440,31.8419123946,288.0219241573,41.1716176167,399.2868112588,85.2080763447,118.5559135385,110.7551077751,161.7259553054,106.2781413383,157.9963996866
2016-09-22,119.3352066794,177.3869394195,32.3012009248,284.8939804648,41.9929891812,393.7466947366,85.3234286862,113.4611253392,112.3061757992,161.4541478172,106.4452729013,158.7717526369
2016-09-23,117.2195899811,176.9849073115,32.5025193858,280.2695458499,41.8906339923,388.8272407846,82.1923925081,113.9596332780,110.7095762825,158.8405729301,103.8905692979,162.2682358962
2016-09-26,118.3195628677,177.5321435629,32.3038399940,281.0518808642,41.3525735205,389.4393764413,82.8685906793,112.8377599811,109.1388643295,157.9676380655,103.0989834767,164.7493740761
2016-09-27,118.0879303560,183.3398252451,31.8533240964,285.9514997897,41.8861003697,396.0462388774,82.1917234436,114.9879678243,109.4478690150,158.4645229838,102.0495902456,168.6625406565
2016-09-28,117.3697953097,182.1889249320,31.9347227496,288.0981693852,40.2536285043,382.6552254427,82.4189069123,116.6367898898,108.5912431516,157.1380954607,106.0706520853,164.1650762104
2016-09-29,117.1416742614,182.7643932733,31.9596979912,285.7147302946,40.0546984843,378.0357531239,81.9254435204,116.3755742953,110.3610157423,158.3708992334,106.4174478482,160.2138067584
2016-09-30,117.2348343566,182.9171987320,32.4757025629,280.9867638336,39.5857878024,384.1571841646,83.0530606436,118.3077277924,108.9909921544,158.9820175339,105.9364817837,165.8467025864
2016-10-03,117.5892277823,179.6763825498,32.4095841551,276.2856205313,39.9445468092,384.6029252816,85.8381277853,119.5886828017,108.0697790268,159.4957199781,108.9741371469,168.6055085860
2016-10-04,117.3316521894,176.7524918282,32.1372146152,271.0464971129,39.5607074277,385.6575583711,86.8712440468,121.0685947907,108.6249329591,159.6129267492,108.5246680656,168.9137183953
2016-10-05,119.6584457365,175.4087319505,31.9472570972,273.0615666985,40.1147586425,393.7178066188,88.5434195555,120.8341754761,109.4017948302,161.9930276348,112.0131079393,163.9230957300
2016-10-06,120.5283766217,171.8672973738,32.0066197951,274.4684101881,40.7050979626,398.0707791013,90.0545773349,121.0790655948,109.5964943032,160.8766082356,113.8100192635,163.7365564505
2016-10-07,120.8603947949,173.2493255916,31.4773388084,281.9412989447,40.5643092616,414.9869417129,89.7040025917,120.0065227668,109.0575127337,160.7691925627,115.2828012489,159.5039500623
2016-10-10,119.4319458730,175.1775494553,30.4805146110,279.0124488241,40.6513307235,409.3397553811,90.7551134812,119.7396037961,109.8694273058,164.0868205138,116.1588142906,160.3123596680
2016-10-11,119.5008599752,177.5348397562,30.2399250548,280.9914793153,42.2036724713,407.4801443492,91.0711368669,120.1183923894,110.2383416801,164.6326336282,115.7543983096,158.7732161289
2016-10-12,122.5631186443,177.3283331413,29.8113278882,279.8295002211,42.2244951605,417.9001083473,91.6295839674,117.8739016309,112.7115955487,166.3882891817,115.6042927989,153.9699171888
2016-10-13,122.9094448284,175.6353285893,29.7509407382,280.9113537130,42.5685321807,432.6070703925,92.7682001118,119.0101103518,113.4442974267,167.9809409969,116.9325217848,154.7997290748
2016-10-14,120.9668410169,174.3741780193,29.6224366046,288.6382678315,41.8237049784,429.9742894914,92.3233362603,120.2920404676,112.3449233307,167.9763493068,120.0630297840,151.0621552360
2016-10-17,120.7983854765,173.5052523283,29.4459957032,286.8127102443,41.4686865668,424.4531055766,93.5693216638,115.5563996172,110.8156328070,165.5305976286,121.6833256782,151.0677706758
2016-10-18,117.7564006360,169.4588542918,29.7278220415,287.4701635390,42.0916405874,434.2034379069,91.7673504425,112.7118723522,112.6890272560,163.8946188913,122.7234524454,146.7048202550
2016-10-19,117.5635496334,166.9246093964,29.8916028351,295.9956548041,40.8858909244,429.1109837722,91.1821447471,111.3338282239,113.7840355892,163.4762472635,119.6153318521,143.8582652744
2016-10-20,115.3919809087,166.1889125547,29.8961937978,295.4617751179,41.5792252552,426.6869635384,90.2902716078,111.7169507002,112.2045531900,163.0911218011,117.4202016205,144.2254590298
2016-10-21,115.0053093796,167.7654404880,30.0081146596,296.3595412236,42.5708477473,408.0463980615,90.5734722200,112.5194718502,112.8496732881,161.0064471146,117.8486089074,138.6492988383
2016-10-24,113.9022620905,163.6966895933,30.1879093069,300.8308506662,42.1889529516,414.9264319970,92.8609961883,110.4204583667,111.4526520427,164.5187371868,120.8111980591,139.4676797605
2016-10-25,115.0409995695,160.2933133403,30.0740275693,298.8593039873,40.9913879847,410.9747329281,93.0724411323,106.5738354163,112.0624839723,163.0713252994,120.8015356906,144.1970401981
2016-10-26,114.9297476801,159.6728118461,30.2743579339,288.5367834138,41.1838254684,406.1332177164,90.9605802191,107.8568920705,110.5457485205,162.3709152634,121.1672957134,145.2555370913
2016-10-27,114.5781679322,159.6148558714,30.2403243734,281.7278567566,40.6154816814,414.5796661528,90.4649697724,107.5630468434,111.8888415050,161.5204474029,121.2455659395,145.6739437374
2016-10-28,114.8130910494,160.6892468394,30.5031611513,275.9090983365,40.8209303996,422.6156749458,91.0454777030,107.6139955866,111.0039834767,165.1193025699,120.8971813767,148.5056828283
2016-10-31,114.1781605786,160.8597347654,30.2338665821,273.4649967975,40.4681773330,425.3434656545,88.9267938359,107.8568018648,111.8729701108,164.3621468158,121.0441759207,146.2702926745
2016-11-01,114.0885481763,162.5059741078,30.5494845031,264.9715651833,40.2539167699,414.9312734892,87.2620275323,112.0015384490,111.8803576225,166.3201920212,120.7138516153,149.1581444218
2016-11-02,114.5897431263,158.9873726073,30.3576885608,268.8505425322,41.4203965196,415.4950765727,86.8060532067,111.1783994788,113.0399878853,165.5617099679,121.7390475630,152.2567240173
2016-11-03,112.1677658360,159.8015367824,30.0173511451,266.3490096002,42.0682678839,408.1869163296,87.0483901978,110.4693795681,112.8217216083,166.1696608704,120.7649808612,152.3697297186
2016-11-04,112.9641725989,161.1404330800,29.3722452810,271.9476875459,40.9764954021,408.0240770778,84.9887803442,111.0446319610,114.8100208055,168.3330867224,124.4073550518,156.9886516557
2016-11-07,111.8982465238,159.3730378055,29.1391347833,279.7662159495,41.5493674893,405.7835234566,84.5934883590,114.3781194633,115.0686307390,166.5826291071,125.9953898648,157.9335774562
2016-11-08,116.4255281977,162.7185943683,29.0128259189,272.4855646101,42.6211209158,399.2129930386,83.1313198228,113.1731665816,117.1442254018,165.7122713368,123.5611696879,155.8822107945
2016-11-09,118.0656783083,162.3145181182,29.4303733323,267.9557473507,42.5945442561,397.9547295002,81.6615015180,115.0626759349,118.5727588080,167.3977528449,124.2383194149,158.0924595193
2016-11-10,118.0486276359,159.1161329100,29.2009136667,258.1226579153,44.1383631464,397.3815427363,81.3127661094,115.0482217548,117.5405307850,166.9671550833,124.1324889063,152.9660640194
2016-11-11,118.5708779403,161.6161318078,28.8296705655,259.5291803961,44.4677350299,393.5621716317,82.2167115668,114.1708965271,116.5427982544,166.8703503157,125.3228884084,157.3829203140
2016-11-14,117.8783271866,160.1478700847,28.9394400129,260.2368080800,43.4494266160,381.5125195461,83.0606459533,114.8643156187,117.5567561255,166.3861532232,118.3147806471,158.9225023507
2016-11-15,119.7475416404,160.8047907195,28.9953000804,261.8744413884,42.6192764875,378.7552856300,82.7265999298,112.6023044308,119.0453975295,165.4117986785,119.0127599691,154.3539813593
2016-11-16,121.4570912851,162.0872926012,28.6475403705,254.5899838316,42.0221761299,373.9555353845,79.8727303611,109.1272998691,119.8151485020,163.7123665964,123.0594601511,154.4492380659
2016-11-17,122.3457829898,162.8139844871,28.4029608394,248.1634293604,42.2765974459,370.3218568505,80.6608724743,109.4853227830,117.6027128739,166.6452828269,124.8410118931,149.1842546845
2016-11-18,120.9945471427,161.5928161811,29.0539556142,256.2132577304,42.1912633159,368.7770990091,82.2948892391,110.0249101329,115.4632168396,167.9970776686,124.1291541979,155.1642614375
2016-11-21,120.0867726989,165.1598303024,29.4618876918,257.6676362021,42.0036962491,368.2097307758,81.3128119043,109.6835161178,112.6255226113,170.5849772179,127.2482904718,153.5276912839
2016-11-22,120.8553209767,165.4025198107,29.8187415875,256.0499620724,41.5320656430,374.2328911505,82.2984497241,110.5913436515,112.7617247466,172.1762848445,128.2988377994,149.7373747086
2016-11-23,124.1260389049,169.3980722315,29.9469263864,253.4721092886,42.2202173711,376.5607817266,81.9535346261,106.8198205154,112.5055677835,172.0125221648,129.0875829905,153.1766671326
2016-11-24,121.6495999837,166.2342839673,29.4590180749,261.9599688630,42.1839956678,380.2428344880,84.8806705462,108.7748163362,113.5004506868,175.3760918049,126.9940125040,154.3764426429
2016-11-25,120.6527268122,164.6298783067,29.0815549315,252.2824478514,42.9998553233,374.9868535333,84.3804065942,111.1126206146,114.0770285827,174.1109337778,130.6375689459,147.0615499549
2016-11-28,120.9653734673,168.2860871236,29.2198238988,247.8687519775,42.6987922507,386.5359992264,81.8766190874,112.8426623796,113.4859747019,173.3819600010,128.9147413494,151.4832342503
2016-11-29,117.6913152654,169.2489193666,29.9359831518,247.1096506063,42.7009518635,381.7961957130,81.8725413980,111.2391266976,115.5972002317,173.6328903571,128.7219570793,149.5040521085
2016-11-30,116.6599345189,169.8317305808,30.2054022233,251.4080453922,42.9433171048,382.0439532211,81.6086039509,109.1701504250,115.3204328106,172.3386440287,126.3315429493,152.8647710703
2016-12-01,115.3039355166,170.0135923947,30.3581191422,250.0269108327,42.9098927859,384.7527659671,82.0249247687,109.4461531796,116.3538200664,173.3260209143,126.2553135117,151.7152814329
2016-12-02,111.1836355875,168.8794131355,30.4571335547,254.7948747267,42.0220658320,382.1179087288,82.5500708381,108.9372456840,115.9333493906,171.2502020993,123.9331692705,150.7340291050
2016-12-05,109.9525482174,169.2128991965,30.1727831905,256.7752388258,41.5667248864,385.5474267006,82.6507628585,109.5664277348,117.9777196130,172.2353275878,123.9223877375,152.1802468763
2016-12-06,110.2308306340,172.7349965760,29.2893474303,249.5396459674,41.7085678569,389.7076026561,82.4720042075,110.1469714335,115.8021714074,172.1835164787,121.9400599587,149.2726283595
2016-12-07,110.6514280587,173.9633719733,29.4117403109,248.1058048894,40.9140888825,381.6688879559,82.7781421191,110.1936055599,115.4978801281,170.8644236814,124.4019967069,148.3500056424
2016-12-08,112.6484397023,175.0238472356,30.3035785248,249.0231380503,41.3794736125,383.0410437985,82.0995742257,110.6471260140,115.7410697848,171.9723484185,123.3720867970,149.0869807166
2016-12-09,112.1667012148,176.6399992314,30.2106979388,246.4003071831,42.7060104729,380.0305242611,83.4564865484,109.7542713852,115.3564628244,172.9895932205,122.0732621738,151.3568941003
2016-12-12,113.0824761283,172.8763614191,30.0143814748,251.6619469799,42.3848068713,382.2864945614,81.5738337684,110.1163633772,115.4290532660,176.0372144635,122.7710498576,151.6364941040
2016-12-13,110.9015221508,173.4973040261,29.9186121479,253.7346870661,41.9689174356,377.8019575786,82.1719665418,109.6309925734,115.7532035918,176.8406896085,123.1059681810,155.0057162252
2016-12-14,110.8134192981,177.9229271765,30.4812524958,251.4274858062,41.2889571997,382.9447557162,84.3648647926,109.9208973061,116.9082728370,174.3896220619,125.1072033654,156.3900516162
2016-12-15,110.2733453318,176.8605324965,31.1577352403,262.4187783150,40.6751679970,384.7381547948,86.1354169129,113.5368683757,114.5474968501,175.8256347872,126.2850570270,157.8152141399
2016-12-16,109.0669133910,179.8875324888,30.8120545961,268.9977201121,39.8404063637,384.8230718278,86.1550069522,110.0090372446,113.2021784586,176.2540239911,123.5381600800,159.8339398592
2016-12-19,108.7830274610,184.3165894194,30.6733630173,262.2611083738,40.1251016295,380.3567485907,85.0351503174,111.0336114911,113.0791379888,176.6686898276,123.5192178829,161.3274891305
2016-12-20,107.7125096891,187.1350679739,30.8202666547,262.6690351912,40.4139211736,384.8757352250,84.0001870274,111.0383636226,111.2204255909,175.8407911319,126.9315328025,164.4278110809
2016-12-21,105.6084129284,189.8144794342,30.9464503403,266.9311447431,41.1976455705,383.2987568690,83.7126271256,108.6343906457,111.0444693773,172.8856641441,124.1905960345,167.9696837224
2016-12-22,105.7242150785,187.7488613632,30.5495622961,262.1810392819,40.7812983841,367.6685125588,84.0878002891,107.4716663274,111.4019194365,173.6548550449,124.1593267866,169.6522876283
2016-12-23,104.5867637737,190.3706350610,30.5552874951,267.5968792181,40.3306388411,363.9352520877,84.9721636989,104.7406155305,109.1353968907,170.3975848837,120.3978402813,168.5436040863
2016-12-26,104.6916602197,190.6303487337,31.0070291657,263.2910209834,39.9531690417,360.0702463198,85.2894370671,104.5913915401,109.9724582459,171.5688173346,118.1773181289,170.8476349790
2016-12-27,105.1446130339,186.5842000324,30.7327953943,259.2018964928,40.4708115718,361.5745820047,84.4551256617,103.3972254216,110.8269515929,169.0620221624,116.5962262326,173.9968823351
2016-12-28,104.1601418738,182.7541406870,30.9285799526,265.6123798881,39.4412454021,365.6360311222,83.7257442236,103.4184677146,112.1276367271,169.6665079114,115.4388172340,176.2005950738
2016-12-29,103.0196518761,188.6246019857,30.6271052856,267.4024385059,39.0421342686,363.9630762795,84.7831807486,102.8135568949,112.8240287897,169.7798061769,114.3040856293,177.2655412967
2016-12-30,102.0307199145,189.2807518704,30.6437720054,266.4526434842,39.9378067822,368.6879820055,86.9351361422,99.5336851235,111.8898074811,169.3889410331,117.9260656425,176.8988425199
2017-01-02,101.1685628027,189.4457202509,30.0294206009,271.5558142664,40.3026087049,362.3089916470,88.4349183498,99.0620812948,109.2051718217,169.6071609796,118.5053450501,173.8364319427
2017-01-03,102.1643116466,191.0172647233,30.1051540696,273.0964724193,39.5398547209,368.4498037472,90.1034741456,97.2729404223,109.3152422165,168.8155003433,121.2380195307,176.0525199788
2017-01-04,101.7082908473,190.6632525823,30.0868181537,262.2022823338,39.4042371266,367.2376219393,91.8311571170,96.9383067246,110.2347134776,169.4014914185,118.4878344732,178.2555060489
2017-01-05,102.6343410974,191.4450755562,30.0802609890,259.8301433066,39.4673866375,367.7354021981,90.4594699756,98.8834544100,108.8056879507,173.2073697336,118.4725733104,176.3458392843
2017-01-06,104.6626855904,190.3088472922,30.7558576360,255.8715384568,39.2814914249,362.9682143434,92.3911219997,96.4270267063,108.6912125449,171.7152886492,116.4539420689,175.3760888876
2017-01-09,103.5536687837,187.9999104029,30.7238940724,259.6035798544,39.7664338771,357.9125072821,91.6500613965,97.9133664507,108.3377089938,170.1287785154,116.4720501856,178.0136808848
2017-01-10,104.8377670623,183.3985008056,30.3233207911,264.3709757210,39.5573911395,360.1913781775,90.7310222109,95.4459436807,107.2542747798,171.3653393037,115.2681008703,177.7610075209
2017-01-11,105.6349064578,184.9916745404,30.6317062587,274.8426789176,37.8487685889,361.6431883398,91.7241413350,93.3646706062,107.1547316547,172.7734024241,116.3679151180,181.1297913544
2017-01-12,106.3264612768,184.0953454312,30.6967185052,276.2089983148,38.5528700112,361.2382180573,92.8563194660,94.2177738842,106.3875936090,175.6253225057,117.3728762193,179.2015069841
2017-01-13,106.7470631784,181.1492105914,30.6781523086,274.9758278137,39.4786153967,357.7430565682,93.7315431499,93.3829398021,109.5797455230,175.5684888180,115.6178994927,173.1186144901
2017-01-16,105.4663526779,181.4692541008,30.5718420684,270.1493102920,38.8403771817,363.0574563772,94.8722485385,91.9786446544,108.1798742281,175.5191354406,113.4185007258,174.1445640353
2017-01-17,106.9953743576,183.0576559661,29.8274566110,269.2869490422,39.6052703855,363.8254998743,91.5335641138,93.1774731468,109.0612391653,177.1207504589,115.9293863460,177.2824521000
2017-01-18,107.8564402995,183.3578449767,29.8325619851,271.9311605913,39.1872473395,368.2503182813,92.0703538353,94.2999185289,109.0417890682,178.6664435452,115.3600447496,179.6691659878
2017-01-19,108.4165678288,184.5027369531,30.1498293825,271.7473962089,38.8657747726,375.8376143664,91.9488474597,94.3139137030,110.8085266710,179.1162253967,113.9911782435,174.4380489181
2017-01-20,109.4369696473,186.8936379335,30.6856271692,272.3326393122,39.5181804245,374.7367501581,92.6756731442,95.0184315564,109.6305647378,178.8454043660,112.0086780870,173.0639707263
2017-01-23,110.3854562043,189.1356567183,30.5953664734,270.8031605903,39.6960943016,372.7859715708,91.5132784004,95.5149259857,111.7830886297,178.2113480944,109.7929350896,166.7326370328
2017-01-24,110.9809663545,186.1314041951,30.5564336114,268.0488825419,40.0571756165,370.5825496450,92.4868520514,95.3709801659,110.8344263055,178.1678146298,113.5278694109,170.6036216270
2017-01-25,112.3670366067,183.7463853546,30.7396553968,270.6026124012,39.2659090742,362.7669196709,91.9597701262,96.7775303858,110.4842601723,179.3588512969,114.2159409009,166.1284413031
2017-01-26,112.3134496777,180.0515063389,30.4200308351,266.7229728663,39.4050015445,360.8338899339,92.7627561297,96.8328978149,111.9262617154,174.9434395974,116.8240203292,161.8701330224
2017-01-27,114.5572012299,178.1320491658,29.8933874924,271.0271421419,38.8372614934,370.0646509349,91.4021447749,94.4547886065,112.3457156784,173.2602946056,117.6553638229,163.7156805250
2017-01-30,115.2506618867,176.2753106246,30.3557223706,268.3614056853,39.1758095512,360.5046807464,92.3464213444,92.2263116596,111.8430344503,172.0842057084,120.5720294903,165.3811945545
2017-01-31,115.7424351005,176.1156288968,29.3186623300,271.6959805562,38.5824313501,365.2443532142,92.8084382603,92.2839195399,111.1650271120,173.8251975323,119.4702487496,168.0067373775
2017-02-01,114.3780728281,172.7080567642,29.3704820821,270.6745276968,38.5225528441,362.7932724952,91.9239938161,93.5265344452,110.1852984937,172.3338181343,119.1405134522,166.4634196696
2017-02-02,114.9700750899,175.9895600771,29.1432631930,280.9027492141,38.6448258907,365.9143036101,91.1848043079,93.6299630882,112.8140750684,170.0171436944,120.2031788991,166.9823456246
2017-02-03,115.2102480145,177.8921258001,28.6922183406,277.9605416571,38.1246003312,362.7425633540,89.7728827032,94.6981155106,113.3579486020,168.3663155616,120.8931453949,163.9929620127
2017-02-06,114.4460599266,175.5087102637,29.1000120290,280.5411891220,37.5379021368,364.3323640345,87.8606547736,92.8516986867,114.2385696635,167.4428319062,123.1208263827,163.8867576613
2017-02-07,115.3602516066,170.7666445985,29.5799621772,277.8925888438,37.1630517538,369.3297396705,86.6561898350,92.5201346323,113.0349369277,164.1687424327,123.7705973750,161.4369830083
2017-02-08,115.9166669739,174.5851060163,30.0682868711,280.2349534846,36.4230496581,359.2787433328,84.8259032206,93.0239217850,111.6151560243,165.2891635382,123.9741927702,162.1495596612
2017-02-09,114.8430825953,173.3982769609,29.4240818131,287.8198130689,35.6955725615,350.4716788378,87.9015797728,93.6773800165,113.3427261209,163.2484417114,124.5248766904,162.1458484998
2017-02-10,116.8492551427,171.4656456173,29.5959049527,292.6106396095,35.8499787104,352.1290508328,88.5067067484,94.4360130931,113.4159039064,162.5824528315,123.6679027711,162.9216384510
2017-02-13,117.5108073720,167.2574752846,29.3759265986,296.0280200529,35.8454252462,351.2788915919,86.3169932101,93.9595640663,111.0938218437,164.5694735622,122.4182517571,163.9032882099
2017-02-14,112.3729171455,169.8511245345,29.5148073233,293.7202339729,35.6868282983,351.5424125775,89.4440433577,93.2977265211,112.1885472864,162.4406559014,121.3701084966,166.0518907777
2017-02-15,113.0197021584,168.8152180659,29.0471230159,300.9355471517,35.0193902898,345.0811930369,91.0161382051,93.5242061052,115.2939168705,161.4697489977,122.7549816534,166.0895382860
2017-02-16,112.2744674501,165.1825457501,29.1477944539,310.4839879361,34.8216732733,344.0865774693,92.1881785250,93.5747675285,114.4385011611,161.1890276663,122.5649511870,164.6333972073
2017-02-17,113.8458296074,168.1866176404,29.1459344836,306.7472142889,33.8509940422,346.9709051956,88.4761869387,94.8131586271,116.6654563433,161.3595156865,124.5775440369,160.8142078028
2017-02-20,113.0511808902,168.1145912754,29.8985095476,316.1859659915,34.4723712339,345.5233846185,91.1635222100,95.4801191692,116.8977276762,163.8207840632,126.9084988673,162.7943211147
2017-02-21,109.8817792756,171.3471232277,29.8620716364,315.9394981982,34.6505594301,336.3015390765,93.3038812460,97.0648921038,116.1740077259,165.7004054669,124.1627943718,161.9965024707
2017-02-22,107.2907911833,175.5235275549,29.6305176616,316.5860234479,34.1506636270,335.9207376216,92.6762866802,97.3088749767,115.4473990602,165.7641155437,123.4495465711,161.9375276412
2017-02-23,107.2531521547,172.2303987079,29.4775204127,313.5170436600,34.1806181942,338.4689973222,92.4567802006,97.4780429711,112.3577242509,167.2281954597,120.6135272902,166.4417330107
2017-02-24,106.0196820534,168.3062170035,29.7439380131,308.9210600266,34.1991313127,342.9690442349,92.1612181656,97.8406051904,112.1023849571,168.4301519886,119.4220489943,168.5260024888
2017-02-27,105.0471335780,167.7640564498,29.9234500405,320.6435941088,34.7767682681,350.0305111445,91.3422108837,97.3820282985,112.5141258412,167.0399385582,120.7028945564,170.8001217982
2017-02-28,105.2774530980,167.6988221559,29.9424045999,310.3184047978,33.9754960013,365.5395675946,91.0287994110,99.2666487769,110.1615932793,167.2360160848,121.4212031379,173.0488486278
2017-03-01,106.5176920163,170.0956073133,30.2155474512,311.1862782497,33.0131287374,356.6054716506,89.4900203468,100.2251815088,110.8990433278,168.2281408979,123.6960111202,174.9577534783
2017-03-02,108.2168345022,169.1349571567,29.9268423584,307.0938698233,32.6266370145,352.3772643951,91.6657985563,101.0775020414,112.1858936231,167.2577976725,126.1877725460,166.0533627991
2017-03-03,107.4857652219,173.9498636970,30.2233354313,313.6266904348,32.8428332614,357.7115644309,93.5907074709,101.7449815068,111.0157155479,166.5083838885,126.7742340955,155.0624710078
2017-03-06,105.2813809412,179.6065014220,30.2242385721,321.6809917608,32.8808391951,353.0314541730,94.7935370933,103.5635076011,110.6762440590,165.6483079622,129.1867947458,153.1594294804
2017-03-07,103.5248239826,180.6698127123,30.8339378300,324.3470566059,32.7908310081,353.1044742818,94.6110472039,103.1295071671,110.3520922371,163.0811980681,127.1975117710,153.8981762139
2017-03-08,101.9258193973,177.5130812753,30.6137972486,324.8798737078,32.8685181242,350.7899730519,96.1604746799,100.3442295159,109.9769190120,161.3149378406,127.8159282519,156.5378786620
2017-03-09,102.7867843249,181.7022554405,30.2573751145,316.2242375030,32.2191634090,358.1240911786,93.8203709024,103.1164554973,110.6474678294,163.4583142056,127.2080653576,150.4352270659
2017-03-10,103.5152737418,184.9242328123,30.2080240804,320.8114898632,31.0737380316,359.5727300256,94.5383350314,103.2105065621,110.3214033055,164.4598930629,126.0724342276,150.2923362624
2017-03-13,103.3839268347,188.5517483257,29.7823374509,331.5867325079,31.2486297014,363.0011593039,93.7445702233,103.7687054524,107.4117863670,165.8822016812,124.1823047034,149.2088161670
2017-03-14,101.4201906457,189.0946042841,29.6331568855,337.1745336449,31.1487972710,372.3464811164,93.6421935823,102.9113881570,105.9941419458,169.3438272188,125.9707189613,151.4427370456
2017-03-15,103.2366530923,187.3780295743,29.3702445917,332.4969233866,31.3279886803,378.2343841071,89.6247580342,100.1717885805,106.6316302933,173.4491203037,128.3365658177,148.8292523875
2017-03-16,101.0730106545,189.3982718772,29.3105579088,335.5983120062,31.5839786822,380.4444757055,91.7727201980,102.8574927628,105.7901500480,176.6873479720,130.8966208602,151.3666399525
2017-03-17,102.0603288594,188.7660700516,29.4229831358,331.3110652762,31.3741550044,384.3834734217,92.1396608048,102.7679069155,106.3428048671,176.8599630339,131.0616592369,149.3369073322
2017-03-20,102.2067613625,188.0614795940,29.8644438742,337.5312552204,31.8371226455,382.3127318177,91.5775576114,101.9602224836,106.5770589686,174.7213106006,132.0342058012,150.2427317931
2017-03-21,102.5250387988,189.5508921711,29.6169882119,332.2078117258,32.3549562730,377.7200521943,92.4620411063,102.3309414836,105.5949109032,174.9247094364,129.1717477413,148.7375668552
2017-03-22,101.3495650864,192.5487172369,29.7304044423,336.7523972085,31.7714553341,374.9688919526,94.3853992986,100.1715628607,106.0064800197,175.3684769797,130.2263910675,147.5439762689
2017-03-23,102.3857344463,194.0517291065,29.5990929998,323.2390475702,32.0632563778,381.4602761809,96.3792061609,99.1612566780,104.8740356239,176.0921069137,131.3795223756,147.7019925922
2017-03-24,103.5488120299,191.0532539190,30.4835874832,312.1799731712,31.9571194417,390.9839136858,94.7823110959,100.7443505097,103.6737981055,173.8007274166,127.0680978426,146.7682960085
2017-03-27,103.0810761262,191.3502757379,30.0774043397,321.4655994445,31.2671211847,387.0897482487,94.4859494401,101.1860263757,101.4326073703,172.5605936726,123.0609031072,144.3327835702
2017-03-28,102.7238925183,188.9108768048,30.6224579138,322.8093487086,31.3259062566,383.1834391897,95.1910972447,101.0179602838,102.8105981288,172.8867444341,120.7282993115,144.5791041404
2017-03-29,101.5952944220,195.8489568196,30.3296123768,332.1688530699,31.5996886550,380.1445408652,94.7619535341,101.3697366296,103.1571731178,171.8497021889,118.8620339928,142.7468760050
2017-03-30,102.7294472742,195.1022520704,30.9604119803,344.5861722764,31.3632402901,379.1940425517,92.6491688026,100.2692556880,106.1643002426,171.2655339678,116.8015989082,148.1523442535
2017-03-31,104.8337604645,197.5062945336,31.1176797918,334.5599865691,31.7624852889,384.4752892172,92.4602577672,101.2164779741,106.5025640386,174.2016269074,114.4516029902,150.1301644142
2017-04-03,107.0706057353,198.9383624920,31.5922890897,335.8020572634,31.3727893795,381.5693114519,96.3379112778,103.6012422548,107.1173967671,170.9508226794,118.1387933127,154.5645797415
2017-04-04,105.8697136514,194.0928584084,31.7110074686,323.5690733521,31.8240849246,374.7575056616,98.7662938018,104.2279722093,106.6160233185,168.4335153863,118.6618616203,152.1654259185
2017-04-05,108.0954329572,190.2394055723,31.7658674461,320.6280816593,32.0947542651,369.1802531430,99.7894393978,103.3661935204,107.4149393799,164.4402230084,120.6848576630,148.8651635207
2017-04-06,108.1636749228,189.5949763033,31.8973394665,323.6133687321,31.4964018284,362.6257969326,102.6854374204,105.5798234564,107.7545116764,163.4558478811,122.1520177276,142.9578405715
2017-04-07,107.8673812700,187.3820694090,32.3982548620,326.6432745846,32.4491969103,365.7458842234,100.6253872890,105.0349530165,106.9399598951,162.5449738910,119.3338259629,144.1370134350
2017-04-10,106.8573360854,183.4862785097,32.3375039617,317.0049239433,32.2528546239,363.2579610042,101.8576098751,105.7991700101,107.7337755262,161.6971385015,119.0450134471,140.8140482182
2017-04-11,107.0031817974,180.5847851008,32.6690143873,315.3228500916,31.9862985454,362.4567872330,102.5053471269,106.5369263189,105.1093794893,160.3891385084,120.8763230374,138.1410528966
2017-04-12,104.2651022596,182.8501144908,32.7496281064,332.7057303242,31.9320916025,363.2046141141,102.0849775104,108.4244025782,105.5614203938,159.9558189130,119.2737028798,139.7956583725
2017-04-13,105.4851932689,179.3021240259,33.1961263623,327.6922482574,31.7688102033,361.2004451089,102.8306874607,106.6328446463,105.8854288456,159.4862118905,119.9959119031,141.5676119136
2017-04-14,105.7539344084,181.6659996569,34.0802451150,327.3178632454,31.0793258694,345.5879373627,102.3073111097,104.7411172722,107.6835350132,160.2266900675,117.5092748505,142.0226258855
2017-04-17,106.4243653947,182.2413275991,34.1440805817,326.6988590058,31.4414362239,342.9724001363,101.6371253150,105.9964678505,105.8468563171,162.2175414764,120.2380868900,144.5346776149
2017-04-18,108.0881091604,180.5740905139,33.8978268514,329.3607187577,32.1518916443,339.1631203622,103.3434178482,106.1825113767,106.9465609843,162.2936565214,120.6412017650,145.0483594938
2017-04-19,104.8518974343,179.0976392577,33.6936212238,342.2895923465,32.7049881274,336.0706364343,106.6592877747,106.6683311887,109.0566483331,163.0656283360,120.8789178958,147.9758591476
2017-04-20,104.7898280588,180.5170614273,34.5037819288,341.7132099278,33.1899477808,331.8525314938,106.6427488750,107.2147513969,108.9402669539,164.5023517030,120.5849160637,147.5720652450
2017-04-21,107.0147537477,179.5068620059,35.2439137127,353.1250199954,33.0165336359,336.6424139200,107.8745181710,109.4091450913,108.1011829395,167.0577420938,120.0545330413,150.0712417537
2017-04-24,106.2124596489,178.6093397260,35.5505810997,351.3632035031,32.7227342841,334.1408358759,111.0618624293,111.4986484504,107.9579833139,170.4011492640,119.6163060525,153.9635914483
2017-04-25,105.6419364935,180.4405356553,36.1765986741,359.3061396172,31.2021994945,335.2365962796,109.0919481133,110.7300230133,107.1658321847,169.9164087289,121.4826552613,155.4246233339
2017-04-26,104.2638878646,181.4391538028,36.0348482233,364.8631560071,30.1170521316,336.7798921445,109.1790329243,111.2455194169,109.7042021948,166.7765646510,121.4229679325,158.9307695022
2017-04-27,102.9589553499,178.7038125473,35.4583374186,360.8511575163,29.9943506239,343.7648026945,110.0909147907,109.8781899809,111.7382681220,163.8285388520,119.4139392980,159.6340044941
2017-04-28,104.3241715287,177.7103258613,35.2153106961,346.8322928190,29.8058180695,343.1179331708,111.3795873137,111.5391346410,112.2547381255,166.4726561938,114.2977011920,166.0892127798
2017-05-01,104.6018776059,178.0674732758,35.2806977264,351.1620716567,29.8244929296,340.0493450316,111.0579201740,111.3254024110,112.5380826182,167.7406104495,114.8708877313,163.5979996820
2017-05-02,106.1345677771,183.2071048699,35.1449145440,351.1455580037,30.0104137077,338.4763831022,111.7193805117,109.6812999353,110.2276715403,167.2485281541,117.4822241865,155.4730760682
2017-05-03,106.8016980309,182.9311549004,34.6325017158,361.1960694255,30.6917274563,337.4680927913,113.7317252917,107.6307235942,112.5694006943,168.6922929617,116.7205731697,151.3658458018
2017-05-04,108.7429567727,184.8838367058,34.1192163556,357.3808797611,31.1116981929,334.6003027005,116.7712957818,107.5523223177,114.0904239921,170.3989600935,117.4997129239,152.0140284453
2017-05-05,109.0946729185,181.7224755427,33.9982329576,355.8233387184,31.2023538465,327.2110337117,121.0355436857,109.0034607982,113.2967269228,172.2168024319,115.6092581807,146.6209351294
2017-05-08,111.7009699126,181.9409854633,33.6323337669,356.9955885887,31.9606640465,325.3240134980,122.2475505233,108.9578274194,111.0163933522,171.7151166668,113.6296253361,138.2923911299
2017-05-09,112.6033487667,183.5739723919,33.8047903483,368.1138833812,31.4872503607,320.1970062106,121.2699948122,109.1000686660,110.4465984360,173.2813909322,113.1827046960,139.9017965834
2017-05-10,111.1411526560,179.7520298226,34.8031418066,366.3818544280,31.3957491273,331.6987924540,121.6850107481,110.5396834295,110.8081392880,169.1411100155,114.0073644166,138.1967120090
2017-05-11,113.6731899301,181.8441862433,34.7686777783,369.9880934370,30.6455388099,333.9121445428,123.8487531849,110.3707654599,112.9858313185,168.7805225221,112.9790430393,140.6516537832
2017-05-12,115.1326044218,180.8360733074,35.3059150109,377.0103036574,30.4087739902,330.5992637839,125.3725049359,109.0487799427,110.6799799527,168.1824260312,112.3227443181,137.3332094619
2017-05-15,114.0622525646,179.8583259132,34.7836214943,382.0381761152,30.3121998127,331.0242271879,127.9890117891,113.2937754894,111.6174918071,169.6613779250,112.7563022776,137.7797872353
2017-05-16,113.2955859336,176.7005534397,34.8708763075,372.1085208462,30.8776268437,331.1661024027,126.1283663210,113.3647959134,110.4441820778,170.2368992863,113.7692916703,134.5444145054
2017-05-17,110.7072433809,176.2480622782,34.0884107857,378.2271889569,30.7363573298,333.2483554931,126.8078856649,116.8737471912,108.7820583092,169.0062438215,111.5804563871,136.0056527334
2017-05-18,109.6270319934,178.3171405154,33.4606387409,373.3355836622,31.0039421602,324.3514863659,126.0199857576,116.9495212082,110.1909000162,168.2714654758,113.8601995774,138.3356766903
2017-05-19,109.4921126410,181.5484444889,33.7464178860,363.4880801263,30.7434773966,323.0991561783,123.5901080165,115.2942364615,111.0503135044,168.0614994938,112.6431185818,136.0903037212
2017-05-22,109.1005746590,181.3536745218,33.6208632302,357.3923534389,31.3252105125,329.5429412439,121.0905258305,114.8990733201,109.8223088300,167.6919280017,114.7966278216,134.9939384907
2017-05-23,111.5033679759,180.1748841550,33.5745784075,354.2484222132,31.3453194689,333.2077944170,122.0109408075,113.7732152982,109.2291747915,167.2087174192,112.5468612858,135.3002678656
2017-05-24,112.1982991916,179.6785267655,33.5363741888,348.2013906346,30.2303367911,334.7073036921,123.8199350848,111.7649809186,108.5909143042,167.1543271899,107.3661533597,134.5120355054
2017-05-25,113.1569500892,176.7640877156,33.2029877695,355.5681719023,30.0014815449,330.1628098014,122.2355350081,115.7633177243,109.4044203841,168.9241588940,106.2706276856,130.9984342729
2017-05-26,114.1138080001,174.0447849891,33.5135401768,364.1268572463,29.9913621002,333.9041148744,125.1820554559,114.1200547804,111.5314204951,168.0968326478,103.5059073182,126.3998879246
2017-05-29,112.8756795086,173.3664503404,32.3321533104,361.2270639753,30.5023953462,345.6123895183,121.0353693825,115.2477773355,110.6861719393,169.9031206721,101.9949407173,125.0036973315
2017-05-30,113.3465615538,177.2018318743,31.5241092068,358.6788570631,29.7226744079,348.7727843395,119.9310281250,116.1058549242,110.8781191354,167.4788308632,100.6909715295,126.2661355066
2017-05-31,114.5813765690,177.3470344180,31.2896809156,364.2451770747,30.3661753271,350.4870147774,115.9761168394,113.1973068697,111.2121409639,164.7996424847,101.0530193693,123.3082242392
2017-06-01,115.7686254283,174.9819014061,31.1590168828,362.5430806300,30.5736173796,357.6946747207,116.2710467936,111.8569218824,111.2612247668,166.7507736766,99.7674840740,125.7287121091
2017-06-02,114.9366262445,178.1943474272,30.5195114953,351.0722114940,30.2068020442,372.8462459389,117.8376718621,111.9032127673,111.3834996764,169.2571902058,100.7744998854,127.5443070021
2017-06-05,114.9156365398,174.9186417128,31.2125760680,338.8093247426,29.6274832450,378.3973844608,120.3823348380,111.9166794390,110.3263006055,168.8226762416,103.6378480683,125.3399779742
2017-06-06,117.9091003375,175.4372463123,31.1760223697,342.7691853642,29.9312708126,373.1939048294,121.5051658643,109.1724045020,107.6177991616,169.6677974728,107.7610750096,124.9923582424
2017-06-07,119.0276228930,174.3285519271,30.8717997225,333.8823071617,29.5309671832,367.8949569961,120.4763824432,108.0633554699,107.0020200561,172.0831292756,108.5261168186,124.4300179425
2017-06-08,117.8353520720,174.0311701155,30.9321008703,329.0457383816,30.2221638533,367.4728973723,123.4100072751,106.9016043341,106.3585793330,174.6890577322,110.6444857747,130.7488240488
2017-06-09,116.7111710701,177.7120546742,31.7015070132,326.2900842452,29.9784397874,364.8584335026,124.5437931450,108.2561901062,105.4841759302,176.7302184438,110.3067614049,132.7103561805
2017-06-12,115.5645366656,175.2993710431,31.7251918220,333.7683708184,29.4417624253,352.2196933329,125.4833034120,110.5521282030,106.9333200014,178.6138998547,110.5186357947,132.4735824955
2017-06-13,114.5512905549,176.7927222310,32.1741684493,344.2041458154,29.2422742014,352.7068183989,125.3581489855,111.5650790845,106.4950185375,176.7879076550,109.5764654135,136.0898663065
2017-06-14,113.8345554513,174.4182399461,31.9730564342,341.2386837334,29.1241333250,350.2620976930,123.3566232049,113.4436129172,107.7806799513,176.3411554697,107.8292959950,134.0625722739
2017-06-15,115.3858369924,172.6333662304,31.3361676140,347.2751885696,28.7462069322,350.6361950720,124.8129698458,114.3159631047,107.8828226118,175.8323557291,108.1050499644,137.0216493389
2017-06-16,114.2183847526,169.9130455962,31.9881882627,346.5962934582,29.1659859478,348.9750663616,125.3691497812,111.5548650634,105.8854046957,180.2487461084,107.3336689991,132.5752040833
2017-06-19,112.0449003592,171.8739574945,32.1040004655,350.8569441881,28.8623532226,354.6863746377,123.7408251423,113.5031613835,106.4613902525,179.6740119427,107.8900423985,128.4906042985
2017-06-20,109.8266080479,170.2760959282,32.5220962300,345.6494257515,29.0830613889,352.0313830675,125.2744372683,113.1730392329,104.8932355195,180.9754891933,105.7831466166,125.9437074995
2017-06-21,110.6108875673,172.6937421900,32.2551820473,347.9729348292,29.2792270121,345.9136191926,121.1522887526,112.6489447659,106.2111330909,181.8083474233,106.3421187194,122.5972155905
2017-06-22,109.5646266994,169.9338549561,32.7168172484,340.4631155397,29.7528129892,333.1867134173,122.9287166298,112.9842545267,105.0172704544,183.3644154885,108.2731697608,120.9111296966
2017-06-23,106.8985053242,168.0593108472,32.8693814682,334.6598405793,29.8494412239,341.5386706525,120.7469053378,112.5631630142,105.6366159390,183.5944061561,109.6030151481,121.8682686577
2017-06-26,108.0510838239,167.0726749237,32.9015712454,326.6871558023,29.9916829538,340.1368236928,122.3962842615,112.6408248251,105.1274876832,181.2850510349,111.3970003211,125.5444344434
2017-06-27,110.5101972614,166.1730162388,32.3847760566,327.2125507417,29.6997902307,346.2063412780,125.3001193632,115.7582859539,104.1683125290,183.9478223130,109.2009325940,126.1064754979
2017-06-28,109.5803676606,163.8745420927,32.6162999532,334.2069640554,30.3502241140,340.5657024280,123.1694878037,116.8985984586,101.7529833411,182.0276803118,109.8732539722,129.3031386920
2017-06-29,109.9320906807,161.1051935534,32.6752514059,334.5577459900,30.1562540594,346.7581407153,125.6467084660,117.3482724563,102.4750821454,184.9085830091,109.9214908201,128.6390432396
2017-06-30,109.2907451706,157.8182928320,33.4294050641,333.5001378032,30.2692994822,358.4432653330,124.2474845756,117.7663574209,105.2901073849,184.4108836994,110.2711896152,129.5010560678
2017-07-03,110.4414956313,157.1377171660,33.4357668712,355.4062483367,30.2851019079,362.1167255211,123.6501590616,117.5054685091,108.7511884793,183.9165215853,108.8574503296,131.1112757908
2017-07-04,110.2251072913,156.5608904255,33.5126332031,349.3241326233,30.5083054519,365.2344672618,122.1380562567,121.9705240575,109.3122120962,182.1887740992,107.3633007518,129.0779730422
2017-07-05,109.5743833834,154.2517910550,33.6860078907,346.7136035359,30.4597328124,371.6602998191,119.4420390865,122.5751175314,108.3978573010,186.4388919635,107.6989228045,129.0984137865
2017-07-06,108.6189162239,150.5042530245,32.9598696220,360.1104698058,30.6119918459,374.9095201096,118.5329371066,120.7948628166,107.0729698887,185.3067358435,109.0353520162,131.7928132486
2017-07-07,107.9080673853,150.3610349220,33.0493383971,354.0683777971,31.5921706840,374.2636840954,116.1562434516,117.7397522346,107.4688597060,186.6439701021,107.4957626001,130.4338016192
2017-07-10,108.2156548932,148.0176007810,33.8151989400,372.1252122042,32.4798910622,378.5147906385,114.9716094242,116.5088582725,112.4105908886,188.6839244272,105.8216500393,127.0515768662
2017-07-11,109.3303057473,146.6209207422,33.6367174314,366.3934913932,32.8292027396,365.4986441454,114.9970556009,116.5105276379,112.5252401709,187.7750762958,106.6268969755,128.8526561430
2017-07-12,111.8794955438,148.2590762331,33.4045037300,365.4152116336,33.7106835666,361.6702194729,116.5576153078,116.9866358442,111.3977607485,188.0505289905,107.8699987501,127.9350173241
2017-07-13,110.2396785808,149.7775114840,32.7691746665,361.9504796061,33.3933612791,359.2653914124,115.4467701453,115.7841449122,114.0520706698,193.6569299204,105.2065616288,127.4292277499
2017-07-14,109.5638505100,148.5950411199,33.3915900363,372.5022727594,32.9717945745,361.9027508994,114.7480110278,115.0286036340,112.6037967937,193.2432335274,104.5211382044,128.5733660784
2017-07-17,111.1247274884,145.3409097564,33.1978116014,367.3430778450,33.3811274398,365.1245987317,110.8837870409,113.6857391000,109.6470545129,189.2624349708,105.5857313780,129.0430557044
2017-07-18,108.3112635535,144.6951052569,33.6204743353,371.1941704418,33.6658819866,371.4446710020,111.1192488609,116.2314830445,112.6953637149,189.4077215543,106.0001043402,132.9040629220
2017-07-19,106.8630852808,142.8356709741,33.4346221452,380.4675826057,33.8665821182,369.3697601566,112.0505685536,114.9535934196,111.5848887693,185.9312289346,108.0355133723,134.4096775540
2017-07-20,105.8277001123,145.6342210723,33.4775582857,377.8175894074,34.2855768496,381.6343449615,110.1789140213,114.0428714660,113.1482625090,185.9431566735,108.9552587753,135.3780618589
2017-07-21,107.4524716384,146.7011897573,34.1567022223,388.1101699166,33.6010222860,370.0687628890,111.0136461332,116.6976564345,113.0647091606,183.0003660417,104.7745767773,134.1228787181
2017-07-24,109.9730794827,147.5630260257,33.6839379678,379.2180302291,33.3626746714,373.6696339740,115.4038446896,112.8374794380,115.1411193145,181.8523995283,105.2927850101,132.0749367582
2017-07-25,107.5121608753,147.8196178210,32.9381294600,384.0957905069,33.0232183198,378.5766835158,114.4243816027,114.1615485193,114.5708507662,180.3744094710,104.3520742497,131.1880708495
2017-07-26,106.2694805968,147.6528540385,33.0348409447,411.6303128457,32.2042208887,369.0493802463,116.3857998071,110.6332187552,114.1659088177,181.8433489574,102.2944910241,133.2602541279
2017-07-27,106.2426397740,142.5497191657,32.8349056558,419.3461738334,32.2540176587,366.7076429749,115.3204434612,110.1614664326,115.2084418231,180.8287621362,103.1868507519,130.5818151461
2017-07-28,105.2667651894,142.2209003142,33.4982846703,443.5155129711,32.9759949665,366.5327156461,114.3171731155,111.9665759284,114.4279191833,179.9305930837,102.2055811243,129.4848410025
2017-07-31,102.6092835958,145.3548793053,34.1987026999,447.3491912890,33.8202703939,364.7415792780,115.1266623789,113.2820653815,112.0790952919,181.1176644363,103.8770510402,132.1433096810
2017-08-01,102.6407965987,142.1499725914,34.2397272559,420.6820166884,33.4652159657,360.5869386987,112.2576785989,113.9848937178,110.5334511260,181.7251369353,104.0764282209,132.1750145930
2017-08-02,102.0006700491,139.1313244668,34.4185649132,420.2215011890,34.1149293535,357.3921231011,113.1652578222,115.1682887992,110.3524012596,184.8329542926,106.9932987094,131.2341661749
2017-08-03,101.4017560127,139.8824500478,34.3661709909,403.5280112877,35.4953009465,359.1605916236,116.1439788896,115.5527255762,110.9393765810,185.4269169438,108.8731986365,133.4832845929
2017-08-04,101.1655565397,142.2478185913,34.6546524277,391.9845847252,35.9607734807,359.9391316305,109.0322982719,116.7723781366,111.8705978405,186.5558970954,108.0007268402,131.9622918652
2017-08-07,100.8108083111,142.1094969806,34.4643799325,381.5198576642,36.3867762222,356.3397073226,109.6369559247,118.4183901919,108.8683225675,188.3845894835,107.1870777566,134.0190404275
2017-08-08,101.3274785421,143.5380446477,34.2031912014,387.1430244181,35.7940971402,363.5834931427,107.7374239323,118.3244886627,109.5125670037,189.8204682457,105.4477515869,133.2400886105
2017-08-09,102.4752195111,142.6237760929,33.3151960564,387.5603046689,36.2552163603,364.3020637814,107.7617740359,117.8991993028,107.5602766686,190.1424178380,107.4717967749,130.8177616558
2017-08-10,104.9733209395,138.3552426005,33.2329364223,383.9050196058,35.4194321866,353.4082423752,106.3546577588,120.5917818904,106.6699251699,193.0680547669,109.5423680281,132.4749187231
2017-08-11,104.8024144438,138.9639946612,33.4655368477,382.1010798513,35.8492586164,371.2211087985,103.9658382391,116.4714757148,108.1602251624,194.0163264312,106.5344764020,131.2610514746
2017-08-14,104.7968932743,136.3482182430,33.0772468318,394.3958372897,36.5425440901,372.3675550033,102.2449606953,118.2329130681,109.1771996379,195.1406393460,105.1529683362,132.7541553585
2017-08-15,106.1368642179,132.9372194192,33.2313047950,407.8642639260,35.6297863519,384.9956142839,102.0646182855,121.1669434541,106.7056987616,193.2149819957,103.8822673420,135.8713052655
2017-08-16,105.7216712327,134.2741002606,33.5920541258,413.0090626461,35.4848012062,382.3101879946,100.1236919794,122.6943090102,105.0626005841,196.6101093049,104.3234022842,131.5915241986
2017-08-17,104.7828935764,137.3606765729,34.1702228893,409.9913862769,35.4308485862,372.9323522181,100.7320236813,124.6885129309,104.4315547540,196.5178101832,103.1408740138,129.7750830197
2017-08-18,106.2185801985,139.1052553265,34.1111071867,420.2398133186,35.6449297148,364.9489112600,101.7161805937,122.9124322903,105.2313616419,196.6409407823,101.7024867423,126.3031452708
2017-08-21,105.2140303344,139.7955810432,34.4694043294,424.5776184148,35.8467981522,360.5243812104,98.9113719373,121.4433783024,105.0585874416,199.3536012400,100.2214619009,129.1207325037
2017-08-22,106.1457836610,142.0163072363,35.0733620873,438.0979888599,36.1380968583,355.1102980647,96.4989104655,121.4574699301,105.1316803732,201.7413086430,103.8419032329,128.7756062402
2017-08-23,107.5829984316,138.9045330306,35.7873315572,431.4539716792,35.5744135839,363.5406595174,96.2726402405,119.9671665474,105.3343154333,198.9174198142,105.7294461155,125.8922873121
2017-08-24,111.3963355447,136.2703526801,35.4435575659,431.6275891206,35.3471424244,364.7950370286,98.5589263069,118.9652877142,107.9278790925,199.1566180994,106.1060429074,128.1004499707
2017-08-25,110.8982279206,137.4245596770,35.1487951438,422.1766321147,36.3019554006,354.4261540936,97.5823981054,117.9903560221,106.3468175474,198.3590864619,110.3724049763,126.5923321264
2017-08-28,112.3492901670,135.3524992669,35.4240825478,414.4913784298,36.6804431245,339.2971680648,96.5496381572,116.8590964839,108.1678360376,199.4446665621,111.0128695919,129.2256490581
2017-08-29,112.8698949478,136.0567512791,35.3194797872,412.6246157041,37.0867504011,346.3904194594,96.6507340614,118.3723316554,106.7740784763,199.5746937930,111.6500159876,126.9188532918
2017-08-30,110.7591824698,136.7526318994,35.5296863032,401.3991288339,37.3139441302,344.3055979766,95.6159244707,119.7022826042,103.9906244027,200.5566474384,114.6085575312,126.3751994873
2017-08-31,111.3288891636,138.0610711741,35.7597593177,411.9662190408,37.5081823740,345.3839829031,100.1659422878,120.0457395737,103.0119520385,199.1562039292,113.8150272617,123.9527618143
2017-09-01,110.2645607438,139.4938452110,35.5034945512,404.0110484353,36.8152600026,346.8267216949,100.7272043448,120.2962010159,102.9411303258,196.1690847375,115.0314596693,122.2526578601
2017-09-04,109.1739849014,142.7197821755,35.3193618022,407.6204817414,37.8314947855,339.1357423672,98.8859849666,116.2988731522,102.5194646792,194.1447314141,115.9714770537,119.4998111141
2017-09-05,111.3169811576,143.5818755469,35.7022021810,397.7696908422,38.2811280402,346.5988367661,98.7981952711,117.5423778768,104.1877094456,190.0687151960,115.1023318053,122.3280811886
2017-09-06,112.3013330268,144.1782027985,35.8305376183,393.3617941909,38.1769401252,352.8352672644,101.2053872141,118.6013403113,106.1919492680,190.6736126059,117.8624948902,121.0282260301
2017-09-07,113.0461597805,143.9706252182,35.3991035778,396.2464215755,38.4019555743,352.1334235243,102.0294934847,118.1243271154,106.0102942315,191.5880629715,117.9530655884,117.7787591414
2017-09-08,113.5836261645,146.0143322363,36.0124202536,393.7501657407,37.6759225752,341.8925073412,99.3086703154,113.8687871545,104.5494374442,188.4251071337,115.0748059831,118.6428269886
2017-09-11,112.5114522757,146.7298801828,37.0218699704,418.2148914288,38.1736533065,342.1676304678,100.1670949658,114.8547014434,105.6252710652,186.9896807908,113.8020173155,121.0126215867
2017-09-12,116.7731000437,145.6332274990,36.3515519503,430.1911745764,38.7893574159,346.1511023913,101.3235927005,113.3162792424,105.1236272529,187.9542357164,115.6403296680,122.1884155885
2017-09-13,115.9624819992,146.0614551031,36.2585201247,434.7331364815,38.2529776699,345.0486498860,101.0861509462,111.2866459603,106.1664414521,186.6678748274,114.7064013760,121.5683775160
2017-09-14,116.1300693815,147.0864753272,36.4346865354,421.1760383846,38.5354111877,333.7515547732,100.5462265354,115.6365411656,105.8663774699,189.9558779908,117.0121429339,118.3831133885
2017-09-15,114.9471368553,149.4297018862,36.2847608753,421.0655371276,38.8101155939,331.1243885152,101.8611984239,117.3273658090,104.5289349607,189.8201859132,113.9216697042,120.5137183623
2017-09-18,113.8631346603,146.4455054882,36.1511171340,420.2297680355,38.6955726322,338.0851516306,101.2065746025,117.8538447535,104.5164435358,188.1035812486,110.7916262632,116.2312896706
2017-09-19,115.2011171996,145.0022138053,36.3530902606,412.0040764205,38.9527154515,335.3601048608,98.7864163562,116.2296685700,102.9981497047,186.1721265463,110.2127775857,122.1374622506
2017-09-20,116.0441488253,147.1930381891,36.6096981161,417.7425055300,39.0556052733,336.4438698157,99.0305813115,114.1140439007,103.1986158309,187.2106407973,109.3026158017,120.3728030210
2017-09-21,119.6243804838,148.0894890035,36.7052600681,419.8916372252,39.4023984561,330.9066048391,96.7046412416,115.9484176334,106.1093634102,187.9470721648,107.0513639172,119.5992228023
2017-09-22,118.3103127659,147.7104704332,35.7342070129,417.9497345668,38.6760739250,327.9343794913,95.6516523453,117.3731363250,106.2393407287,190.1967292215,102.3815070213,118.5468955759
2017-09-25,117.6476236123,148.0391307350,35.3006707555,415.0755352787,37.9850552970,327.2802271956,94.3166963925,119.5473144539,105.6270391546,187.9584350638,101.4518177167,123.2809120392
2017-09-26,116.5795507061,147.7440371430,36.4903494105,412.6141831563,37.7156898896,323.5498228396,93.0089002169,118.0647229065,102.8563677199,187.0087250874,102.0021839643,124.9350413969
2017-09-27,119.0640548423,146.3729412211,36.7230666186,401.8319835360,38.3765021969,327.2696490866,93.9618012433,117.2673517877,103.6670329381,190.0600036039,103.5775242785,127.0594970258
2017-09-28,120.7137357932,147.4390569663,37.0940609741,398.8590052886,37.8082672771,336.8041493493,93.0607100522,119.1923574078,103.3765901667,190.2474313019,102.1270657467,126.3184143283
2017-09-29,123.7483964139,145.8506569220,37.0265533083,403.4729335385,38.1399578025,331.1025894488,93.5971246076,120.4812624247,105.7657665129,189.7386575166,106.3445852222,125.8536540689
2017-10-02,123.4343697270,145.9000304223,36.2430220294,408.7241402907,37.9356170546,326.3165832198,94.3253258409,121.3482003869,107.0231594395,191.8326732285,105.2552371391,125.5234537215
2017-10-03,121.4958968050,145.4567239844,35.4221197242,394.0360931579,37.9404236382,329.1827985848,97.3670541772,119.8274726563,107.5989679571,191.2890141828,103.7451187062,127.1252165421
2017-10-04,122.5399114627,147.2221333484,36.2044138252,393.7069813473,38.5463608728,323.1645047007,98.5225552565,119.7632912522,106.3059702937,192.2683547981,102.8080558311,132.5188455013
2017-10-05,121.1979609034,144.8529256793,35.8683460390,393.9658880044,39.1121220597,330.2167798529,95.5963813183,121.2793726899,107.2327629330,193.1166070264,101.6476130444,134.1270664503
2017-10-06,121.4887096692,143.3064379540,35.6302025035,408.5598213298,39.5820239942,338.4151699549,96.3824386342,118.4333250399,107.7515822254,195.5596510217,99.6599410298,136.9305098769
2017-10-09,122.2675647953,144.1911479368,35.1849810500,413.9375516084,39.9405827494,338.7116496369,97.4255945112,116.9353252312,108.2977128318,196.7801038369,98.7744517309,132.3274434960
2017-10-10,122.0501719120,144.5623708747,35.3677510371,425.6796544995,40.5489194850,332.9091830850,95.4958859071,118.2582793968,108.5861002915,196.8006193098,99.1755913470,134.5220121732
2017-10-11,122.5794637710,143.5673223535,35.5723743819,416.4124764704,40.8814198202,329.3012155502,94.1637954291,120.2483287326,108.6429016767,201.9159187647,99.2006035004,131.3156404503
2017-10-12,123.4401628419,145.7261559196,35.4730110372,412.9426372444,41.2987101765,324.3715570975,97.0161318173,121.3519513245,106.3897250849,198.6746686240,100.5691203283,128.2985787524
2017-10-13,124.8712718033,141.8542317129,35.8647292750,412.8298569558,41.2491958270,321.3611217039,97.3789673153,121.3629124403,107.8775419689,203.5090731047,100.4342089455,125.2379499876
2017-10-16,124.7521509487,143.3498499046,36.5671171122,412.8507330685,39.9026977966,315.7378729461,99.5106936315,120.4666431541,110.6199453864,205.7191321728,103.0342740792,121.4261527079
2017-10-17,122.8773421182,142.5054820326,36.0881922161,420.7418694967,39.0348319085,315.9941454544,98.0118563366,119.6291000460,111.2568590669,203.0841888561,103.7138060373,119.0721999961
2017-10-18,125.5457419488,137.9000605853,36.5472572038,425.2170103198,40.0781554473,307.4438137663,101.3711709163,117.1271966324,110.1037578117,199.2168786721,105.1236539992,122.7140950849
2017-10-19,123.7203117694,135.9519737096,36.2728535634,433.9054996509,40.8316024689,311.0448554449,100.0909388306,116.8611467806,110.3875011245,202.4079286157,103.7790629222,125.0462063296
2017-10-20,122.3008080506,135.4966024214,36.4406443194,426.1577099916,40.6297372872,311.1820686081,97.0431842356,115.3218019573,108.0977449063,198.4393356859,105.9052276709,122.8576193438
2017-10-23,122.7013513556,136.0777757084,35.5711214787,427.9492473862,40.0817445295,319.6929692528,98.9452621102,117.3825105638,109.1897835506,196.6931626076,106.9940269128,123.0051067090
2017-10-24,121.6401817169,138.3604046073,35.7173214929,404.2609853064,40.1591982246,321.8675806744,99.0147523787,118.9644595485,108.6288125123,195.8543378708,106.4688808868,121.5747732759
2017-10-25,118.7106721917,138.4277358789,36.1688774105,400.4080897301,39.3758598894,322.8956442536,98.9010423686,120.1037879764,107.8996717650,199.0184164705,105.0970256888,121.3236902770
2017-10-26,117.1214243818,137.0131589143,35.8819614796,404.5190960315,39.9977972062,318.9781319478,99.3666570689,121.4971965756,109.5599771785,194.6471775463,106.1713725059,125.0861613981
2017-10-27,114.3263462959,136.5243157646,35.7356157714,412.9644175279,40.5412855024,312.3454288790,97.0116880777,123.4429171489,108.9029230192,193.4188876666,104.8957065730,126.2926018847
2017-10-30,117.0377216227,135.5484725904,35.3401819887,407.2303459111,39.1365237283,309.7332720889,99.0754841620,125.1944637966,108.2385957057,193.6556220563,106.2500471890,126.7503034859
2017-10-31,115.5185930194,136.7017918034,34.7667620266,405.5796647749,39.1444399988,323.8832755908,98.7455566207,126.1099283422,109.9265346332,195.5721069642,105.5546393353,126.8801884101
2017-11-01,116.2541455820,136.0514782625,34.0781997202,413.4108045650,38.8292127315,321.3753061910,99.7911556932,126.6739571708,107.4817275967,194.1715714669,107.0391127500,129.6279737577
2017-11-02,114.8192483673,134.4495917247,33.9746699182,409.8285326116,38.4500823241,320.8739751470,99.3679745390,125.2509458977,105.3861660445,198.8718106817,110.1002272267,135.5741781237
2017-11-03,117.9352154893,137.1860657417,33.4131594916,405.3042685124,38.7075464418,320.5289816189,101.8195917345,123.8194807992,105.3406216967,201.6144962777,108.2649323874,134.7144818300
2017-11-06,116.9295378815,139.5296392706,32.8452002025,393.1015933181,38.9894742525,313.3686805751,101.3860091782,123.3628380649,106.7030767720,201.8234292276,105.4661247295,130.1830207200
2017-11-07,118.1510694135,137.3980379337,33.1133379839,403.3979812037,39.8560239171,308.6341848279,99.3197876837,119.7660078109,107.1913694077,203.1300448169,107.0999339085,131.6635530886
2017-11-08,119.7680019654,134.5662921605,33.1235620696,402.1663596096,40.3224694822,320.2581723202,101.1058402299,118.9667489024,108.1552192369,204.2995759123,106.8186668798,127.9737512015
2017-11-09,119.9543144387,135.0546338231,33.0649994619,401.5372075301,38.6653100459,321.9710488581,102.0267819442,116.8288362967,109.8211708619,204.4324339691,106.2330435241,134.7070763861
2017-11-10,119.3458886186,134.7149859822,32.7750591189,382.0613974144,38.0710967501,313.5380249592,104.6571521489,114.3873805242,110.0890984072,205.0142496534,106.1445068808,132.4834199623
2017-11-13,119.8630502295,140.4211313795,33.1178743642,382.8012872702,37.5425344251,314.9247630236,104.8238556817,113.6628051080,110.2882284751,206.0243503848,106.2437866865,138.4426882477
2017-11-14,119.0537589985,140.5442818013,33.1532444606,390.7053743856,37.3061338060,317.2123628148,106.6509661713,114.9819141896,110.8904049330,204.3831784686,105.6601023201,136.4291388318
2017-11-15,118.6916040401,140.2280330007,33.0949612683,391.8003417824,37.0695290220,318.2826266218,107.4184568120,116.8464796526,109.8388712832,206.0014779197,106.7717290955,137.5631321349
2017-11-16,118.5794780864,142.6492907779,33.2514977178,376.1576140870,37.1748343880,318.6683169322,110.9466676806,113.1661994132,107.0557213935,208.9012559568,107.6947168210,136.2168753089
2017-11-17,121.3136475017,143.9451594669,33.3409868231,380.6147867490,37.9498219270,325.7629138162,108.7651755023,113.1380767571,105.9140558216,209.1757322954,106.7161475341,134.3947795533
2017-11-20,120.8815132315,145.6459560629,33.6860988317,365.8725836148,38.9537648056,319.1677419052,108.0553537742,113.5318671998,106.2683461790,212.1805111245,106.2726572944,141.5798381210
2017-11-21,118.8676337038,146.1077284356,33.2231165820,357.0498199639,39.4020743527,314.5719591639,106.4566255188,112.8212607501,106.3579618416,211.0616865794,103.6599165652,142.4052620655
2017-11-22,119.5044436318,143.7781647520,32.9541446299,351.2744479579,39.3498844237,307.7222668839,107.1998087078,113.1615811205,106.8662488736,215.8199006020,103.2815242065,143.0105393680
2017-11-23,118.8303723102,142.3043658048,32.8155268833,345.3795675021,39.4547978261,313.7223435456,108.0756965874,111.8947621949,106.9016334837,219.5717119092,103.3644303310,145.3448469707
2017-11-24,117.4637924633,141.7219475782,33.0270039382,338.9987355613,38.8128396792,315.5066713932,108.7218472190,112.3093932373,109.1062623827,218.3690165005,104.4033398062,151.0174760831
2017-11-27,116.5006384825,144.6676526713,32.4325498087,347.5705411761,38.4278621330,310.0645322571,106.4976530775,109.8412302932,111.0767308079,214.6959853554,103.1496041288,149.9768532005
2017-11-28,118.4355793548,142.6629753024,32.6024810560,356.6240338853,38.6792915678,305.9138455535,103.7488215743,108.7354185696,114.3526263048,215.8311367488,101.2605772808,147.6488382930
2017-11-29,118.8648405497,138.5304570791,33.1043568957,366.4739394951,38.8702277083,305.0991357320,105.0436381364,107.6625522057,113.1283383383,216.1876405435,101.9583540397,144.3692714169
2017-11-30,119.3230344269,137.2459376914,33.4892608493,363.6760268932,38.5582518269,305.4081874643,103.8509832365,109.0775891375,113.2608033277,217.2260375237,102.3795488042,145.8174015648
2017-12-01,117.8114151240,138.6252843342,33.5847214386,368.6016969978,39.5809908103,306.6956241183,103.9748198983,111.3528216371,112.4042447168,219.0852844512,104.5881236421,149.9813166830
2017-12-04,120.6547463796,140.5438088393,34.3003604536,369.0771421848,41.9173611420,313.7554755211,103.8769217628,111.2555876194,111.4339257395,222.4534107915,105.0963162112,151.7888086888
2017-12-05,120.3994639995,141.0899217308,34.8493068909,370.9789247595,41.7189268082,318.8786092108,102.3699096736,112.0308761297,110.3485002692,224.3596511501,103.8354064329,147.6268700605
2017-12-06,120.7906983385,140.8201143422,34.0977930292,361.1363826921,41.4132390156,313.4872255102,99.5347766239,113.7365796136,108.1016255299,225.9455050795,105.0766764451,149.0975925663
2017-12-07,122.6931037836,141.3949445075,34.1570184977,368.8971799747,40.8816294108,311.6538335341,97.2506093669,113.5684541612,109.4488121871,222.9903286272,104.8794941063,150.1437138596
2017-12-08,126.1215217087,142.2569965235,33.9491713701,370.9397427474,40.2705031791,308.6190121811,97.6018390205,114.3371531648,106.5411732605,217.2191716336,106.9738685215,149.9390444987
2017-12-11,125.2548402463,141.4368490183,33.7842194653,360.0427637069,41.6488628302,297.2997383889,98.6963839129,115.7587376041,106.3783016179,223.0594070641,109.8532118245,149.8080605073
2017-12-12,126.1902214784,141.6690718994,34.0087689046,356.0358682999,41.8349056899,298.8870702110,99.0035739683,115.3847073521,107.4597781844,225.9366909338,109.4285873790,150.6770723324
2017-12-13,127.0397072272,141.8090961528,34.5172939561,356.0751158425,41.0931775580,300.2584267202,101.0819696042,116.3593197596,106.9392600385,227.5514261225,107.8326675167,151.1561056135
2017-12-14,127.5827292221,144.0565050411,33.9128563987,360.6962051005,41.6683837750,291.9210116118,98.6960146920,114.4497767321,106.6397594834,228.9488826345,109.0458856126,155.1968675594
2017-12-15,128.3839730997,146.3382466291,34.0168258415,370.4304485181,41.3981320457,288.3956062202,101.7242402028,113.5424305965,106.3501625413,229.9306949640,106.0645388921,155.2196987892
2017-12-18,128.2978924692,147.6240966247,34.1141488596,361.6076524459,42.1698224873,290.8216856680,101.4757485458,116.4362673183,108.5770607661,226.4523129833,106.9896652866,155.4885320012
2017-12-19,126.2004181488,147.4547179456,33.7044983899,361.5697575635,41.7986999365,297.4978920404,101.2671633898,114.8998389070,107.9401256039,229.1050046936,105.2189025396,153.4668513703
2017-12-20,126.4115631773,146.5978493942,33.6154442034,350.3661350236,41.4203536418,295.2663344833,97.3272239100,115.2107691997,105.2146321049,234.3885409723,106.5796529578,150.9405354547
2017-12-21,126.4181199483,149.6690894846,33.6603604653,345.1506579547,41.7995698525,293.9854149755,98.9545173338,113.7144945529,104.0946701974,235.3564755271,104.5985835713,149.2349985274
2017-12-22,124.4078990763,150.2364782834,33.1862764450,348.5582757139,41.6053150548,285.0212859649,98.4587562162,114.7613580322,104.0679870427,235.4664598698,100.2816399311,151.6356786298
2017-12-25,125.4444468579,153.3780670980,33.2120983978,351.7607894728,42.4953714042,293.9897388618,95.2446211485,117.2680722090,105.1004387625,237.7359269132,98.7808792693,156.9721040573
2017-12-26,125.5435325933,153.2295169793,32.5225235253,350.9553086550,43.8544901453,296.8137321165,95.5914074191,116.8041941569,105.8157237347,232.5328792449,97.7655768242,161.1136297173
2017-12-27,127.7316877469,152.9456190494,32.9214832017,347.4947856698,42.9176620080,289.6753601567,98.7148788651,117.3442151272,106.4570807746,233.2399391434,97.9655027702,155.3729716747
2017-12-28,126.1868745008,152.8518191701,33.2816222421,352.3825645565,43.1278673990,304.8436066452,97.2822377155,117.7465979112,106.0618010941,232.1313424882,99.4236194913,155.9184095266
2017-12-29,129.3302548071,152.1939327179,32.4020917629,348.9170795068,42.9508696589,304.2897289846,98.4027431204,116.5799723727,104.1233131628,231.8442368672,100.9617162464,156.4789617902
2018-01-01,131.9332923570,150.6875608909,32.3968122610,343.2576105627,43.3175881260,303.7657260208,95.6621678433,117.5838560228,103.2177315688,231.6012208471,101.1684051413,149.0122670732
2018-01-02,132.9428432227,150.5547246951,32.9211323556,345.9976798651,42.8136398768,301.2035252374,96.8977112108,119.3598847979,102.3430934095,232.3852308959,99.3539065842,153.0430064922
2018-01-03,133.7758129005,150.8006903064,33.1699104476,363.8757832539,42.4580478714,295.8691366063,96.7049896767,117.3562053725,102.7252595329,232.6018099832,98.1057746870,156.7567431131
2018-01-04,131.5219699616,153.5469177265,33.2393368705,375.9520417193,42.7799012908,289.2726576751,98.4185910435,114.5953606512,102.9247725963,232.1500793018,96.8356249111,160.0037233477
2018-01-05,134.6232813683,151.0062354586,33.0802813632,383.2795901789,42.7194819991,291.3182284014,96.1778134381,113.7129325258,102.1595431838,232.8569927886,95.3461839893,164.3035691967
2018-01-08,133.8019809252,153.5593394385,33.0256216881,376.9144467287,42.9842324805,291.9225267462,97.8705623479,114.5160992752,100.0418628702,235.9794299685,94.3726853546,161.7920767256
2018-01-09,132.2985217013,150.8752356534,33.1821091193,377.0344234576,42.8472170162,287.2775199680,95.8535261972,115.3003648359,100.0756011946,237.0558881461,95.2095833290,158.9085702117
2018-01-10,132.7136092610,151.3513201952,33.0145267545,373.5812583345,43.0876159849,280.0543471820,96.5049055891,118.4168361660,99.9158737053,234.4212556517,96.2333063678,157.9815471134
2018-01-11,131.2669695815,150.1279453104,33.8158323353,385.1461459796,42.5739740026,278.2318875805,95.0043012318,115.3443163523,100.4489709992,231.8734626861,97.4108871737,159.3532970600
2018-01-12,130.0570306310,154.3337465657,34.0222904538,380.0547281496,42.2873540074,281.5844595164,97.0016597673,114.4099699448,99.7411441789,233.6729734011,95.1275050410,160.4898254668
2018-01-15,126.7664638337,153.9114774614,33.5919076888,368.3707944635,42.0512256636,278.3750243394,96.5548093914,113.3276305713,99.3720126948,234.3544650194,97.5098454072,160.8214007396
2018-01-16,127.0808316661,159.6452342235,32.6860378631,379.2640914775,41.5123100762,282.1799304352,95.5442306393,113.9249606073,98.4030409857,234.5394412206,98.9027043225,161.6801549212
2018-01-17,127.9139266816,155.8897337616,32.4273259515,378.5357882399,41.6302400371,282.7570346199,97.8048318905,114.2362310688,96.0019873828,236.2977526091,99.1196950262,162.1329702995
2018-01-18,128.2302638639,154.3368185322,33.1677719219,379.1303539961,40.9068575579,288.6091044188,99.5915240282,113.2037001459,96.3021587861,238.4925838121,100.5171979024,165.2991825726
2018-01-19,131.2149928245,155.4274803859,32.0585123392,379.2551783276,41.2608705139,288.7150507529,99.1160520988,114.9973979455,96.4932071219,239.2786953191,100.1439126133,164.2976973136
2018-01-22,131.4089727006,151.6336325353,32.0225107230,381.7316889704,40.4415288447,293.0396273017,101.7073089889,117.9961823773,96.4970550665,239.2805548090,101.8157406584,165.0974982257
2018-01-23,129.4636814017,151.8309289808,31.9027016259,385.0631223113,40.7820233507,298.0980142192,99.6889614899,117.6434560282,97.8536171303,237.5269734890,104.3145835112,167.1342902618
2018-01-24,129.0526221377,151.7330407169,32.0222784966,387.6072829383,40.8222014175,295.2766219228,97.7586779813,118.4855655403,99.4422969428,241.1576097381,105.8141084330,160.4317178919
2018-01-25,127.3328365312,152.1203665604,32.1882305273,397.1304249075,41.0393063843,295.9493081973,97.6303036184,120.6854509348,101.3691541253,240.6848416662,104.5029337576,156.6529313799
2018-01-26,129.7013406186,151.0433773139,32.0644124624,390.7434073559,40.5286793736,297.5958816844,98.7086591130,120.8949443784,100.0512229112,240.6493830091,103.7625634023,147.8190727589
2018-01-29,129.6083765678,151.2375129091,32.2070015221,388.3365424676,40.2109832271,299.1331111636,99.8439684403,121.7540045201,101.0907191307,239.6910872249,104.6201818751,144.0628928197
2018-01-30,129.2315497251,149.9155507982,32.1784050507,373.7507348066,40.6084264492,301.7230311043,97.7351408270,121.9262588138,100.5969013675,240.3663101523,105.6557333795,141.5786008689
2018-01-31,129.7259132655,147.1418466786,31.5778021273,376.6148299316,40.2540655271,301.6053965931,98.2918282928,121.2435365531,102.2070119669,239.6099572696,104.3039491242,143.6720647710
2018-02-01,131.2464107285,146.0149726552,32.4934722180,381.5796737773,40.7729997924,299.0143227768,98.8808285573,119.5632657076,99.8990675759,241.6073275340,104.3243781107,149.4208068370
2018-02-02,130.3180823296,146.2721957633,32.4619077541,380.9460742780,41.1228394659,298.1318664133,99.1728573227,120.8850484193,100.2486725639,236.6768924807,102.7493389968,145.7931391214
2018-02-05,129.4569088302,148.8211510215,32.1518741371,379.5208639817,40.7167123419,289.4002869214,100.7621173299,118.7712735140,100.4487561901,232.5131005940,104.8468499423,148.2619400148
2018-02-06,131.5427888383,148.5886438671,31.6129906719,376.4669773356,41.1695318651,285.2497776608,103.9085272084,117.3520413333,101.4147765912,234.4561278792,104.4617238564,151.5260279671
2018-02-07,133.5405717391,150.6569292758,31.8876568634,386.8834208179,40.2997365561,285.4076441540,105.4101554162,117.8224707275,99.6035606180,235.9718283234,106.4026512449,155.8977075083
2018-02-08,131.2894447285,147.4259730199,32.7896332352,394.3086326297,40.6433250281,280.3501901561,104.3375642695,117.7950383306,102.4232366772,238.1173550782,105.4551199964,161.4515979843
2018-02-09,134.9660691289,146.2007021087,32.9638939812,401.6877483091,40.0861208488,276.9640114511,101.7059320624,117.3676479178,101.9422201440,240.2769743879,107.2222441320,164.1721735425
2018-02-12,134.5212265828,147.6833666428,32.8109972664,396.4714528567,40.9591438289,274.4593115040,97.0673068359,115.0501728343,102.2712509805,242.8054719672,106.1660887223,169.2255818778
2018-02-13,134.5649975869,149.2998492395,32.8397072613,393.9358615264,40.9596613978,277.2290568798,100.2329505751,113.2074262763,100.1000675070,245.8668257331,107.5353308660,170.1233955748
2018-02-14,132.5533459008,152.4338192740,33.0342395013,397.6681128169,40.6513952881,282.7821610958,100.6136683055,113.1301297541,99.6315298659,241.5171843690,110.9833367171,172.3316751744
2018-02-15,131.3864046246,151.6474582987,33.9128578979,398.2673433154,41.6793805120,281.5237584542,100.3755278701,112.0792367728,96.2536986541,241.8928866569,108.1177767158,173.7308884246
2018-02-16,133.9452538059,150.4424540807,33.7750936674,392.1825361669,40.3977617735,270.3425021515,97.9719387934,110.4999455536,95.2635509341,239.6429855640,107.5475461656,173.8731375689
2018-02-19,134.2789152739,152.5246642288,33.5468820204,394.1075112196,40.4304717375,272.7344298857,95.4253708344,107.7153382251,95.9051911215,236.6848143596,107.6682534847,174.0230144281
2018-02-20,132.3599956213,153.6778164894,34.0386368094,390.3818716977,40.1500606791,270.9794962567,96.0438460394,106.9802079726,96.5297578823,235.3397543725,107.1202804907,176.5447391075
2018-02-21,132.5148944309,153.1202566877,34.6805334437,383.7720301312,41.0649869112,264.5632525912,96.0309830495,105.2333429319,97.2139116837,229.6208490484,106.7005650914,168.8065841309
2018-02-22,131.8236733475,154.9779052409,34.6135332438,381.6274650740,40.3080005711,261.4763675025,93.7332574353,105.3344668894,97.8019797951,229.3530899826,106.8076939080,166.4266250219
2018-02-23,132.6589016791,157.8526091264,34.3291272943,389.0857692337,39.5239844727,261.2491057719,90.9765596874,104.8687839292,98.6191221728,227.5203579216,107.8236765082,159.7966033456
2018-02-26,130.1015209756,156.8849599428,34.5388130077,387.4648319238,39.0662334914,266.2664821221,88.6403321599,105.0520480611,98.7326484060,224.4256778112,111.4012229896,158.6424416928
2018-02-27,127.1705376170,158.6898604091,34.9117740079,401.3911120721,38.8484033300,271.5253873977,88.7919257848,105.9198268403,98.0418892730,224.3319861280,111.9426648493,158.3468637234
2018-02-28,128.3581773285,157.1453142356,35.2379406192,398.1849809144,39.1393874641,276.5664813754,90.6606518480,105.8020626919,96.8590495624,223.7025091067,113.0311993575,161.8152028517
2018-03-01,130.7206491659,158.9799216253,35.7173601614,401.4354787171,38.9517727761,275.9190516470,87.2389001945,106.2784695208,95.6874291010,224.4151111129,113.5725534920,155.8925662139
2018-03-02,129.8267549112,157.6826776393,35.3474564029,396.7395363732,39.4788585403,279.5714604764,86.4361967207,107.3410461604,97.2913042432,219.4844412094,114.6996889728,155.3504207781
2018-03-05,131.2072821007,156.3797116771,35.3792589717,397.8508586761,40.0173420661,286.7314169630,85.8889996131,107.3758317597,100.5687828924,218.6393781015,116.6963951607,150.2919409323
2018-03-06,130.5479084806,154.2051178081,36.3859463391,412.0414381771,39.9133264941,290.9376128470,84.9739578322,107.1543277683,100.2924529318,217.7239096822,118.1207547722,149.3847940867
2018-03-07,129.1518951970,155.7261040191,36.2066865555,417.6128411616,40.1079096437,291.5193015634,82.0066198258,105.6366999403,98.6186883406,215.6162960343,117.1955302731,149.6605042299
2018-03-08,128.5187244313,153.2273737978,36.5351530427,428.5933015943,39.9854933229,295.1944570425,81.2902102485,106.2409524623,98.5967129225,212.2803381016,114.2905481637,146.6850849980
2018-03-09,126.7819407905,153.9125777081,36.4566761427,403.8996184977,40.3869340116,293.3300952947,81.8345000948,105.7803945200,97.6253620200,209.3942485982,117.1028863499,149.8988446797
2018-03-12,124.6776726918,154.5555685412,35.7614125436,385.3342706063,41.4994904121,294.0601973865,83.0768755286,106.5381161500,97.0222184085,207.9297505910,117.3750674710,151.5535578070
2018-03-13,123.0846733383,157.8626105002,35.8659962845,389.2885829951,41.3858992780,284.6839865959,83.2382011913,104.2567231396,96.9955514800,206.7261567395,115.1431763186,156.2005791021
2018-03-14,125.3057949249,159.9205627719,36.1162479439,384.2501941472,40.9937475591,279.3799529241,83.6589717808,101.7612151292,96.6980637573,207.8065975438,113.3297462998,163.4896446030
2018-03-15,126.7187641741,158.2223105787,36.0694200572,383.0222057217,41.5794409848,281.7323796586,84.2276656898,102.6028833521,95.9145257637,210.2229968458,115.4630958440,160.7537760157
2018-03-16,125.3837757984,160.0425177383,35.1410271499,381.7556257432,41.7071753620,277.3232987247,83.6206283169,100.8255240361,95.8458896551,211.9772960284,116.6912018104,163.4246034288
2018-03-19,127.0949795110,152.1496285067,35.2284534581,387.7090955082,41.2826258020,270.2920298625,84.2738803874,101.6808136720,94.5315510629,208.7348418081,116.6758520031,165.3816525482
2018-03-20,124.0229924749,147.7283924791,36.3669288097,386.6783553672,42.4711941739,272.3475473380,83.8143270470,100.7589441474,94.7192407428,210.4243970720,115.6271642215,166.0709443406
2018-03-21,124.9051337771,146.4640175230,36.2498550001,393.7286652382,42.5951043535,278.5004725690,83.2130876772,100.0646097888,94.3832618857,213.6898920914,115.2707412341,160.1312713881
2018-03-22,124.8482196103,147.0113654388,36.1196373031,393.7585462088,42.7107993576,273.8339342190,83.9419358933,101.2127292934,93.7076453599,209.6410685376,116.3375355740,159.1631372031
2018-03-23,121.6758458271,148.5458764321,35.4535358494,396.0658168024,42.4239720043,273.5879884402,82.4399815629,101.4162623423,92.3621187902,212.5829457036,117.0504297069,163.8397315529
2018-03-26,124.5222388265,146.0962874268,35.2245528954,383.1453921723,42.1506352674,273.5539180113,83.1133496294,102.7984359876,89.9311016399,211.7552669305,115.6683844628,168.3736341731
2018-03-27,123.9284893996,145.3251422978,36.0408000670,389.8620761982,41.5491696924,273.8394422080,79.7483549137,102.2009463676,89.5078499656,207.9303564580,117.4207707589,176.6014637224
2018-03-28,121.6832778953,146.2703930894,36.2376857350,400.8024830373,41.6264093588,264.3397189313,77.8440823889,102.1547743015,89.0770297579,212.0402145673,116.4262068624,173.5806393914
2018-03-29,123.5201418956,149.0107935192,36.6894992322,401.5828468515,41.8902348664,257.2849056388,77.7336572802,101.0893894380,88.4148391419,212.2598587842,118.2815260706,169.6121396458
2018-03-30,121.8665973516,147.3406980698,36.3823591961,403.7535353324,42.5171001804,259.7698902365,75.3509368720,100.1316704620,89.3126720770,214.6209167125,114.9053943921,165.5473078790
2018-04-02,124.4125163998,148.5876601234,36.5084652550,391.8432704872,40.8422140854,256.0485680715,76.7865695953,100.1935959757,88.4837508131,210.0674331101,112.5293766198,165.9747337473
2018-04-03,122.1155560631,145.0292770389,36.6903307827,393.3383975002,40.1882111100,259.9964248051,76.2520584738,101.1199154315,88.3512834338,210.5129500357,114.4834813839,169.1932977636
2018-04-04,124.2396971323,142.2765342261,36.2746397375,387.2854038234,40.6697682644,261.4486558741,77.5930064462,101.7440643590,90.5143254452,206.2774677519,117.2640556281,166.0402090213
2018-04-05,122.8887144697,141.9174759923,36.7535224180,394.1892386646,40.8973423551,259.2718041930,78.9428354696,101.5483908224,91.6059525097,206.2305100924,116.2210096068,165.9225423429
2018-04-06,121.6103161585,143.2074039205,36.7270911775,381.5932636686,40.0236677176,262.3788140479,79.4097218103,99.9110057044,92.1380620461,205.9155981659,117.5677579031,164.9024009499
2018-04-09,126.3223512099,145.9689706330,37.1850070907,396.8120556857,38.8932907899,259.9963075874,79.8211009499,100.7146316357,93.1851093195,205.1640520593,117.6384244516,164.7478773298
2018-04-10,130.7509916058,145.5107190942,37.8311787233,401.1029830911,38.9205196567,254.1353819571,79.8266372532,100.2460172246,91.2189320948,207.1248697776,117.1705158114,156.9126435988
2018-04-11,132.3073189824,145.7881167998,37.4370436307,394.5014996660,39.6677730843,249.0937551039,82.2395137094,102.3668914255,92.3364739637,208.0953006318,119.8999151253,154.6793440735
2018-04-12,133.3576865021,144.8318529725,37.1548502931,393.6083360431,41.2209559614,244.6137234988,81.6195763422,102.8899670634,93.4939034399,206.0423859559,121.6347528836,153.2467702953
2018-04-13,133.2341559808,143.6941324241,37.4261354122,403.9038731878,40.3609000592,250.7069833292,82.0618599048,102.8251416376,94.1921476709,206.7939106195,122.5288718286,155.2475153147
2018-04-16,135.8431420754,142.9433054355,38.2280798165,412.7165919299,40.6131973324,247.7189977507,83.5490327040,101.1144502021,93.2627872207,206.6432993082,121.6009879298,153.1683431834
2018-04-17,135.6902386853,144.7545924177,38.2910637659,428.6173978568,40.3408899476,246.7837258294,83.3894018971,100.7735550361,93.6416080080,207.6145724061,122.4879426397,153.9754568406
2018-04-18,136.8486285567,143.9734255010,38.5249826338,434.6726135947,40.4956414108,248.2042567189,85.8612455980,102.9914989832,96.5938526447,208.4546809387,120.6662951026,155.3290852184
2018-04-19,137.4248488203,144.9739308885,37.9394341769,434.7619904345,41.2723189971,252.4036580582,84.5720789006,101.9691694998,99.3838757931,208.4747187594,118.9428764409,152.7641144031
2018-04-20,135.0816362259,147.2213269331,38.1792599004,430.1943959113,41.9062805354,251.3451673451,85.2135858255,101.6832715784,100.2104622378,209.5987944473,120.7005877828,149.1519778524
2018-04-23,135.2493479152,150.3750869309,38.5946853489,430.8120573941,42.6782812416,250.1660907114,84.7241189803,103.4820482816,100.7978527523,212.0146731922,126.1642755649,147.4379881310
2018-04-24,139.5123071857,148.9305673966,38.2837777527,446.8688766823,42.8322932730,255.0079411095,85.7081214516,103.7580293660,99.8337693873,207.7933054071,131.8001042291,142.5024701723
2018-04-25,140.2657098081,148.9558674459,37.9316950507,458.9374291372,44.1055967014,252.3841678106,87.2657182231,102.5882994877,100.8848048734,204.4046273282,129.3389061825,145.1497126056
2018-04-26,143.9586129979,150.0747636120,38.3989739756,455.9639744449,44.1969841369,253.9411444463,83.6994292900,102.3954603688,98.8034973488,203.5599755171,128.5377496273,144.3593550276
2018-04-27,147.7862860756,152.5043629373,38.6706312274,464.4936804474,44.7931424139,249.1124586195,83.3599060932,102.2372622711,100.1706149049,204.1595361390,129.7346818114,140.3649920350
2018-04-30,146.8609062685,150.5274947431,38.6604035186,480.1696657181,44.8724821671,250.2076919205,83.2463488361,101.5136858751,99.4964663650,203.5543276428,131.4111524890,142.8859344296
2018-05-01,147.1939138634,152.5942929030,38.6589230247,476.3599500433,44.5837632838,250.5132810319,82.8080857539,100.0507564206,98.8816659823,204.9986691973,132.0702178305,144.0391227411
2018-05-02,145.1156581514,151.9758150948,38.6634690792,463.0282162488,45.8110415302,242.9622488808,81.2955972736,99.1098804321,99.1296672932,207.8582964199,131.3708738629,147.7576407315
2018-05-03,145.8531227896,151.8526759739,39.2535166525,460.6720650925,45.6587538892,248.9778608864,81.7085751348,98.2155121094,96.5604619278,207.9281452529,133.1182694989,147.5107846782
2018-05-04,147.2149889012,151.2419375884,39.5848965320,465.8613323531,45.9491680078,249.7850900452,85.3871685636,99.4249494879,95.4913606550,213.1623026133,132.6835007668,147.4866887054
2018-05-07,148.8945650452,150.3504305940,39.3904807841,470.0693272203,45.6100652486,251.7789897748,85.2821330721,101.3740419970,96.7489006158,213.4346565979,133.5755602145,147.4866245142
2018-05-08,147.6562075219,148.0793311907,39.6773370798,466.9487263027,44.9848579216,256.5590618043,84.8809939996,100.4135368770,96.8951916014,214.0519682501,133.4966641188,144.4681319915
2018-05-09,149.8249430210,148.0595425071,39.9458562664,468.7595433386,45.6514075860,254.4932609946,83.5968660270,102.1737863729,97.1391857343,214.8956324693,137.7749222073,146.2285428013
2018-05-10,151.7436719710,147.6505996028,40.4108346593,476.1451675054,45.4591661670,251.0550270675,85.1121822473,103.0563756028,96.5029930943,214.7518662981,137.7911408505,145.5541962007
2018-05-11,155.3389988943,146.1671914328,40.6350387604,492.1516602997,44.7931970445,255.3227791580,85.7941971632,103.6383770845,95.6751686465,214.9377419771,137.7051154898,144.3859507664
2018-05-14,157.5474008609,146.3816774354,40.1362858427,478.9386066428,45.1424604483,256.0785128133,84.4072115373,102.9577146299,93.7601959895,212.6476884751,134.3667013932,148.7503674980
2018-05-15,158.4246687456,147.3195823759,40.2263762328,477.6331795777,46.0928206765,260.8813055672,84.9083689176,102.6644369849,93.8004893204,217.7487720763,130.9857538503,151.5487975162
2018-05-16,161.2779293011,147.4341935548,40.0582209589,494.2241853904,46.1578816634,266.3698689992,86.6258559933,104.1442506756,93.2520429597,218.1529145489,130.6946545548,144.7646822925
2018-05-17,160.6190105090,142.9779469023,40.2676410825,491.1331060304,45.3051046422,263.1140514627,88.5201204969,103.8231342428,95.8688887154,217.8818223562,133.8911912409,152.1397714983
2018-05-18,158.7462476278,143.3307526946,40.1388026547,474.1202245588,44.3931197249,258.5123294531,89.0993387683,103.9474005057,95.0699365246,216.0161387843,133.0601834590,147.3969222431
2018-05-21,162.1238990268,141.8364926369,40.2496331678,458.3538195555,43.5329339918,259.5049759830,87.0528775934,104.2928407710,94.0322990450,220.0931220118,136.7163222146,145.8321325423
2018-05-22,163.9785164709,142.1998844495,39.8272096663,461.1132027610,43.7482755816,256.0238225372,89.0851769024,101.8747439885,94.3846711295,221.2364973266,139.6538029673,143.6881903059
2018-05-23,164.8461375853,142.2087797698,39.6077143977,458.2490363158,43.6243777667,258.6383694478,90.2911607393,100.3970836181,92.8270284868,218.6479341211,138.0913409346,138.9180973930
2018-05-24,163.6462100522,142.0314392594,39.6545375532,446.2731874765,43.6045774712,258.7790091299,90.6688942804,102.3459385505,93.1343536955,220.3900093637,137.1085263826,138.2661376778
2018-05-25,163.7132077525,139.6127612798,39.9796288707,447.0275126074,44.2630583032,263.8973438288,92.0249344510,101.1992923931,95.0024140662,225.3934619410,137.7272982441,143.1935725270
2018-05-28,164.8489338982,139.3599161381,39.1630307575,460.4427469647,43.7421596755,261.4121346056,93.8318492008,98.4083213503,96.3104342690,223.3241154051,135.5314185744,142.0491863915
2018-05-29,163.4323298271,139.3768697279,39.4824524006,455.1252281841,44.2519757642,259.4431614729,95.3085674993,97.2824923926,95.4113827149,221.7108718968,135.6240882385,143.6288705413
2018-05-30,164.5507473918,139.0145690056,39.5506683105,471.7079963221,43.2091295410,255.4742526045,96.9449589555,97.1141384138,97.9034179942,224.6811504896,137.5144406568,142.0828996155
2018-05-31,162.1700921362,140.0129608863,39.5230205858,456.5229150406,43.0296427533,254.0055463307,97.2555460751,97.1210010587,98.3283797183,224.6536780061,137.5909433173,143.4698251953
2018-06-01,160.0456006627,138.4178333978,38.8394993463,465.9605483858,41.7690540761,251.3609955472,94.9676944137,95.5775844893,97.0543800978,224.6293065726,138.4450445265,145.5131577192
2018-06-04,162.3049762861,138.8520349999,38.8916537159,466.3724914948,42.3247598880,255.0237398610,94.1917484857,96.1892401836,97.4499576136,224.9183563886,139.7476166397,146.4689837525
2018-06-05,160.6573471201,139.9388149050,39.3834477699,478.7238850768,42.0862406364,259.4987129767,94.5919503464,96.0925904808,97.9114690218,220.1455111874,141.2935042406,141.8435307810
2018-06-06,161.8935585551,136.7547126451,38.9428717870,478.6579302297,42.0736401878,259.2337545348,94.0825970336,95.4522622189,95.6555739804,217.2094721147,143.8348745612,145.5167236764
2018-06-07,165.0496688638,137.4401053662,39.7907750245,470.7105722843,42.1927102917,260.1547068849,92.7645952919,96.9385855664,97.6086458269,222.1674116443,144.6037710935,142.6610559095
2018-06-08,164.7666045435,136.7211751667,39.7903031156,469.1784562264,42.4650992766,259.9540263889,93.5746029892,100.0783170965,99.7944748430,224.3599256047,145.0437143392,146.0471748181
2018-06-11,166.9219772533,136.9632399927,39.7801845930,470.1727274385,42.7258456577,264.3503626936,89.9063357865,101.7907330186,96.8195104981,225.6680754468,143.2233768882,143.1683588816
2018-06-12,167.0094115546,137.5721399342,40.1095853225,463.1400546061,42.6236760070,267.1813415728,91.3224437070,100.8185596080,99.6283478143,228.5279905188,141.7234650408,140.0510271476
2018-06-13,165.6188536684,138.5664251476,39.2384457705,477.9526352042,43.0953953543,269.8965111660,91.1593659796,98.9561275664,98.5426168601,228.0152856540,143.3371359300,142.3813976682
2018-06-14,167.1869710600,137.5388190894,40.4823387687,475.5465749410,43.1442787879,259.4187327967,91.4819763802,99.6100810174,99.7474815394,230.5679880537,142.7106530826,141.8394832137
2018-06-15,168.4787940151,137.2949290366,40.6207719376,483.6680201839,43.0495577877,250.8625612299,91.2084810159,101.1511274731,99.5554222248,226.9547508658,144.6580682225,138.7543613028
2018-06-18,170.4117814819,137.3635636858,40.6380167557,492.4967102834,42.9952474980,254.6576383233,90.0571299232,102.6608963001,100.7391710535,221.6550193387,141.7770932307,138.8452789098
2018-06-19,167.1890859386,137.3548347089,41.0185724271,485.0341616089,44.1516151709,254.2504231969,88.9926414947,101.5962393982,100.4608654433,219.7300398353,142.3435143594,136.7972357878
2018-06-20,169.7911059457,136.7463878283,41.1825127292,493.6443463879,44.3599553813,257.0933822864,90.3739237826,100.5582762498,100.2543913809,221.2225880961,140.0909447819,139.1400696485
2018-06-21,167.8471256293,135.2135607029,41.1222920734,521.1679769901,43.4451554370,262.9066237434,89.8857407927,102.6126788077,99.3525702026,219.9731658115,140.1622140645,143.8612529018
2018-06-22,168.5895589929,133.8567299695,40.9856219302,541.2109877571,42.6551506191,256.3662437113,91.0586128313,101.7593497412,99.5351644140,218.6940679094,143.2781071370,148.3023768335
2018-06-25,166.6553565589,133.7320649481,40.4577849833,537.9108605782,41.9848819904,250.4351522414,90.8518182432,100.3527007507,97.0362376366,218.7148449420,141.4738971163,146.4679895367
2018-06-26,164.1204839787,132.7707774348,40.6368586103,526.8686953401,42.7632693127,249.4570912516,89.1625615278,99.6515072473,99.0324891786,219.7197787986,143.9216606578,153.4894848438
2018-06-27,163.2744683586,132.4917078645,41.3387816204,527.3622781207,41.9165507048,245.5049203661,87.0513746443,98.9964490813,100.2832219380,218.9532592825,138.5069961601,153.8503125194
2018-06-28,162.6334921453,131.7670929480,41.3632490682,538.5007825467,43.2907984554,242.9763857638,86.5533296970,100.5938719722,100.0817846756,218.5802103730,136.0944693460,153.7248531187
2018-06-29,166.7793617131,131.1749520419,40.9645189625,550.4050168224,43.3568604109,237.8287529354,85.9187032404,103.1216952135,99.1419086360,219.8112194041,136.7121166093,147.2853400728
2018-07-02,165.7571795268,129.4652118114,40.9044041806,548.6310176518,41.1518253465,238.3672433969,86.9734725726,101.3662331380,98.4217098696,221.8665644918,138.1648024535,145.1634070107
2018-07-03,164.4367443694,125.2520785537,40.4878976496,537.0469733693,41.1400643705,237.5220657841,90.5045270753,102.2357715555,96.9213480366,224.9360530052,136.2582457090,143.2819370124
2018-07-04,162.5296968305,125.3207373127,40.1911209320,526.3526219930,41.3955804216,242.5889480953,92.3903793721,102.5996065044,98.2168505888,224.3250838216,137.2255163828,139.5986062066
2018-07-05,163.5824035037,128.3054141149,40.8036865424,521.4163915903,41.1675816847,247.0209724434,92.2719184146,104.1449643879,97.4462683478,226.7447354846,131.6332120545,143.2937024767
2018-07-06,162.5253370456,130.4266868313,40.7215326120,521.3632810171,41.5387507222,245.8760587017,94.9891833017,102.4255045881,97.5343886698,230.5945056613,132.9228817555,143.8532300249
2018-07-09,159.9479450422,130.0966383440,40.3694042524,499.7520202422,41.8391468687,244.8926357884,93.0536313259,103.2175481083,96.9352962178,231.0311074945,135.2265515741,144.4865094258
2018-07-10,162.1841245950,131.2982435304,40.8063661504,489.9449568352,42.8022910579,251.5765093534,93.6837370883,102.5136827150,96.9838843972,230.5588187404,134.9107971616,146.3747956667
2018-07-11,163.8313590214,132.0334544867,41.1324848163,503.5831131666,42.7177627103,250.1676344759,95.5553013909,102.4778979721,96.7641920018,229.5592845261,132.8345815426,150.8012337372
2018-07-12,162.5631023684,132.7653157329,40.6134849638,517.2976419625,44.4034999716,253.5872775051,93.8223323527,102.3967093346,95.7942529489,226.3275950395,131.7916555264,150.0080986885
2018-07-13,160.5097892932,131.7568958349,40.6693907580,508.5028276460,44.7292801755,265.5046439460,94.1432276954,101.0225276300,100.3237809445,229.4903596731,130.3559217205,149.9238158524
2018-07-16,160.0525399906,131.1590078752,40.0683108212,504.3611603586,44.2277071199,261.2826388182,94.0789476870,100.3818375918,98.9265709649,229.1920843876,134.1574246105,151.8237257865
2018-07-17,160.2352433096,131.4667359335,39.8893016987,501.0430323027,43.5041936631,258.2097704439,95.0376252118,102.8841969820,99.6217168773,232.5405487220,133.6884158999,154.2183138435
2018-07-18,157.1612228081,132.9802083769,39.9726431258,513.1006451748,44.2807250417,257.0461717001,95.5129420756,103.5591881973,99.9092990929,231.6495877064,131.5102920459,156.0773254638
2018-07-19,158.6727034505,133.3946847232,39.6792221375,495.2966437346,44.2652984108,256.3120568820,94.4445382763,105.2624181583,97.9076748450,228.6122765068,136.0332220797,159.1078177011
2018-07-20,157.7180690596,131.0356883260,40.1983732713,501.5262422329,43.4659310376,252.3854026701,93.6051038125,106.6001105887,99.0327039591,229.0490828947,136.2653523909,159.3796917823
2018-07-23,158.7009738386,128.2201633731,39.7116111513,490.0066356545,43.6754611204,255.8715722644,91.2903042637,104.6093973781,99.4929535035,226.1866919256,137.5702843168,159.0095538237
2018-07-24,158.2723024652,130.3883855862,39.5488579586,493.1071327000,42.7873159796,258.5416463297,93.5736653568,104.3785294787,99.4725870688,226.3142132554,135.4576857586,159.2757205402
2018-07-25,158.0943323461,130.6351038620,38.9997833751,472.8589131863,41.7777004554,259.6237116207,92.1659036669,106.2172998552,98.6347161072,228.3108586778,135.5205164329,158.4882110955
2018-07-26,154.8432377960,131.4189780175,38.2419075188,478.8300955463,41.3763417384,257.2959930405,90.3647720387,105.6592266265,95.3086838674,229.8008991028,135.0177958221,160.1227947371
2018-07-27,159.9819936818,130.5666692833,38.6413853644,485.1734466486,42.0633693266,255.3199345892,88.8255965605,103.0785222002,96.5735895822,228.7386314843,137.9360741801,162.8648306730
2018-07-30,161.9736437316,128.7053353818,38.1742826445,497.5781592459,42.4566129528,253.8137564875,88.1360671279,102.4488118354,95.9202277050,229.3462423159,135.1421368781,166.9706281199
2018-07-31,162.6959223441,124.4039251740,38.5261929344,496.2590820285,42.3613519205,250.0942198014,89.3349817492,103.5096897306,96.3366528167,227.3279204051,131.4067805105,168.2091009655
2018-08-01,165.9535450340,125.2331040344,38.0801426450,500.6874609412,42.4663617789,253.1715131656,87.4273511547,106.1657587773,97.2401369774,227.5670238483,129.5440868145,170.7461537866
2018-08-02,165.1362563849,125.9885934464,37.6919758236,507.9706487929,41.3150791761,260.2450602561,85.3441481759,104.5462982535,97.9431247374,225.4717877769,124.9953277336,170.7175842281
2018-08-03,166.1868384234,126.4889026535,37.5284083340,505.9566793318,40.8364681478,255.6803255302,83.9029925957,104.9842452087,96.0503043092,220.5038251401,125.0029938815,176.7140830853
2018-08-06,166.5227612137,127.6612733921,37.8927078023,514.3678076007,40.6981376982,253.9073550907,82.5974900028,104.4607939566,94.4625737647,219.2189959966,129.2054138884,174.4552128469
2018-08-07,164.2270097935,130.1987692125,38.2426420211,492.6173879065,40.9416499365,258.0671616441,83.6901854402,103.2637827717,94.1689971316,215.2887100296,129.8572101564,174.0615638283
2018-08-08,165.3353681029,132.3873424639,37.8986126531,503.1274894094,41.3838317663,264.1530969589,81.1191360781,101.6433274383,94.7149639990,214.4691104869,130.7081284117,173.4543579926
2018-08-09,162.9185534353,132.3483291601,37.8086758757,539.8086957168,42.3199363290,270.9899549147,81.1667689021,103.8296021202,94.2764026662,211.2806840061,129.1403019785,172.3002398069
2018-08-10,160.6629227017,131.0839197783,36.9230669006,547.2081469221,42.1237717867,268.2990521804,80.4044913966,105.8781002397,94.7802832860,209.9520210639,127.3565561570,163.9805349244
2018-08-13,159.0261279814,129.6573057082,37.1554943174,530.3433978232,42.2095829057,266.3508220283,76.8014352885,106.2876362349,95.2216640442,205.9424069906,125.9934542460,162.9034901914
2018-08-14,157.7025508867,126.8357212085,37.1065782288,526.1674576474,42.8921360395,268.2212128925,78.3376988222,107.4983526474,95.0860553021,205.7217096738,123.3684001514,161.0233969715
2018-08-15,157.1696062778,125.3306241855,37.1244624286,518.7373319801,43.0550208894,269.0671453437,78.2551866725,107.6635089950,97.1328049037,205.9357374752,123.2984893437,160.2258350233
2018-08-16,158.8241443304,127.8056137163,36.6344913112,514.0920419381,43.9815667299,263.5819453782,76.8464940616,108.5562229982,97.7598537230,206.2292211741,120.8309014313,161.2316269351
2018-08-17,158.8696791914,126.4053724625,37.2331189793,503.3870356423,44.8846451629,260.4702893701,76.5803209572,106.4370799873,97.8644124453,207.0081237109,120.8062962528,158.0739847199
2018-08-20,155.8623061381,125.6719924887,37.6022316806,500.5888649203,44.4683808907,257.0522194738,78.9351841921,107.1353501323,97.4611143268,209.7590208294,118.0394461466,161.2452075656
2018-08-21,158.5693177957,122.7215837666,37.4600282970,513.1820154325,45.0735395019,259.3699212541,78.6678894875,104.3528893731,99.4424339350,207.3544249889,117.9786085679,161.1780175119
2018-08-22,159.8740908577,120.9714414729,37.4785457727,515.0734777744,45.0101731783,255.0415565206,79.1473568172,105.6347699873,99.7527661370,207.4128250790,119.9369924257,160.0648407228
2018-08-23,158.8045361314,119.7839698860,37.9827206960,514.5418182453,45.2593364076,259.4348453552,77.7852358211,104.9740560484,99.8771846947,206.0912331671,119.6248679714,157.2937616506
2018-08-24,162.5506371107,120.1831188392,37.5412707735,512.8778695031,45.7339865268,259.4055833784,77.0690560760,102.8045864786,99.3937602354,207.3893214266,119.4013397545,157.4053675571
2018-08-27,162.5433346623,122.3467174059,38.5339268318,521.7534132574,46.0488031900,268.5089387594,77.5757509204,102.6035956845,101.2649874246,209.1828743244,119.5468951902,155.3153493181
2018-08-28,163.4832566407,125.9251152383,38.3302216269,515.1797148823,45.1058079117,265.4788871215,76.8484739889,101.7324079815,102.4294780898,207.4913614975,121.8970974635,157.5800652254
2018-08-29,164.2563459496,129.8226131063,38.7715320245,523.0672306364,46.6310764096,262.5018231216,75.8400629804,101.0085302935,100.4462727257,205.2608571615,119.9706612925,160.8623855839
2018-08-30,163.0909719409,129.9307689544,38.3778607321,515.4319304586,46.1748477538,257.0733625229,73.7792586852,101.4600597655,98.8812113334,205.4830919551,121.2048727143,161.9281716205
2018-08-31,164.0424810987,129.2148428325,37.7080226094,503.9454407812,46.2309359062,247.7043176017,72.2995743963,100.2732696164,98.3352873447,204.1739249181,125.3167924878,168.2209288407
2018-09-03,170.9929255669,130.7410156673,36.5737199871,508.6360303942,45.7037755285,246.4520785272,72.8887069315,100.3311244259,98.0604786566,203.7878164955,130.1214835795,166.6244675514
2018-09-04,168.8306677980,130.2915284573,36.4580425240,511.9728909943,45.1161428047,248.0458718709,72.4150218993,100.8310147752,97.4888735469,205.8938444038,129.3396240191,168.8789248854
2018-09-05,168.1510556220,130.1964954257,36.2523618851,505.7728997630,44.6782842583,246.5502874810,73.0035988662,102.9375411158,96.2356865742,202.7688585936,130.3400427618,168.6772513724
2018-09-06,167.6837801556,128.8207900056,36.0164410973,488.3251322406,44.4660378692,248.3979644205,73.3808399706,102.6190347405,98.3604214177,199.2118065696,127.9982406110,163.7058060437
2018-09-07,167.8935255887,127.5857166984,35.5521759707,486.6693576351,44.6536737545,240.1983995477,74.8110243526,104.3706628804,97.5844725504,204.1322484659,130.1354385120,168.2377790296
2018-09-10,165.9752037764,129.9967993737,35.5894792021,497.8600486561,46.9369093383,240.7027906320,76.1468304577,101.7895088584,99.5988335485,202.1732227241,131.6235187534,161.3904440484
2018-09-11,161.3079020405,132.0897531783,36.2086699140,499.3093168634,47.3676270704,234.5514058860,77.5589552200,98.8409078395,100.1675687139,200.8083095761,129.7180455283,157.9097472452
2018-09-12,163.5917804570,134.1687106038,35.9761185596,494.7886690432,47.4133503574,241.2062186821,77.6516016282,100.4356488583,99.7715282412,202.3976941215,129.8445281215,158.2168984683
2018-09-13,160.5749482579,133.4361961021,36.2366576966,482.0539587774,47.2231584882,236.0918703755,76.9506233502,100.7438856851,97.1296974143,202.1863339517,129.9874902784,154.8841241546
2018-09-14,159.4939325157,135.4269183637,36.0722112061,476.2828569152,47.4717740340,233.9764606903,77.0114857836,99.7812102723,96.5807581455,206.5822537573,131.6279198379,153.5905056989
2018-09-17,163.3199582531,133.9423636352,36.2336119025,475.0034736262,48.0702893796,238.4157738915,77.2255220898,98.4155923226,95.2599857284,209.0760689629,136.2328747297,152.1781380919
2018-09-18,164.9990640779,131.5652174621,36.1630319609,453.4494050718,48.2756807457,242.6174751939,76.9813048265,97.6360693129,93.1014420248,211.6224476951,137.2376334235,157.2241161984
2018-09-19,166.0482232688,133.7134783734,36.7152956913,470.1331509260,48.7914098832,240.5224635558,77.1440370456,99.2363531372,91.9209664926,209.3257556346,135.9465922016,155.5892746098
2018-09-20,165.7670625056,138.8801166609,36.8461394114,469.8265331624,49.2450890569,240.5762647841,75.5214810337,98.6667608139,92.1548653910,207.9709773685,134.4721223387,161.7719490900
2018-09-21,168.8474163086,140.8294690262,36.5698781048,463.8107841964,49.6793837950,239.2484756716,76.1235147356,100.3185283569,91.3104446977,206.2848401778,134.8999253775,165.6988688865
2018-09-24,167.9176420154,138.5482946727,36.4262656403,481.3883565179,49.7069985903,233.0025180268,76.8591387767,101.8158376929,90.1942482532,203.1033602232,135.3772796387,158.8208811963
2018-09-25,164.9214851895,136.5254947748,36.3911410895,500.4004706471,50.0360416224,236.3784174352,77.3690718763,103.9655011280,91.3743576565,203.8487845718,138.3050266747,155.8662413966
2018-09-26,166.3331823601,136.1390521019,36.5345972437,507.2774150554,50.7124395236,236.0404942676,77.7237217613,102.3372045875,92.9113859284,204.4151676125,144.0142034969,154.6179590405
2018-09-27,167.3141623271,137.6949641096,35.9250902567,523.1337090831,50.2495560657,241.7922079405,77.7085786451,105.9094026320,93.2206214375,206.1182684694,144.6333910749,148.8321291635
2018-09-28,168.0663514997,136.4862372934,36.1487645461,538.4482088415,50.8045357874,240.0927557677,79.5661226518,105.3247367247,91.9643169736,205.9014615749,143.6144792976,147.5521337642
2018-10-01,167.4695633364,135.7530663433,36.4241318131,531.0928803069,49.9330421528,235.7873995443,78.6619664703,104.2222988462,92.3106434589,206.9358568801,143.3754312879,147.0809338705
2018-10-02,167.1015417434,134.9858570298,36.5286763347,522.5916803320,49.4113933305,234.0023213851,79.0699054931,106.8854297462,92.6649585050,208.6259224817,147.4366306308,151.1726175709
2018-10-03,168.4436815075,134.6333178577,35.5725530619,507.4323111300,51.2352626547,235.4536385641,78.6874734916,106.3844939838,90.3733940091,208.9204723901,146.8815406481,147.3010926185
2018-10-04,168.5162077370,136.9265748077,35.6900544546,495.9939304015,51.4457963391,235.4212957662,77.9919797511,107.1578440541,90.8699665590,210.6589118516,151.5007648553,149.5549863023
2018-10-05,170.4584391213,139.7047288952,35.5728148354,498.3909759647,51.4949169992,237.8018928791,76.8118360564,106.3037159087,92.6010424710,210.0140244311,153.0426196136,146.5649613710
2018-10-08,171.2702479586,136.6563545624,35.9501733355,478.7832007382,50.1724611500,234.0033364708,73.7058549791,108.3132461854,90.4578078830,207.6282299796,151.7806988559,143.5773728399
2018-10-09,170.2873403876,140.9042964517,35.5494237731,486.9723826106,49.2909711217,235.8167696888,71.2730653494,106.0878893927,89.2524320557,204.3714798935,151.7726234089,141.9467678065
2018-10-10,167.5246258399,143.7577553070,35.4608822865,463.5422622551,49.3298756655,236.0477354837,70.5962652143,109.8909514807,87.5700507535,204.3244736026,154.9042240172,139.1389238677
2018-10-11,168.6145277594,140.8165876850,35.4054524558,460.5516085105,50.8122432294,235.2867464841,71.3982869950,109.8484048344,88.3740950762,206.5154430395,153.6301624096,137.2031418291
2018-10-12,166.5691861322,139.2069840921,36.1016125320,459.3835186062,50.6105607636,234.1560301416,72.0566054815,109.9678380597,88.1695065719,204.8682917914,152.0795125762,131.0283296926
2018-10-15,162.1256865549,140.3304966858,36.7297773064,450.8045635524,50.3890210194,235.7520279384,72.8308781081,109.5109821234,87.5172837453,202.6574914835,148.4917692154,133.3857792559
2018-10-16,162.4239154203,139.5302184180,36.9658652237,457.5957679974,49.6613198884,230.7748655631,75.0099555018,108.2063995113,87.6605443377,200.9631218354,147.6449594894,134.7440232025
2018-10-17,161.1174705204,138.6103383693,37.0086175650,441.5657317845,49.6003501944,230.7751128513,74.7597850301,105.0862383909,87.3394801395,196.8005269540,146.7321738580,133.3476379769
2018-10-18,160.3728133247,135.9252271231,36.7302460534,447.8694202447,49.7562191817,232.2105254678,76.3077854684,105.6760191244,88.4626251162,195.7787099582,148.3936622185,130.7167114384
2018-10-19,160.8523109163,134.2900935206,36.5604136494,440.0122472476,49.4507884194,228.2052295778,75.4327861591,104.5368492658,87.3729680400,194.8686608036,150.0857339750,131.7169075318
2018-10-22,161.4884957795,134.4975765436,36.5264034491,432.2682800516,49.7038950972,230.3606307463,76.5039314053,105.6315703743,87.0231418381,192.6617043051,149.8002891043,127.3483511455
2018-10-23,158.4229029804,132.8889712287,36.4158576223,424.8466283317,48.7170344022,225.2864743147,74.7953048869,105.8396844871,86.3896473348,192.0368851462,146.6123983413,127.1592298977
2018-10-24,157.3366295950,133.0652210106,36.7101826313,434.3331867701,46.8090579167,223.8411232176,76.3855479211,104.4379223011,87.4749237845,194.9632900064,148.1166263366,123.4077833328
2018-10-25,159.4978685391,133.0719137373,36.6647396622,453.2806689017,47.0274458242,221.6666422513,75.7703811659,103.1527587716,85.3912018840,193.1843423451,149.7389713302,119.6580701373
2018-10-26,162.6817012700,130.0816043591,36.4713938371,445.9782579877,46.9069409846,219.0477604061,76.5349531973,103.7387790496,86.3936490082,192.2992994791,150.5453517251,118.8190617796
2018-10-29,159.2283674797,129.9274597577,37.0494048720,439.9834673666,46.8152677769,220.9899286869,76.2880940859,104.9677588009,87.3595082816,197.5636177960,144.9932144799,113.5569472251
2018-10-30,157.1685103637,127.0011226980,36.9932541131,447.4794018219,46.7231374923,220.0131362116,77.6820944199,105.4393640071,88.6754605904,200.6192980665,145.1262388576,114.8269070190
2018-10-31,160.3185477722,127.5993105750,36.8543659602,437.1291796409,46.3819878945,216.8465779912,77.4208837505,104.8511899684,87.5867035569,201.6321282948,145.0003367054,114.9545954324
2018-11-01,164.0047938440,125.9498754165,36.1114799517,445.5514366996,46.6457423757,221.8563238716,77.7391014354,105.8848157635,87.1246300626,201.5157970668,144.3117045266,113.0993412461
2018-11-02,162.9071486422,122.0062676628,36.1212439407,439.5132813354,46.0647110104,221.1976984118,80.1710363415,105.1955055268,85.2997901637,200.1298659435,145.5573303839,112.0769565259
2018-11-05,155.4933497746,124.0834001729,36.2384630344,442.4248900502,46.0519932813,219.3392864148,80.8343372917,104.0231890475,87.6419297783,201.7366567655,146.8503393087,111.9622675386
2018-11-06,151.6552227297,125.3427361127,36.7628499571,437.7026164084,46.5991311686,216.2459554957,78.8890479166,103.7869934630,87.3449857207,199.0746928783,143.9637689981,113.7895474261
2018-11-07,153.0015123760,123.8172724054,37.1823533649,453.9268772568,46.5551610843,218.4175360238,81.3073876375,103.0418482933,86.3019337144,201.0114456671,144.1019474213,112.8208123666
2018-11-08,153.9997679887,128.5461370399,37.4117973912,443.3793540463,45.5084404768,215.8104811446,81.1965501580,104.2347956715,86.1026499405,203.7888957294,142.9908746864,113.2341770303
2018-11-09,153.8521273089,129.4700902019,36.9468424611,445.9023378643,45.5497569181,213.0505970539,81.2477579719,105.7611347392,84.9076310926,203.7309508593,146.8024923436,113.2620496915
2018-11-12,152.9292321613,128.7539116405,36.5519716602,447.7968985947,46.2655745634,215.3779248694,81.4683619920,106.0925460833,83.6322433190,200.5695716705,148.0016516930,113.1357148146
2018-11-13,154.8974245248,130.3883964332,36.2058030102,455.7783073432,46.0912594479,215.0671264093,80.0293396692,103.2188322419,82.4835008821,201.6549294813,148.4919254566,110.9562567684
2018-11-14,153.3078723986,130.8590879232,35.9160717592,448.8344079400,44.8552020524,209.0175852067,78.6436067919,102.0200296513,83.2550495195,200.6346292227,148.9274921109,111.9172836575
2018-11-15,150.8679530356,127.4891381722,35.9296025775,458.4510515674,45.4602807038,214.6873381353,79.7044619063,99.4924687171,85.3452290525,200.6418599192,149.8135293667,112.7693593662
2018-11-16,153.1092302566,126.4598097508,36.0277219926,465.7681735165,45.5654736892,217.7266971558,78.8163097324,99.1462295557,85.9738973178,199.1083640572,150.2988195420,110.1186654948
2018-11-19,151.5744779689,126.8429085459,36.1823823163,488.0359005675,45.9743856853,218.3980763271,79.7041475614,98.9733258162,86.8799701401,199.4626080943,147.9382843549,114.4174135126
2018-11-20,154.9927203878,126.7653505994,35.7503833075,487.8423784354,45.8173246746,219.6910519589,75.5474850018,100.3344582067,87.6962177576,200.5233116853,151.6805109466,111.9945710711
2018-11-21,151.6273428476,128.5050872571,35.4994760560,496.1975530497,47.0313001370,219.9002522344,75.5151907914,101.2185893503,87.5785311474,196.9969207629,155.0866770300,109.3641873216
2018-11-22,150.7673767931,128.1521926876,35.3528678857,518.0587194436,47.5204414714,220.4277538761,78.3130918280,101.7401026101,86.7985463893,201.6191687374,155.1076279884,107.9518255634
2018-11-23,151.5321917526,127.0385534513,34.5990907851,498.7533736865,46.4966165289,226.9988022733,79.9417163386,100.5744920006,86.0794919041,197.9687256398,154.1395859794,106.8545551576
2018-11-26,151.1820298741,127.8988010059,34.0275628531,503.2801439147,46.6052354503,231.2141284812,79.5825357417,98.2745047743,86.4496970338,200.5641138682,154.6242941875,109.1948575507
2018-11-27,151.2463575923,126.0003807174,34.2980678373,495.5757296055,46.0225084695,226.9526375241,77.4174012585,99.7440689783,85.0735456680,200.5772049894,150.8583316118,111.1916667292
2018-11-28,153.4870686853,125.7671095327,33.8262906042,487.7313578632,46.5585575113,235.2206735576,78.5277870196,98.9467872250,87.0126846713,201.8046994331,150.5182690950,110.3347772411
2018-11-29,152.8330887701,125.4238565588,33.7866685747,493.0646845176,45.6900027899,233.5377906846,79.4151340042,99.5085929013,88.1461467230,204.7240308668,147.7373835054,113.2598333997
2018-11-30,153.3669795603,127.8243725749,33.9562349082,482.2826746437,46.9704258915,236.8101904235,79.0481855555,100.7750746868,87.5725232786,205.1777665232,149.4223959381,109.2081695554
2018-12-03,154.5469263706,125.3830307665,33.8832787328,486.3057081454,48.1300948721,238.5173091250,79.8889137864,101.9207613465,86.0756162707,203.7232887117,151.9142607752,110.5579324861
2018-12-04,154.3751132431,127.0503225198,34.4174279292,496.6474900089,48.2872220116,237.9075533668,81.1763647396,101.8189865996,86.9343849839,203.8355909981,150.9358116604,107.7764086834
2018-12-05,153.9801396828,129.8910580620,34.3533555833,491.8409439575,48.0356074219,236.3887907779,82.0967943236,103.6235803737,86.6796468049,201.1468059763,151.6856825406,108.2294072644
2018-12-06,155.9077972796,128.4788497525,33.8110400191,503.6526965714,46.7061618458,233.0701236816,82.8499894616,100.7637732406,86.5600593003,204.4638478839,150.4898614050,107.4928587195
2018-12-07,156.9956709663,127.0025989107,33.7779891039,503.5722044945,46.0122459955,229.9032626008,84.1034649580,102.8642642687,86.3152582345,203.2626849133,150.6174882176,105.3888324044
2018-12-10,154.5759551961,126.7533242085,34.5531077102,504.1283991786,45.9449984406,222.6538770644,85.8215906357,103.5739403032,87.2261137121,204.1025903277,149.8099033636,110.1408903783
2018-12-11,156.4268376081,127.9399294823,34.4000613072,511.0289271588,44.8582171849,226.8167075471,85.8835024188,101.8396627028,88.4703358647,201.9760945013,149.8545339524,106.5469061571
2018-12-12,156.3972476248,129.3733654874,35.1231585172,497.6755160535,44.3043053606,223.8386408000,86.8432898292,104.1784436059,88.8366546293,200.9233534204,154.0335907651,101.8614058493
2018-12-13,157.3417201729,127.7356581792,36.0038500712,484.4253434722,45.4048038986,225.4818161492,86.3271895021,104.5469372578,87.2678854083,202.3578128851,151.1773158923,100.2772960741
2018-12-14,154.7033223247,126.2747793847,35.6633493566,489.2266851901,43.7525468561,229.7738272191,84.5685325005,106.1927555140,88.4766805539,203.5031965781,151.3415570591,100.7725910155
2018-12-17,154.2378639532,129.3309533975,35.2203592497,489.6412870842,43.5403635808,230.9893132944,83.7012245030,107.5094170338,88.9444615612,204.3112998568,155.6368579918,101.0222766865
2018-12-18,151.5589405671,127.4070489124,34.3121107422,484.1342110414,43.4345695908,227.7034866353,84.4658874170,106.4732440366,89.0274806536,199.2267482751,151.3619982845,99.7736042044
2018-12-19,151.6086396353,126.6646723484,34.5501019935,487.5223385814,43.3427817529,233.3079496559,85.5185678485,107.3832439446,89.1357909362,196.9762995589,147.8004746268,100.4444883093
2018-12-20,150.9162306634,128.0732365665,34.8641264363,510.8834907591,43.2520531941,230.9827170226,88.9804421523,108.6225443109,90.0498890356,197.7562035454,149.2913838877,101.2261683267
2018-12-21,153.4381367478,125.3640382837,34.1847416334,507.3727924699,43.9563300169,233.7231048756,86.7926432183,110.1018690053,89.2932310589,198.2805460861,144.2855612851,102.0912379907
2018-12-24,153.5677461894,125.3618285862,34.9133675481,514.0345986048,44.0660444064,238.1476473899,89.0383548135,109.3591979203,87.0441483707,202.9125640162,141.1214521266,101.7921539134
2018-12-25,150.9804502128,125.6128911245,34.6663471852,501.9267362505,44.8319258099,239.1475436610,87.7456249750,107.6854042439,87.6537878786,202.0743924781,136.9873517925,99.2860600609
2018-12-26,149.2029008088,126.5614374720,34.5726328044,496.1041320739,44.9592567758,246.0715755473,88.4899263401,106.3994630150,85.2690661853,201.2115185609,137.6201986102,95.8830568278
2018-12-27,144.3834659105,127.8857355495,34.7757755532,485.3537911798,43.6684298665,245.2247248985,87.2675820911,106.4721837763,84.2893172011,201.6922454300,138.5021292956,94.5971283492
2018-12-28,145.3312717715,127.7251840573,35.3239860597,487.8514156023,43.2165863841,252.7680447625,85.7192411692,104.3987415055,86.1043524071,202.6339153673,139.0250267253,94.2254961540
2018-12-31,149.2267236048,127.2150161719,35.1044501990,484.8498324722,43.5414798523,247.1738707899,83.1286709785,103.6095364467,85.9143567044,200.3557427935,144.8874521029,92.0408014778
2019-01-01,150.7696604704,126.8284412222,35.5032002512,495.0289683565,43.5919818911,248.4608135147,81.8067785353,104.9151785778,85.4922150120,198.0854237886,141.0787783499,94.3159128572
2019-01-02,149.0276675607,125.9990096720,35.7076493096,503.2959851249,43.3230994556,253.2524186335,81.5527547622,104.2034433237,86.3408693297,196.6461864176,140.6451759617,92.1380453406
2019-01-03,145.3355758781,126.9546333882,35.8389985513,525.7071587908,43.6307885105,256.6084932528,82.2312603459,105.1462946109,87.5425682465,194.8160352491,145.4419796675,91.5052836621
2019-01-04,150.8870289521,125.9769272269,35.3027318850,517.4783024991,43.7214098875,250.5862568354,83.0790218557,106.7839881148,86.3627105390,194.3135632770,144.0488742119,95.2881249635
2019-01-07,151.7958729009,128.7929422089,35.5571179145,513.5972314271,43.4983079380,246.8422016856,84.5244545968,105.8106420911,86.9929601231,194.7311457741,142.2395069209,96.3954979862
2019-01-08,153.3392021910,129.1061541513,35.7357537973,493.1491455392,44.1429354967,242.8977680009,83.7490049509,107.5372467166,86.0388672069,195.1305822161,142.2754055176,92.4049786292
2019-01-09,155.8157256129,127.6296180353,35.6247745696,495.2895284676,45.3532850551,243.5596053931,79.9951023772,106.2723493639,85.9616157855,197.9659928220,142.4140098381,92.3322426021
2019-01-10,157.4941313525,124.8736260525,35.7851557113,501.5081201109,45.0874869141,245.5890394127,78.7612833968,104.9341491118,85.5980177395,198.1821555767,143.0783739287,93.5629386419
2019-01-11,154.7496196716,121.0851134970,36.0820959215,497.3030843274,44.3840436331,238.7221913010,77.0178828033,102.3851761534,86.2199969940,198.8771279327,144.2769395534,93.5762147723
2019-01-14,156.5025605040,120.2895473204,36.3959525715,500.2452221032,44.1579813741,236.2371886504,75.3877512121,99.9003151247,86.4382361990,197.6405423855,148.0600760911,93.3756250848
2019-01-15,154.2840908794,121.8005380630,36.8867064456,505.3492479577,43.7660275301,241.1539911263,76.5641198279,100.3367790857,88.3268173887,195.9438747093,151.8117712093,95.8049116483
2019-01-16,157.1317196564,123.1109669828,36.1023253330,494.5649121126,44.5775598716,239.8432339051,76.1735575890,101.4666178660,88.8400497826,194.8050552414,158.8590399925,96.2592142284
2019-01-17,154.7326986352,122.1352575418,35.8716773379,473.8708496307,45.6172531408,236.8351699727,75.3687378700,101.6482318400,89.8351201429,194.0510644217,155.8463465186,92.3523175926
2019-01-18,150.3211446891,123.8880994405,35.9881476330,472.2559284449,44.1476443694,234.6185880644,77.7061176240,100.5983336291,87.1648684582,195.9544126348,154.1971827594,93.1879598205
2019-01-21,150.4828965923,125.4949867399,37.1765834260,459.9844569912,43.8131418738,227.1687933890,79.1714333690,99.3237466547,86.3304002065,194.4429023102,153.0486806890,93.5585970323
2019-01-22,151.0633622859,125.0046352286,37.3172809814,456.1614517781,43.0347617094,230.5832047587,76.2013019976,100.2824453203,87.7297775952,197.8419278837,152.9040042241,92.2140791781
2019-01-23,151.6747800495,125.9677477599,37.8582328734,462.6463136802,43.1381883016,233.5190045794,77.0039412018,100.1619233775,87.3175749754,197.3326451599,153.1965494746,89.2747319176
2019-01-24,152.8300763855,123.3402142709,38.2529006206,473.8605448925,43.2380020321,233.6288409322,76.0321506042,97.5142978424,86.7990603845,198.2225251648,155.9494675852,88.7514528226
2019-01-25,151.0373091768,122.3810175096,37.8020860141,462.5431035431,43.0807116551,230.2573834580,75.5556532635,99.8917728929,89.7859439774,200.7695144005,157.1417392794,88.8153317956
2019-01-28,150.5519042651,121.9437414995,37.6025480871,458.3844252925,42.9842022794,232.8234260594,73.2415977685,98.1369605484,90.8207492775,199.0376621994,155.0268708532,88.8312305212
2019-01-29,151.4935900475,121.1015787748,37.5478753264,467.8089268720,41.5503924022,232.3234598229,72.7487569586,96.1072292045,90.7673119371,200.6432619951,155.1844552417,86.5595504352
2019-01-30,149.6494392200,122.8504282861,37.9423322449,485.5220948863,40.6585119161,235.9521423247,71.5859217686,95.4872738726,89.7224858590,200.6789736046,155.0986428414,88.4373139494
2019-01-31,148.8202758886,122.1532414932,38.0713807839,493.4104072109,40.9124866628,239.0427888452,72.5054066931,97.3452553417,89.4601173754,201.4194725117,153.4471072873,88.7882581780
2019-02-01,145.2106370876,119.9340363555,38.9809354178,507.3466957805,40.7562983010,242.1852011901,73.1319874226,97.2152196697,88.9989529461,201.1485661571,150.6454626700,89.1910742615
2019-02-04,143.4272611843,117.6748639637,38.0099804489,501.1636911555,41.9246598724,243.3856741128,73.6739360777,98.1230956064,87.5037750038,200.1682290879,152.6996839992,86.3241186242
2019-02-05,144.5322446841,119.7015631545,37.9192626347,486.6420612108,41.7422658641,243.6395117324,74.7282515907,98.3520929078,86.1545595331,203.2119508087,156.6929201109,86.9256447877
2019-02-06,144.0253359703,119.4954836910,38.8415194435,492.2824877916,42.2139528103,251.9718740608,76.1485003060,95.5447098687,85.4918273005,201.4081316872,155.4149792167,88.2755855689
2019-02-07,143.7854547631,122.3714468012,39.4884845563,479.4827641661,42.0114926628,246.5557288454,75.9220933547,95.1029029725,84.9882322977,202.5524804261,153.6351199210,88.4277457879
2019-02-08,142.0514473978,119.8946351585,38.8247639384,482.0692109969,42.4914029138,244.1660988256,77.4086389427,93.1903337828,83.5402417409,199.7281953722,150.0860721225,88.0287651016
2019-02-11,144.1750223889,120.9288942360,38.3090563129,466.2240577068,43.0962615500,252.1108896774,77.4240462540,95.3231381471,84.5836830739,200.2023680820,152.3139490758,90.1473355275
2019-02-12,144.4076817536,119.5299571530,37.8332116985,473.3511636946,43.0730949824,250.8038572027,75.9907754408,96.1115422091,86.1489859463,202.4978420340,152.9555077935,89.9006589858
2019-02-13,146.1828435192,120.9475880911,36.9509474291,502.0568703457,41.9278376575,246.5736881080,78.2521187737,94.6988961380,86.4887467740,204.6775425370,154.7206277567,88.6305751066
2019-02-14,149.9156423452,120.7491309378,36.3935414738,495.3694064581,41.3248595850,246.1321895707,78.7821206981,94.0938289684,86.4621313737,204.9814250782,153.6169845753,91.6361700488
2019-02-15,149.5828703876,119.8492680503,36.4345413175,490.7957781508,41.0712089731,253.6328134539,79.9030696659,94.7817874949,86.4679265630,204.8649267169,154.2117349291,88.3533742380
2019-02-18,147.8031892475,122.4650265220,36.3380480914,498.0299788360,40.6628607983,254.6548285313,79.2894536791,96.8248647753,85.0756845603,206.9018483998,157.4838699362,86.7989054344
2019-02-19,144.3418003354,125.5531869841,36.5415867928,488.8070664814,39.4642506252,255.3345050477,77.6045815110,96.8947025327,84.1760555167,208.3617088640,158.5097006573,89.1117368190
2019-02-20,144.0530606577,125.0438290664,37.1239232068,486.1753813103,38.4049304644,252.2719212254,75.7122370875,95.9802088796,82.7696666009,204.2876137362,157.6102163470,90.7630397938
2019-02-21,145.1827432150,124.4662657828,37.0679723034,489.0934783004,39.0118433340,247.0061945091,76.4715241015,93.8170663892,84.0722796404,203.7229728914,162.4159854529,87.1401718155
2019-02-22,145.2911763147,126.8142717161,36.9503031624,472.5112856300,39.7348025115,242.1904567467,77.6543782242,93.3783445275,84.2459936018,206.5355032415,162.7766477071,87.7157695198
2019-02-25,144.5082633026,133.1145850517,37.1588671505,482.5688141588,39.0489434585,244.8078331792,76.0783965634,91.0205682077,83.4555010056,204.8749157260,165.4014098381,88.4005359393
2019-02-26,145.8958379275,133.2647240089,38.0193560299,484.3237631118,39.6059791588,241.6361535942,75.1528990617,90.3163645599,82.2824387097,207.7311823851,167.3768498030,88.4399324630
2019-02-27,148.4671899701,133.2401918046,38.0216358928,494.9841912826,39.9644055753,248.2957895998,74.7673190432,89.6994154702,81.9098155794,210.3782329858,163.9065538760,87.9778097282
2019-02-28,146.2982360914,135.5578448794,37.4292001642,498.5744142456,39.4896741115,248.3096079141,74.8175640891,90.3054763371,82.0930415836,213.2405834265,162.5169620804,88.1236822879
2019-03-01,146.4823627540,139.9200763601,37.8917994376,506.1218197101,38.6685647135,244.5506866472,73.5067820483,89.9200629458,82.5873959371,208.4488356001,168.0531321552,91.6771201092
2019-03-04,143.4218638598,138.2269535183,37.2790425930,490.5350051468,39.1291171187,245.3453863953,73.2467514353,91.4807856652,82.2477034597,208.7119409908,164.3934915907,93.0919420326
2019-03-05,142.8842945163,138.3034099441,36.9015709377,487.8970589107,39.1023454654,239.8074138349,73.2487895803,92.4985933542,83.2106006242,210.8682262717,164.1196543195,90.6587471942
2019-03-06,140.5042692773,137.7557330314,36.5615373675,498.0853048715,38.7972559880,235.2690804112,74.2214374021,92.9585051469,84.5256604525,209.7644074869,166.2735154706,90.4984019865
2019-03-07,145.7353609884,138.4013246634,36.3166857588,490.6487057410,39.2021020374,240.4423234800,76.3469913926,93.8660898236,84.6648235815,210.9884473721,165.1972603238,92.1199903392
2019-03-08,146.0504485197,135.9390635624,36.9097875998,475.8810353967,38.7426936797,244.8139936169,77.1481820870,93.4493613493,83.7056492877,214.8058016633,162.6593310052,94.8419233846
2019-03-11,144.6782361743,133.9191759320,36.0353749761,463.9992213801,37.7092562534,249.6749898004,74.5056005191,92.7878949261,84.9525879537,213.6935309674,161.7611962362,95.8029125616
2019-03-12,145.0664413629,131.8373952022,36.1766667847,472.5470038988,37.8860055613,252.2570908932,74.3139012747,91.8896211151,84.9480674821,211.9634537737,159.0262720996,95.7939203505
2019-03-13,145.1473275204,128.0445712503,36.4195767390,482.0401300421,37.8451203750,255.7705645750,75.7915288097,93.6514337190,84.9771672155,211.4316466849,156.3989050440,97.4347194773
2019-03-14,146.9513510818,127.9051920875,36.8069818099,487.0076303695,38.5910609943,259.8687985214,72.0288694432,93.5371060946,86.0379821530,211.3443187919,157.4809463695,95.4946529853
2019-03-15,146.2624568930,129.1676819608,37.6286017088,492.1369098651,37.4048649806,255.3187605592,73.7746431189,92.9777427139,86.8407698898,211.2966463441,156.3934964551,98.1547639581
2019-03-18,146.5546897591,126.2163000697,38.0148639031,482.6769094340,37.5294039793,244.7665780055,73.4875556807,91.0965043634,86.2151616731,213.7113540077,156.9338926280,96.9364246091
2019-03-19,148.3649327041,126.7565706402,37.9393532376,493.0143580413,37.1505274844,241.7490454050,73.3790326966,89.3306104277,87.1359445052,217.7419624577,159.3861962895,97.6019378236
2019-03-20,147.7975049240,127.7952942734,37.7180534612,500.6059058774,37.1306080471,247.7630082616,72.6768339574,90.5883680662,85.9158189428,218.5275355635,152.6115203699,100.1329523851
2019-03-21,150.1221516953,129.2862891895,37.7397241637,501.1009947544,36.7909573946,243.7709539673,71.2254825902,90.3955195436,86.7130323137,217.6197142070,153.4270397611,101.1435751652
2019-03-22,149.8621526544,133.6772565410,38.0105283672,508.0653533195,35.9206740559,242.5947080162,70.2681307420,89.9585973744,85.9355748282,217.9564818030,155.7578806298,101.1883770643
2019-03-25,152.6332667185,132.3482453847,37.2301195514,505.0267719926,36.7851011435,253.1758342761,71.1454165868,89.9310249390,85.2465872894,222.1245936513,156.3825863015,103.7094934238
2019-03-26,154.6319834193,131.4665283633,36.8882080117,506.5685816302,37.1832024641,251.1120421438,71.7263116380,91.5088604028,84.7444138261,221.2505288506,159.3122988257,102.0805254145
2019-03-27,152.4689674645,131.3932381569,37.0872328688,497.5792615825,38.4467360997,255.6647334741,72.4839188888,91.2347277657,83.5691780904,219.5389328672,156.0761385628,101.6536436610
2019-03-28,152.5876296170,131.8094232553,37.4339035054,497.8742897102,39.4817621909,259.0848773999,72.7824829833,91.4597357345,84.2123381958,214.3849726006,152.8218326016,102.6432774687
2019-03-29,152.2737612344,133.6074346672,37.2451320510,506.2359723866,38.5421874698,264.3332841871,70.8730117356,91.9497817152,84.0077873202,212.5732108632,157.8932351373,103.5875205639
2019-04-01,152.0185065101,132.3420036413,36.5869835702,502.5190077847,39.4535150828,272.1705125626,71.8244504233,91.5871055954,84.8536013169,215.2384935675,156.6503092504,105.9216567349
2019-04-02,150.4520912225,130.5655119220,37.0460195612,503.5938502280,39.5921262904,271.8135116050,71.8645882565,93.1728204595,85.7479933107,215.5364969495,154.8460129208,103.6200026619
2019-04-03,148.7582000893,134.7117968450,36.4519699562,503.3131089977,39.0612250473,272.0680085728,70.0316487151,94.8678226114,88.1734433741,215.9779840739,153.9570241130,102.1668477707
2019-04-04,149.2527202320,136.1545582880,36.7894730437,494.6789098815,38.5003646765,274.5011713209,69.2705856893,94.1329692123,87.4621554542,217.1854282986,154.2401892044,101.8165213982
2019-04-05,150.3348562117,136.1522704068,37.3427985308,487.8168877462,38.7781941141,274.5397823413,70.4200711250,91.8653990499,88.0594539455,218.4299979261,154.0654936166,102.0192902109
2019-04-08,149.0603643457,137.8495555565,37.8200793135,481.0696988043,39.0021060484,271.9330452469,69.9615341179,91.2414262820,86.6663956440,220.5216796942,159.0160116224,99.5629667710
2019-04-09,148.9678324358,135.1355907226,37.6150040428,485.5547039634,39.4402066696,268.0862850949,71.7134957112,90.8507759004,87.4892735769,224.1846788329,153.6528078453,99.3070719693
2019-04-10,150.3308667070,132.7561145916,38.0322054309,478.8787817891,39.4365655090,266.7627349239,71.6322825417,91.1359004179,87.3016771962,225.8860260744,150.2345989595,96.8168687127
2019-04-11,149.8635192014,134.0616636843,37.8806876306,489.3600635350,40.2069877065,266.1290082215,71.3555058831,89.9465724920,88.6133643514,219.7796706841,152.7324721441,95.7335058934
2019-04-12,146.0669675452,133.1313616907,37.6326483563,491.5523484365,40.5618958450,262.1530250282,73.9386160620,89.6619020506,90.3673550241,217.1452000522,149.9539724776,97.2033310305
2019-04-15,147.0720433232,135.0948291324,37.6763215697,491.8409615020,40.9652511804,261.4349426560,74.1161998252,90.0723563108,89.9107329943,218.9440838857,150.3697755135,98.3985084498
2019-04-16,143.9268467949,134.5433084413,37.6134424301,496.5204554686,41.1428019577,267.6991416718,73.8712214666,91.0514997403,93.1286064484,219.2165809005,151.9944348931,101.3275592938
2019-04-17,149.1973377583,132.7408710171,37.4505668854,508.8362685059,41.8744310563,265.4807135772,74.8738772650,89.9629061296,91.1511026792,219.9553106028,148.4900513113,99.0909245361
2019-04-18,150.8266706886,134.9106778157,38.4938301133,508.4196118166,41.5005499360,269.2011074790,75.3743818729,90.2648904864,91.9146335618,219.2031244818,148.1232830965,97.1106138914
2019-04-19,151.8817077927,136.7869011313,38.6347634149,518.6617747381,41.5825818186,261.9420178397,76.5816940280,89.7877468866,90.6277694239,216.7221506429,149.9171848941,97.0651196907
2019-04-22,153.8937181958,135.8993306400,38.8240663508,542.1760906927,42.9746325897,266.0007204330,76.3760672506,91.8896706459,89.9910647881,215.5794393506,150.8782757218,99.2512242531
2019-04-23,155.3719595156,132.5407406698,39.0296310782,525.0833043462,42.7721717402,268.9847001302,77.8768367389,91.4119924683,89.3965729947,216.0312326220,153.9100103774,97.7391787288
2019-04-24,157.6520455006,131.1655882103,38.9985664277,524.3819592143,43.2363345698,271.1836723395,78.0319916156,90.9346150600,90.1874814299,218.0045067786,153.5257947776,95.2100426434
2019-04-25,155.5103015019,132.8543676436,38.9447792375,539.3686213043,43.5182314498,273.7566267572,75.9388569241,91.7390699984,89.5920648362,220.0659550852,153.8093281039,96.4880093671
2019-04-26,157.6610836218,137.7163137564,38.8811453553,552.4987473398,42.8231164020,269.7750517042,77.9158010093,89.9736233764,91.7384983876,218.7980109961,155.2255541343,97.4382593270
2019-04-29,154.8746312421,138.9961564884,38.5624658888,570.1257286742,43.0932784144,277.6221557375,79.8979910544,89.8694745937,91.7966123825,220.0502857439,156.8923539511,95.2687582030
2019-04-30,156.8287321028,140.0265661123,39.3858859806,574.5936956794,43.5737738618,279.5832085942,81.3532760777,90.5322933949,92.0916664437,217.5021610472,156.2217185069,96.9201317688
2019-05-01,153.8060335016,140.6538042685,39.2186183168,573.7788155866,43.5804999950,287.0976706028,80.6340917080,88.6836065249,91.9665597427,215.4914258084,156.4501138831,96.7322373186
2019-05-02,151.9444732087,143.6081469730,38.5879987685,576.0442903486,43.8671325816,286.3508340889,80.6993395484,90.3038124859,91.7272064124,212.9379147748,160.7834584045,96.1217298485
2019-05-03,148.1722981513,143.2334423889,39.2051378369,578.2502765436,43.6080433738,284.0152761537,79.2276525629,90.5391513379,91.3256887309,212.7039792372,162.1434819566,95.9476050410
2019-05-06,149.4026819314,141.3657361491,39.3751801361,582.7985390144,43.7112237370,280.6869002670,80.0927306740,87.5167317635,89.4107657939,212.3378695068,164.4848192533,98.5681947103
2019-05-07,146.8618324377,141.0089382032,38.9663911199,595.9034095017,44.4002426562,284.6616175891,78.8325147321,85.7844860232,89.4308793408,218.2398298912,163.9712909889,98.8278329464
2019-05-08,146.9725504499,143.6721226259,39.0226882639,579.4485649366,44.1742807307,280.1900544668,80.0991880214,83.9099841268,88.3964390579,218.3751801970,162.3571456177,96.4485483111
2019-05-09,145.7472932647,149.7866661994,39.1720270594,584.2233826262,44.0528234216,283.5260441982,81.3461677582,84.0230279388,87.4116567333,214.5467614360,162.4350526859,96.9401218945
2019-05-10,144.1307491107,152.1297717563,39.2428668316,586.0613767259,44.1554679900,282.5760909267,80.5324428260,84.3492101535,88.7232239944,213.9283729092,161.8457766169,94.2229435774
2019-05-13,143.9511583682,151.7986531834,39.1470829964,586.3641524319,44.4031577339,280.0528489942,78.6991701736,84.9074335650,89.5629609393,211.2625818517,160.9503899549,91.5187919064
2019-05-14,142.4646431038,155.0187224882,38.4968852453,593.5127920592,43.7385118567,275.0161916840,76.3802123648,86.1601144061,89.8647055072,212.1584058975,159.1727471511,89.4473297152
2019-05-15,144.3103154754,162.6194066401,38.7379049763,584.8618701083,44.0475350454,271.6326493787,76.3098941954,88.1018687336,91.1302708663,209.7952861657,159.5112891313,89.0601681060
2019-05-16,144.2882832739,160.0917859352,39.4370090169,589.9456412899,44.6962835027,273.4237012002,77.1727592868,88.9031964631,90.4558270674,208.7398453540,161.8452002966,89.0870067268
2019-05-17,141.5068736224,158.3431634259,39.6308241088,588.3515868331,44.1448331815,268.0207455348,72.3065445871,90.5226032760,93.0787085320,210.9432612015,166.3012083177,85.9925024727
2019-05-20,141.3886446886,159.6795712031,39.5314903797,609.3380268686,44.9329237638,264.0707431193,72.2726419255,91.9867702539,91.3529996542,211.0130421505,166.9814660626,86.0185822901
2019-05-21,138.9165787246,161.1706342986,39.7975111703,648.8293773614,44.8932059530,264.5167748267,73.7183733416,90.2861957162,91.6307245203,207.5198559090,173.7931160403,83.0232839520
2019-05-22,138.7927883281,161.4018547079,39.1202491388,641.6941299403,44.7070784432,264.0619853321,73.9119049193,89.9899915797,92.6070261711,210.1448596920,173.9600592072,84.7625124432
2019-05-23,138.4427922880,165.1193119988,38.9772354978,630.8969098090,44.0210392550,270.9424891877,74.0930289461,90.3216799976,93.4397742978,210.9040500480,175.0798984126,85.3671713235
2019-05-24,138.9196692358,164.4432357184,38.7099097487,621.7760830316,45.1266472538,279.6510160402,75.5896952654,87.4788263300,93.8516948319,208.9490448372,175.2243249467,82.5926834880
2019-05-27,137.1862408122,162.4235079395,38.1358291493,625.6661403807,44.8612846629,285.8153563354,75.9860275573,87.5660422465,95.5996107407,210.6279972574,176.0874921994,81.3417628143
2019-05-28,139.4930201306,160.2176525255,38.1325852972,630.8295252306,44.2665178301,291.5222411771,78.3432838703,85.9146766355,97.3692269561,213.1384278106,179.9697334751,81.7633696966
2019-05-29,138.8686444663,163.1336417669,37.6034787589,629.3983546923,45.2306606569,292.7021930191,77.3745242164,89.1920911656,98.0382598078,210.2272673419,180.8661565525,79.7525859595
2019-05-30,139.0492039759,164.2458925296,37.3000259105,629.0719041009,46.2533693383,293.6406032219,77.4655045777,91.2326464099,98.2964968834,209.3709678847,181.8465356704,80.7686256694
2019-05-31,141.3880717592,166.9391806516,37.1950617628,619.1173724446,46.0619593496,290.4205454559,76.5726931080,91.2216546231,98.7725271740,211.4898697415,180.3625680883,81.5538504526
2019-06-03,142.3435798486,165.6996928730,37.2135884047,617.5434780226,45.7521904509,283.9942815434,76.7054926316,89.8145056438,97.4599482284,210.7788840400,177.3986444672,82.2892007845
2019-06-04,146.2916121247,168.3589943889,37.4003014177,619.5063580447,46.4379782175,281.5938363142,77.4656358448,91.2606716845,96.9426661895,213.6175294558,174.2793496755,81.9604034432
2019-06-05,148.1621089290,169.9954882430,37.5982328867,618.5883384199,45.6321341851,283.2220066996,77.7021821165,91.8324330335,96.1661338192,212.1202580556,176.7055313643,82.6733253376
2019-06-06,146.7162288341,171.2870037050,37.9710544357,617.4963605758,45.7418981937,282.0122013541,76.1251432814,94.0385962152,97.1671599169,211.7955546332,176.3607306154,80.2944776452
2019-06-07,146.9590239506,169.4523130380,37.9915959307,607.5361567263,45.7435208854,279.1363956699,76.6811699681,92.1934007376,96.7691883235,209.7511564825,170.6564403669,79.9306092881
2019-06-10,145.4982247786,173.7630707270,37.3594137814,613.2913484158,46.3752304345,274.8530111334,75.8157387613,92.1648426946,96.8439369682,213.0527559977,167.9260172251,79.8335055045
2019-06-11,148.3043743441,172.5544988561,36.5667939771,620.5391924184,45.4556231333,268.8403636807,77.5815786306,92.2523089069,96.3165185830,210.2144101723,165.9492785660,81.9499128868
2019-06-12,147.5057152188,174.6867399219,36.5486790304,640.0845684347,45.0838677959,270.3629665634,79.4254224646,91.1411412245,95.3374875426,212.1151898631,163.0857530728,80.3499199356
2019-06-13,148.2530351347,174.3144378714,37.0883563300,633.0918759778,45.8362427618,273.8486557353,79.1776000647,92.6654963797,93.1839055673,215.1291394936,160.2654703304,82.5371471249
2019-06-14,150.1440653059,176.7934044357,38.2556700619,607.5711641313,46.1468620442,273.7651709916,78.7664637945,93.7633302301,93.7569536483,215.5460162057,159.1751049942,82.1108709518
2019-06-17,149.9680416339,178.2938498680,37.4704629331,614.2097911687,45.8923434811,279.4930769869,77.4070313661,92.3015005453,95.7371886367,215.5209414986,163.3122156154,82.6001702862
2019-06-18,149.5922919074,176.4836482721,37.4504234142,605.0055448177,44.4516258987,275.0762249548,76.7929216258,93.6936832033,96.4283561981,214.5142361071,159.6483217886,83.1551675742
2019-06-19,152.3412629157,177.6728710316,37.1440894079,604.2558191397,45.6261201982,273.6487143426,77.3528062478,92.7071337766,93.4535183549,212.4982546939,160.4006680352,83.0857304539
2019-06-20,152.0789965735,174.6977203521,37.6908016838,600.3588041614,46.4432097223,269.9730097735,79.0077626853,90.9789566070,90.3985107744,213.3553577283,166.0684444604,83.6871623163
2019-06-21,154.1657129448,174.7512559974,38.1326045511,612.2338685473,47.4581237901,265.0405858110,77.9546885223,94.7590631074,91.3007479158,211.9790704358,167.6615306607,82.0268273569
2019-06-24,151.5897475032,174.7243774666,38.5211383493,619.2464578705,48.6387550491,261.3181234447,79.0155723117,94.8121976392,89.6058563723,214.3684758972,171.3552892350,78.1546579047
2019-06-25,153.8985722648,176.8304602384,38.2187238512,595.6757380476,46.5423814655,264.5415728161,79.1223345760,94.0110098110,91.0154027887,217.2435518410,169.1427348644,78.7944133516
2019-06-26,156.1100135399,172.1209370820,37.7054885710,574.9699919413,45.4650097952,264.3145437645,78.3851172922,93.0572020871,91.8476010206,215.2147496342,168.2293029103,80.7516768149
2019-06-27,153.9863665265,173.4135126887,37.4850610354,551.9595181494,45.4062629465,266.2024450069,77.5389847995,94.0702246113,92.8932307675,214.9805523554,162.7856775364,82.6113386121
2019-06-28,153.8697974408,177.0798421895,36.6611544342,545.6996375883,43.9557352054,269.5120162890,78.3159435345,93.6426587057,89.8930125731,216.7170749904,165.3681222010,80.8675136654
2019-07-01,154.3921733836,182.4343891409,36.2326290853,569.2863730159,43.7793389908,272.9939034441,79.3081943363,92.0722164792,90.0921784986,216.6284170196,165.3494311428,82.0222094099
2019-07-02,156.2960753152,183.6646096165,36.1684268602,588.9620306870,44.7537058704,273.2916920272,78.8463001412,90.8708718572,92.5624747109,214.3515841980,166.4326092379,79.7977202268
2019-07-03,157.4138753737,183.6847078317,37.0907356537,600.2678200800,45.6246086712,265.9780000256,75.6524770819,93.5700636158,92.0516099234,216.4339994538,167.3824095107,80.5483229251
2019-07-04,157.1867487390,184.3290423647,36.9156478378,614.3429700517,46.8087477714,263.9681972583,73.4947596741,93.3510171290,91.3535838106,215.1066882342,170.3206312539,81.1365467369
2019-07-05,161.8793981034,189.1059767768,37.0121748466,608.1524912656,48.2641893843,261.9824965132,74.6969040960,93.5622583632,92.8004551856,212.8052744085,167.2079831077,79.4928058625
2019-07-08,159.2688280142,191.9986130425,36.9638344589,627.1278391076,48.5009282135,254.4460213800,73.5260561200,92.9715429248,91.1374235966,211.5616701025,166.3391894102,81.6326607330
2019-07-09,160.2060200900,194.0043538769,37.0760797730,624.2900753179,48.3840647074,256.5238579416,73.2436159130,94.1458106782,89.8208137299,209.6500078754,170.1878484739,83.1386111546
2019-07-10,158.2386822404,196.0953069042,37.0204697354,622.1400363387,48.7818975384,251.8159332141,73.7032161164,92.9260105897,90.0341551151,214.4096354736,171.5916540931,82.0385341114
2019-07-11,158.4020138333,194.4552172262,36.7685063091,610.4793903155,48.4500994606,253.9149295069,72.5949342785,91.2952496710,88.7984078076,219.2029738324,170.9448936113,81.4896621959
2019-07-12,161.9371628592,189.9751782246,36.4858459527,623.5443999037,50.1864022806,249.9915805761,73.6238394588,92.1380011373,85.9423118508,216.5838592403,171.5814491514,81.9691809103
2019-07-15,164.1679018295,192.2571452527,37.1814473288,629.8354758460,51.0600248687,248.1665419239,75.1637447516,91.6884519095,87.1720207509,218.2727637342,172.8717066220,82.0845029099
2019-07-16,167.0641684360,188.7267985792,37.0857356195,621.1877524848,51.1738224809,250.7189225279,74.5497764553,92.9151820492,85.2745412541,214.7119569860,169.4935591366,84.4471255979
2019-07-17,167.6128094417,193.1758790403,37.2564937867,632.7993881553,50.5634744016,243.8240150696,72.6607680827,91.4778088487,84.2082410977,214.9170142040,171.8186379228,84.8857114204
2019-07-18,169.6157159547,188.6770359850,37.8874434144,608.4439756496,49.7781931412,246.2257906876,71.6377717339,92.2209163562,83.8168532005,212.3764501476,171.5675642245,85.1541587834
2019-07-19,172.1821452994,193.7588301708,37.1660224996,637.0688320174,49.1097117435,249.4875875423,70.8076736475,89.8734031627,85.4490644102,214.3302910821,172.2213634295,84.9659755165
2019-07-22,169.5884702526,195.9244775327,37.0874834571,643.5001766577,48.4614533128,248.4589518642,71.3020386993,88.3549332003,86.4099268777,215.7478238656,170.4046433873,82.3741895540
2019-07-23,169.0397919132,190.6677855049,36.5789853700,650.3804877834,49.2526147978,254.5687239733,71.5875165394,89.8123522040,84.7543864754,216.9615298484,169.6097314534,83.3693960612
2019-07-24,170.0628126236,193.1730711536,37.2585759405,653.4196293949,48.6526405736,255.7785061558,73.9784342987,87.8868365664,83.8981266780,221.5031445542,173.0727708204,80.1126327056
2019-07-25,170.8456657938,192.2667739847,37.8458811612,658.7088152745,50.0921200962,252.9120415712,74.9627824000,89.6784729340,82.9969910043,221.9680033447,172.2976111176,79.2722527206
2019-07-26,170.6399259633,194.7408616795,37.4175775730,650.0732354260,50.6416917322,255.3600436537,72.3264518851,87.3580044405,80.5711496927,228.2197991759,172.9554075013,77.8330738061
2019-07-29,170.4482799185,196.0512176884,37.3157242922,648.2873208327,50.9874536045,251.2854380228,71.0859575374,88.9518028435,79.9285065053,227.2242300334,177.4288129385,78.9582341013
2019-07-30,171.5458905221,194.3508103642,37.0918342597,625.0795567121,49.1544783944,244.4925374347,71.0204181599,89.8751717427,80.2734777130,226.8353221958,176.0238373937,76.7241768779
2019-07-31,170.6421435658,191.4655624129,36.8927704132,607.1412369455,49.6583307286,237.7968708717,70.5967547710,90.1892230183,81.3957231880,224.3617717594,176.9042482744,75.1386546222
2019-08-01,172.2461741911,193.9515040157,37.5413871847,614.1641604915,49.8416959783,238.1494521102,69.0044231613,89.6208026778,81.5526557541,224.0173436939,176.6979789550,75.0434101100
2019-08-02,172.9759912560,194.3567991574,37.4658052894,617.8086400261,50.4804850288,232.3759601261,68.9805291980,87.9483439894,82.3862414358,226.4464353108,177.3942817493,74.5080936243
2019-08-05,173.2015528907,193.5545470248,37.1680252580,617.2493120361,49.8250781192,236.6446574826,67.9142607903,86.5288674358,81.7228623924,231.4553238508,182.9945005042,73.7028541766
2019-08-06,171.6511556419,194.4060170353,37.7279436766,614.8700319476,50.5129884682,239.3352863593,66.8553870377,87.0031953247,79.9005880797,231.4905967781,182.6818488798,72.4706825283
2019-08-07,172.2778683565,191.3562276574,37.8015121269,613.6638143266,50.1760355666,235.6790891751,66.3786394584,85.7316897957,79.6733156938,230.7352328980,180.2590929250,73.4485570209
2019-08-08,171.6307685240,188.1080959125,37.1811173143,627.3385726210,49.9720047074,236.8318419238,66.9682429015,85.8112447260,79.4899453160,231.2307238131,182.5706875355,74.5340305449
2019-08-09,174.2251131988,191.3431464082,37.2274213079,611.4317370035,51.3234347069,246.7122078386,64.9224545112,85.9196150432,80.5280800811,227.1663094733,184.3046270973,76.3392913779
2019-08-12,176.2735277549,187.7341094016,36.6900687586,612.2417321906,51.9549291197,248.9665711289,63.2346806013,86.4009392221,80.6314095412,227.4910596032,182.7500581199,77.8089068020
2019-08-13,175.6013550728,185.0500459004,36.4833295407,625.6705914521,52.3129207742,247.8212876174,63.2813882264,88.6268348483,80.9337791798,227.7769294321,178.5759803125,73.7740623300
2019-08-14,175.5933675197,180.2679106947,37.4508253988,609.0387581625,52.8675848615,254.0917346039,62.2158602281,87.8201787407,80.1315038973,224.0238736785,177.1079980006,69.9223995331
2019-08-15,173.4749321601,176.9249061830,37.1909059861,641.5731937368,52.5933050688,251.7952024143,61.0987471955,86.1100682863,80.8199351979,223.1026765895,170.3277580104,70.6739960948
2019-08-16,175.7347178298,175.5379924629,36.8962808731,622.2304828539,52.7951358301,247.5142686501,60.4632424204,85.9356433293,80.4110100571,222.0279888717,178.3967081758,69.6732793562
2019-08-19,178.1160795346,174.3511309429,36.6497458960,625.0662028043,53.5447527518,244.3461438690,61.4458970916,86.9862291462,80.8136740838,222.0052454361,169.7091061164,68.7814220816
2019-08-20,178.7483996279,172.9885016117,37.5217063063,620.1912105770,54.7605874335,246.0829586311,61.4789124294,86.1689926380,81.2723964682,222.4259768532,169.7472000471,69.7846812038
2019-08-21,179.5751732993,174.9485560094,37.5617193763,614.4435845155,53.1827758785,243.9771970158,62.5230858417,86.5023943616,82.1723617656,221.0482143688,172.2103076895,69.7936131229
2019-08-22,181.4352051320,176.1795087119,38.4586722478,607.8818872649,52.6100775220,238.5531175203,62.7987453822,87.8788101993,82.7104420822,219.9112426805,170.7972080435,72.6757281616
2019-08-23,182.2423484965,175.5092137716,37.6752457378,594.2602173795,52.8320320106,238.4537643946,61.1432215847,86.3037806803,84.0834416531,218.6181211187,166.7063244815,72.3431276881
2019-08-26,184.6571077275,174.2291077659,37.0535848653,601.5167963418,52.5467134907,242.6344963390,61.8431542064,86.8104264513,84.8688335913,221.9009665591,167.4487694900,73.3930350236
2019-08-27,185.6292268017,175.8290324420,37.0280079885,596.8092151926,53.6209185466,237.2214382121,61.6999475714,89.5306301119,84.4338603706,221.8892137545,170.2798871645,73.7043509056
2019-08-28,187.9706741910,176.2232897979,36.7488197366,603.3490941431,54.0773495084,236.3163232399,60.9603982830,90.6558982051,86.2155378925,223.7065929858,171.5256507523,73.0928679567
2019-08-29,184.8644124802,174.7487433031,37.1508703438,605.4116321259,54.5966636066,239.4460339302,59.5670607606,89.7524085923,84.8730782308,220.9806079947,174.0860264724,72.1703100763
2019-08-30,184.1400360223,178.5166529570,36.2678399666,591.2545857976,54.6232625849,240.8226579365,61.1971115941,88.3134732681,84.2005058849,217.2699965342,172.2716059697,69.4118703567
